unique_key,created_date,complaint_type,descriptor,status,agency,agency_name,incident_zip,city,borough,street_name,latitude,longitude,location
70102325,2026-08-18T01:48:16.000,Damaged Tree,Tree Alive - in Poor Condition,In Progress,DPR,Department of Parks and Recreation,10452.0,BRONX,BRONX,WEST 163 STREET,40.83214495820546,-73.9293393689272,POINT (-73.929339368927 40.832144958205)
70100358,2026-08-18T01:41:39.000,Street Condition,Cave-in,In Progress,DOT,Department of Transportation,10013.0,,MANHATTAN,6 AVENUE,40.7229781473266,-74.00505798904624,POINT (-74.005057989046 40.722978147327)
70099851,2026-08-18T01:08:14.000,Dirty Condition,Trash,In Progress,DSNY,Department of Sanitation,10065.0,NEW YORK,MANHATTAN,EAST 64 STREET,40.76238002573501,-73.958819061364,POINT (-73.958819061364 40.762380025735)
70101542,2026-08-18T00:57:37.000,Water Maintenance,Fire Hydrant Running Full,In Progress,DEP,Department of Environmental Protection,11691.0,FAR ROCKAWAY,QUEENS,NAMEOKE AVENUE,40.60782690726845,-73.75274776407169,POINT (-73.752747764072 40.607826907268)
70094577,2026-08-18T00:53:01.000,Water Maintenance,Fire Hydrant Running,In Progress,DEP,Department of Environmental Protection,11220.0,BROOKLYN,BROOKLYN,61 STREET,40.639519330775215,-74.01777450300101,POINT (-74.017774503001 40.639519330775)
70097782,2026-08-18T00:50:00.000,Street Light Condition,Street Light Out,Open,DOT,Department of Transportation,11691.0,FAR ROCKAWAY,QUEENS,BEACH   22 STREET,40.59943801609722,-73.75624662515791,POINT (-73.756246625158 40.599438016097)
70098548,2026-08-18T00:47:00.000,Traffic Signal Condition,Controller,Open,DOT,Department of Transportation,11221.0,BROOKLYN,BROOKLYN,,40.68910298741162,-73.94505746759266,POINT (-73.945057467593 40.689102987412)
70094984,2026-08-18T00:46:00.000,Street Light Condition,Street Light Out,Open,DOT,Department of Transportation,10302.0,STATEN ISLAND,STATEN ISLAND,,40.6338992214576,-74.13774175381523,POINT (-74.137741753815 40.633899221458)
70091787,2026-08-18T00:44:17.000,Sewer Maintenance,Catch Basin Clogged,In Progress,DEP,Department of Environmental Protection,11204.0,BROOKLYN,BROOKLYN,17 AVENUE,40.62939121197443,-73.9832081115384,POINT (-73.983208111538 40.629391211974)
70097783,2026-08-18T00:43:00.000,Street Light Condition,Street Light Lamp Dim,Open,DOT,Department of Transportation,11375.0,FOREST HILLS,QUEENS,108 STREET,40.73397777758245,-73.85012595139597,POINT (-73.850125951396 40.733977777582)
70093399,2026-08-18T00:35:46.000,Street Condition,Blocked - Construction,In Progress,DOT,Department of Transportation,10454.0,BRONX,BRONX,ALEXANDER AVENUE,40.808908815253446,-73.92599371078327,POINT (-73.925993710783 40.808908815253)
70100973,2026-08-18T00:32:32.000,Damaged Tree,Branch or Limb Has Fallen Down,In Progress,DPR,Department of Parks and Recreation,11427.0,,QUEENS,86 ROAD,40.724340398806085,-73.76185086102042,POINT (-73.76185086102 40.724340398806)
70092160,2026-08-18T00:30:07.000,Sidewalk Condition,Broken Sidewalk,In Progress,DOT,Department of Transportation,10022.0,NEW YORK,MANHATTAN,EAST 54 STREET,40.75787329571007,-73.96788551750294,POINT (-73.967885517503 40.75787329571)
70093149,2026-08-18T00:28:42.000,Water Maintenance,Fire Hydrant Running Full,In Progress,DEP,Department of Environmental Protection,11216.0,,BROOKLYN,MADISON STREET,,,
70097777,2026-08-18T00:28:00.000,Street Light Condition,Street Light Out,Open,DOT,Department of Transportation,10472.0,BRONX,BRONX,EAST  172 STREET,40.83116394628403,-73.88116799362258,POINT (-73.881167993623 40.831163946284)
70096442,2026-08-18T00:21:00.000,Street Light Condition,Street Light Out,Open,DOT,Department of Transportation,10029.0,NEW YORK,MANHATTAN,EAST  111 STREET,40.79638209079991,-73.94616800349056,POINT (-73.946168003491 40.7963820908)
70098691,2026-08-18T00:15:43.000,Water Maintenance,Dirty Water,In Progress,DEP,Department of Environmental Protection,10025.0,NEW YORK,MANHATTAN,WEST 107 STREET,40.80188763516674,-73.96702991704478,POINT (-73.967029917045 40.801887635167)
70097120,2026-08-18T00:13:48.000,Illegal Dumping,Removal Request,In Progress,DSNY,Department of Sanitation,10465.0,BRONX,BRONX,FAIRMOUNT AVENUE,40.83639503924012,-73.81956056030671,POINT (-73.819560560307 40.83639503924)
70098144,2026-08-18T00:08:22.000,Damaged Tree,Branch or Limb Has Fallen Down,In Progress,DPR,Department of Parks and Recreation,11229.0,BROOKLYN,BROOKLYN,EAST 26 STREET,40.59627155828905,-73.94496821383059,POINT (-73.944968213831 40.596271558289)
70098714,2026-08-18T00:06:46.000,Sewer Maintenance,Catch Basin Sunken,In Progress,DEP,Department of Environmental Protection,10013.0,,MANHATTAN,6 AVENUE,40.722253490440224,-74.00591294857915,POINT (-74.005912948579 40.72225349044)
70101375,2026-08-18T00:04:10.000,Street Condition,Pothole,Open,DOT,Department of Transportation,11691.0,QUEENS,QUEENS,AUGUSTINA AVENUE,,,
70093429,2026-08-18T00:01:15.000,Street Condition,Cave-in,In Progress,DOT,Department of Transportation,11373.0,,QUEENS,ANKENER AVENUE,40.73388582655899,-73.88468996994405,POINT (-73.884689969944 40.733885826559)
70095801,2026-08-18T00:01:00.000,Traffic Signal Condition,Controller,Open,DOT,Department of Transportation,10303.0,STATEN ISLAND,STATEN ISLAND,,40.62491266759044,-74.14670038715856,POINT (-74.146700387159 40.62491266759)
70095047,2026-08-17T23:59:30.000,WATER LEAK,SLOW LEAK,Open,HPD,Department of Housing Preservation and Development,11203.0,BROOKLYN,BROOKLYN,NEW YORK AVENUE,40.64660340264543,-73.94622758784209,POINT (-73.946227587842 40.646603402645)
70102012,2026-08-17T23:58:06.000,WATER LEAK,SLOW LEAK,Open,HPD,Department of Housing Preservation and Development,11377.0,WOODSIDE,QUEENS,53 STREET,40.74539621456417,-73.91133268876624,POINT (-73.911332688766 40.745396214564)
70099145,2026-08-17T23:57:00.000,Street Light Condition,Street Light Cycling,Open,DOT,Department of Transportation,11235.0,BROOKLYN,BROOKLYN,,40.586670205401575,-73.96614967980308,POINT (-73.966149679803 40.586670205402)
70097885,2026-08-17T23:55:37.000,UNSANITARY CONDITION,PESTS,Open,HPD,Department of Housing Preservation and Development,11209.0,BROOKLYN,BROOKLYN,4 AVENUE,40.63201932039683,-74.02457094829289,POINT (-74.024570948293 40.632019320397)
70093695,2026-08-17T23:55:37.000,UNSANITARY CONDITION,PESTS,Open,HPD,Department of Housing Preservation and Development,11209.0,BROOKLYN,BROOKLYN,4 AVENUE,40.63201932039683,-74.02457094829289,POINT (-74.024570948293 40.632019320397)
70099234,2026-08-17T23:55:37.000,UNSANITARY CONDITION,PESTS,Open,HPD,Department of Housing Preservation and Development,11209.0,BROOKLYN,BROOKLYN,4 AVENUE,40.63201932039683,-74.02457094829289,POINT (-74.024570948293 40.632019320397)
70097760,2026-08-17T23:55:30.000,Sidewalk Condition,Broken Sidewalk,In Progress,DOT,Department of Transportation,11201.0,BROOKLYN,BROOKLYN,JAY STREET,40.694497883540905,-73.98719815185564,POINT (-73.987198151856 40.694497883541)
70099247,2026-08-17T23:55:30.000,UNSANITARY CONDITION,PESTS,Open,HPD,Department of Housing Preservation and Development,11205.0,BROOKLYN,BROOKLYN,WILLOUGHBY AVENUE,40.69168478720541,-73.97300907274183,POINT (-73.973009072742 40.691684787205)
70096582,2026-08-17T23:55:18.000,UNSANITARY CONDITION,MOLD,Open,HPD,Department of Housing Preservation and Development,10466.0,BRONX,BRONX,EAST  223 STREET,40.88600130183341,-73.8599818920305,POINT (-73.85998189203 40.886001301833)
70095738,2026-08-17T23:52:06.000,Dirty Condition,Trash,In Progress,DSNY,Department of Sanitation,11235.0,BROOKLYN,BROOKLYN,DESMOND COURT,40.59111693278253,-73.95826217332942,POINT (-73.958262173329 40.591116932783)
70096433,2026-08-17T23:51:00.000,Street Light Condition,Street Light Out,Open,DOT,Department of Transportation,10011.0,MANHATTAN,MANHATTAN,WEST   16 STREET,,,
70102107,2026-08-17T23:49:07.000,UNSANITARY CONDITION,GARBAGE/RECYCLING STORAGE,Open,HPD,Department of Housing Preservation and Development,11101.0,LONG ISLAND CITY,QUEENS,51 AVENUE,40.74241106624203,-73.95630888924859,POINT (-73.956308889249 40.742411066242)
70098176,2026-08-17T23:48:44.000,Damaged Tree,Branch or Limb Has Fallen Down,In Progress,DPR,Department of Parks and Recreation,11415.0,KEW GARDENS,QUEENS,124 STREET,40.70347643696246,-73.82747626012376,POINT (-73.827476260124 40.703476436962)
70098947,2026-08-17T23:46:13.000,Street Condition,Plate Condition - Noisy,In Progress,DOT,Department of Transportation,11230.0,BROOKLYN,BROOKLYN,EAST 2 STREET,40.61469090942215,-73.9729969821638,POINT (-73.972996982164 40.614690909422)
70100619,2026-08-17T23:43:19.000,WATER LEAK,HEAVY FLOW,Open,HPD,Department of Housing Preservation and Development,11237.0,BROOKLYN,BROOKLYN,ELDERT STREET,40.693573911065066,-73.90632420763075,POINT (-73.906324207631 40.693573911065)
70099972,2026-08-17T23:35:00.000,Traffic Signal Condition,Controller,Open,DOT,Department of Transportation,10303.0,STATEN ISLAND,STATEN ISLAND,,40.62491266759044,-74.14670038715856,POINT (-74.146700387159 40.62491266759)
70093689,2026-08-17T23:34:33.000,UNSANITARY CONDITION,PESTS,Open,HPD,Department of Housing Preservation and Development,11104.0,SUNNYSIDE,QUEENS,44 STREET,40.74192279105516,-73.9208318614094,POINT (-73.920831861409 40.741922791055)
70094823,2026-08-17T23:34:12.000,Street Condition,Plate Condition - Noisy,In Progress,DOT,Department of Transportation,11233.0,BROOKLYN,BROOKLYN,ATLANTIC AVENUE,40.6770078289357,-73.9229674966491,POINT (-73.922967496649 40.677007828936)
70099962,2026-08-17T23:33:00.000,Traffic Signal Condition,APS,Open,DOT,Department of Transportation,10303.0,STATEN ISLAND,STATEN ISLAND,,40.62491266759044,-74.14670038715856,POINT (-74.146700387159 40.62491266759)
70098565,2026-08-17T23:33:00.000,Traffic Signal Condition,Veh Signal Lamp,Open,DOT,Department of Transportation,11210.0,BROOKLYN,BROOKLYN,,40.62854019479645,-73.9530330256245,POINT (-73.953033025624 40.628540194796)
70101303,2026-08-17T23:32:11.000,Illegal Dumping,Removal Request,In Progress,DSNY,Department of Sanitation,11694.0,FAR ROCKAWAY,QUEENS,BEACH 112 STREET,40.5798348114986,-73.833184799543,POINT (-73.833184799543 40.579834811499)
70096435,2026-08-17T23:32:00.000,Street Light Condition,Street Light Out,Open,DOT,Department of Transportation,10458.0,BRONX,BRONX,,40.875743000241904,-73.88342424960511,POINT (-73.883424249605 40.875743000242)
70099133,2026-08-17T23:28:00.000,Street Light Condition,Street Light Out,Open,DOT,Department of Transportation,10458.0,BRONX,BRONX,,40.87394794768687,-73.88340208551921,POINT (-73.883402085519 40.873947947687)
70097781,2026-08-17T23:26:00.000,Street Light Condition,Street Light Out,Open,DOT,Department of Transportation,11359.0,BAYSIDE,QUEENS,MURRAY AVENUE,40.79313956214911,-73.77792516542496,POINT (-73.777925165425 40.793139562149)
70094306,2026-08-17T23:25:59.000,Dirty Condition,Trash,In Progress,DSNY,Department of Sanitation,11103.0,ASTORIA,QUEENS,30 ROAD,40.76068678518188,-73.91078892152852,POINT (-73.910788921529 40.760686785182)
70096252,2026-08-17T23:22:41.000,Street Condition,Plate Condition - Noisy,In Progress,DOT,Department of Transportation,11233.0,BROOKLYN,BROOKLYN,ATLANTIC AVENUE,40.6770078289357,-73.9229674966491,POINT (-73.922967496649 40.677007828936)
70097349,2026-08-17T23:20:21.000,Water Maintenance,Fire Hydrant Running,In Progress,DEP,Department of Environmental Protection,11225.0,BROOKLYN,BROOKLYN,RUTLAND ROAD,40.65947789215499,-73.94944662865485,POINT (-73.949446628655 40.659477892155)
70096812,2026-08-17T23:16:56.000,Damaged Tree,Tree Alive - in Poor Condition,In Progress,DPR,Department of Parks and Recreation,11104.0,SUNNYSIDE,QUEENS,46 STREET,40.7481786293699,-73.91770258878559,POINT (-73.917702588786 40.74817862937)
70099139,2026-08-17T23:16:00.000,Street Light Condition,Street Light Out,Open,DOT,Department of Transportation,,,BROOKLYN,24 ST E,,,
70101780,2026-08-17T23:15:56.000,Street Condition,Cave-in,In Progress,DOT,Department of Transportation,10468.0,BRONX,BRONX,WEST KINGSBRIDGE ROAD,40.86945427504164,-73.90355995424228,POINT (-73.903559954242 40.869454275042)
70092903,2026-08-17T23:15:29.000,Illegal Dumping,Removal Request,In Progress,DSNY,Department of Sanitation,11369.0,EAST ELMHURST,QUEENS,94 STREET,40.76577609991753,-73.87582631509524,POINT (-73.875826315095 40.765776099918)
70097314,2026-08-17T23:14:45.000,Sewer Maintenance,Catch Basin Search,In Progress,DEP,Department of Environmental Protection,11249.0,BROOKLYN,BROOKLYN,BEDFORD AVENUE,40.71609006262426,-73.95961241441118,POINT (-73.959612414411 40.716090062624)
70098576,2026-08-17T23:13:00.000,Traffic Signal Condition,Ped Multiple Lamps,Open,DOT,Department of Transportation,10463.0,BRONX,BRONX,,40.87892448779634,-73.90478656028658,POINT (-73.904786560287 40.878924487796)
70096515,2026-08-17T23:09:04.000,WATER LEAK,HEAVY FLOW,Open,HPD,Department of Housing Preservation and Development,10468.0,BRONX,BRONX,DAVIDSON AVENUE,40.86722705569687,-73.89887023480846,POINT (-73.898870234808 40.867227055697)
70094594,2026-08-17T23:06:24.000,Sewer Maintenance,Catch Basin Clogged,In Progress,DEP,Department of Environmental Protection,11378.0,,QUEENS,56 AVENUE,40.72507115471292,-73.9042884220636,POINT (-73.904288422064 40.725071154713)
70092291,2026-08-17T23:05:45.000,UNSANITARY CONDITION,PESTS,Open,HPD,Department of Housing Preservation and Development,11224.0,BROOKLYN,BROOKLYN,MERMAID AVENUE,40.57598928164313,-73.99047504549893,POINT (-73.990475045499 40.575989281643)
70101336,2026-08-17T23:04:38.000,Illegal Dumping,Chronic Dumping,In Progress,DSNY,Department of Sanitation,11223.0,BROOKLYN,BROOKLYN,1 COURT,40.60461991549987,-73.96207110997634,POINT (-73.962071109976 40.6046199155)
70093440,2026-08-17T23:04:36.000,Sidewalk Condition,Dumpster - Construction Waste,In Progress,DOT,Department of Transportation,10305.0,STATEN ISLAND,STATEN ISLAND,HYLAN BOULEVARD,40.59854375669357,-74.0793510301603,POINT (-74.07935103016 40.598543756694)
70093014,2026-08-17T23:03:00.000,Traffic Signal Condition,Veh Signal Lamp,Closed,DOT,Department of Transportation,11230.0,BROOKLYN,BROOKLYN,,40.61222688596051,-73.96570811715316,POINT (-73.965708117153 40.612226885961)
70102072,2026-08-17T23:02:42.000,UNSANITARY CONDITION,PESTS,Open,HPD,Department of Housing Preservation and Development,10025.0,NEW YORK,MANHATTAN,COLUMBUS AVENUE,40.80025026870104,-73.9621185662699,POINT (-73.96211856627 40.800250268701)
70092303,2026-08-17T23:01:49.000,UNSANITARY CONDITION,MOLD,Open,HPD,Department of Housing Preservation and Development,10025.0,NEW YORK,MANHATTAN,COLUMBUS AVENUE,40.80025026870104,-73.9621185662699,POINT (-73.96211856627 40.800250268701)
70093709,2026-08-17T23:01:49.000,UNSANITARY CONDITION,PESTS,Open,HPD,Department of Housing Preservation and Development,10025.0,NEW YORK,MANHATTAN,COLUMBUS AVENUE,40.80025026870104,-73.9621185662699,POINT (-73.96211856627 40.800250268701)
70097585,2026-08-17T23:01:48.000,Sidewalk Condition,Dumpster - Construction Waste,In Progress,DOT,Department of Transportation,10305.0,STATEN ISLAND,STATEN ISLAND,HYLAN BOULEVARD,40.59854375669357,-74.0793510301603,POINT (-74.07935103016 40.598543756694)
70095078,2026-08-17T23:00:01.000,UNSANITARY CONDITION,PESTS,Open,HPD,Department of Housing Preservation and Development,10463.0,BRONX,BRONX,HEATH AVENUE,40.87762640571195,-73.90170027928347,POINT (-73.901700279283 40.877626405712)
70093653,2026-08-17T23:00:01.000,WATER LEAK,SLOW LEAK,Open,HPD,Department of Housing Preservation and Development,10463.0,BRONX,BRONX,HEATH AVENUE,40.87762640571195,-73.90170027928347,POINT (-73.901700279283 40.877626405712)
70097863,2026-08-17T23:00:01.000,UNSANITARY CONDITION,PESTS,Open,HPD,Department of Housing Preservation and Development,10463.0,BRONX,BRONX,HEATH AVENUE,40.87762640571195,-73.90170027928347,POINT (-73.901700279283 40.877626405712)
70102029,2026-08-17T22:59:20.000,UNSANITARY CONDITION,SEWAGE,Open,HPD,Department of Housing Preservation and Development,11206.0,BROOKLYN,BROOKLYN,CENTRAL AVENUE,40.70043028075924,-73.9292986507771,POINT (-73.929298650777 40.700430280759)
70096555,2026-08-17T22:59:20.000,UNSANITARY CONDITION,PESTS,Open,HPD,Department of Housing Preservation and Development,11206.0,BROOKLYN,BROOKLYN,CENTRAL AVENUE,40.70043028075924,-73.9292986507771,POINT (-73.929298650777 40.700430280759)
70093664,2026-08-17T22:59:20.000,WATER LEAK,HEAVY FLOW,Open,HPD,Department of Housing Preservation and Development,11206.0,BROOKLYN,BROOKLYN,CENTRAL AVENUE,40.70043028075924,-73.9292986507771,POINT (-73.929298650777 40.700430280759)
70100690,2026-08-17T22:59:20.000,UNSANITARY CONDITION,MOLD,Open,HPD,Department of Housing Preservation and Development,11206.0,BROOKLYN,BROOKLYN,CENTRAL AVENUE,40.70043028075924,-73.9292986507771,POINT (-73.929298650777 40.700430280759)
70099142,2026-08-17T22:59:00.000,Street Light Condition,Street Light Out,Open,DOT,Department of Transportation,11366.0,FRESH MEADOWS,QUEENS,162 STREET,40.72749084460407,-73.80700753761462,POINT (-73.807007537615 40.727490844604)
70093718,2026-08-17T22:55:23.000,UNSANITARY CONDITION,PESTS,Open,HPD,Department of Housing Preservation and Development,11224.0,BROOKLYN,BROOKLYN,WEST   24 STREET,40.57432596069376,-73.99084604833183,POINT (-73.990846048332 40.574325960694)
70100610,2026-08-17T22:52:54.000,WATER LEAK,SLOW LEAK,Open,HPD,Department of Housing Preservation and Development,10029.0,NEW YORK,MANHATTAN,EAST  111 STREET,40.797228382444864,-73.9481646003152,POINT (-73.948164600315 40.797228382445)
70097147,2026-08-17T22:50:45.000,Dirty Condition,Trash,In Progress,DSNY,Department of Sanitation,11249.0,BROOKLYN,BROOKLYN,NORTH 6 STREET,40.72007653272768,-73.96281349306962,POINT (-73.96281349307 40.720076532728)
70093708,2026-08-17T22:47:04.000,UNSANITARY CONDITION,PESTS,Open,HPD,Department of Housing Preservation and Development,10021.0,NEW YORK,MANHATTAN,EAST   73 STREET,40.76915616970797,-73.9571108581545,POINT (-73.957110858154 40.769156169708)
70095328,2026-08-17T22:46:49.000,Damaged Tree,Tree Alive - in Poor Condition,In Progress,DPR,Department of Parks and Recreation,11212.0,BROOKLYN,BROOKLYN,NEWPORT STREET,40.65916309151905,-73.91031557443544,POINT (-73.910315574435 40.659163091519)
70101382,2026-08-17T22:43:00.000,Traffic Signal Condition,Controller,Open,DOT,Department of Transportation,10303.0,STATEN ISLAND,STATEN ISLAND,,40.6371447127289,-74.16016309064139,POINT (-74.160163090641 40.637144712729)
70094333,2026-08-17T22:42:00.000,Illegal Dumping,Removal Request,In Progress,DSNY,Department of Sanitation,11214.0,BROOKLYN,BROOKLYN,81 STREET,40.61132895110753,-74.00171439095294,POINT (-74.001714390953 40.611328951108)
70093584,2026-08-17T22:41:06.000,Sidewalk Condition,Sidewalk Violation,In Progress,DOT,Department of Transportation,11414.0,HOWARD BEACH,QUEENS,103 STREET,40.66130534887516,-73.83095541071582,POINT (-73.830955410716 40.661305348875)
70100584,2026-08-17T22:40:46.000,UNSANITARY CONDITION,SEWAGE,Open,HPD,Department of Housing Preservation and Development,11372.0,JACKSON HEIGHTS,QUEENS,80 STREET,40.74922491106065,-73.88609984907838,POINT (-73.886099849078 40.749224911061)
70101960,2026-08-17T22:39:00.000,Street Light Condition,Street Light Out,Open,DOT,Department of Transportation,11218.0,BROOKLYN,BROOKLYN,MC DONALD AVENUE,40.63372155648661,-73.97772345335677,POINT (-73.977723453357 40.633721556487)
70094985,2026-08-17T22:39:00.000,Street Light Condition,Street Light Out,Open,DOT,Department of Transportation,11372.0,QUEENS,QUEENS,,40.75480699445773,-73.8748108584922,POINT (-73.874810858492 40.754806994458)
70097776,2026-08-17T22:35:00.000,Street Light Condition,Street Light Out,Open,DOT,Department of Transportation,10453.0,BRONX,BRONX,HARRISON AVENUE,40.85280013042004,-73.91126903676994,POINT (-73.91126903677 40.85280013042)
70093687,2026-08-17T22:34:40.000,UNSANITARY CONDITION,PESTS,Open,HPD,Department of Housing Preservation and Development,11435.0,JAMAICA,QUEENS,143 STREET,40.70749157173203,-73.81311415301096,POINT (-73.813114153011 40.707491571732)
70100548,2026-08-17T22:34:00.000,Street Light Condition,Street Light Out,Open,DOT,Department of Transportation,11223.0,BROOKLYN,BROOKLYN,KINGS HIGHWAY,40.60450959915365,-73.96953305394563,POINT (-73.969533053946 40.604509599154)
70093418,2026-08-17T22:30:03.000,Street Condition,Blocked - Construction,In Progress,DOT,Department of Transportation,10010.0,,MANHATTAN,EAST 22 STREET,40.73952289028916,-73.98685029320727,POINT (-73.986850293207 40.739522890289)
70092175,2026-08-17T22:30:00.000,Street Light Condition,Street Light Out,Open,DOT,Department of Transportation,10031.0,NEW YORK,MANHATTAN,WEST  150 STREET,40.82895390099254,-73.94658971824167,POINT (-73.946589718242 40.828953900993)
70097119,2026-08-17T22:29:25.000,Illegal Dumping,Removal Request,In Progress,DSNY,Department of Sanitation,11367.0,FLUSHING,QUEENS,63 AVENUE,40.740250591203065,-73.83105102194008,POINT (-73.83105102194 40.740250591203)
70097828,2026-08-17T22:26:54.000,WATER LEAK,SLOW LEAK,Open,HPD,Department of Housing Preservation and Development,10452.0,BRONX,BRONX,OGDEN AVENUE,40.84184449838968,-73.92458008252996,POINT (-73.92458008253 40.84184449839)
70095742,2026-08-17T22:26:25.000,Dirty Condition,Trash,In Progress,DSNY,Department of Sanitation,11221.0,BROOKLYN,BROOKLYN,WILLOUGHBY AVENUE,40.69786470192175,-73.93057801502643,POINT (-73.930578015026 40.697864701922)
70101374,2026-08-17T22:26:20.000,Street Condition,Pothole,Open,DOT,Department of Transportation,11420.0,QUEENS,QUEENS,126 STREET,,,
70093411,2026-08-17T22:26:12.000,Street Condition,Cave-in,In Progress,DOT,Department of Transportation,11211.0,,BROOKLYN,BEDFORD AVENUE,40.70953429053792,-73.96402770860279,POINT (-73.964027708603 40.709534290538)
70102049,2026-08-17T22:25:50.000,UNSANITARY CONDITION,PESTS,Open,HPD,Department of Housing Preservation and Development,11232.0,BROOKLYN,BROOKLYN,40 STREET,40.65129569836895,-74.00548501288445,POINT (-74.005485012884 40.651295698369)
70094992,2026-08-17T22:24:00.000,Street Light Condition,Street Light Out,Open,DOT,Department of Transportation,10467.0,BRONX,BRONX,OLINVILLE AVENUE,40.87431304997016,-73.86815676822707,POINT (-73.868156768227 40.87431304997)
70102048,2026-08-17T22:23:09.000,UNSANITARY CONDITION,PESTS,Open,HPD,Department of Housing Preservation and Development,10040.0,NEW YORK,MANHATTAN,WADSWORTH TERRACE,40.856941442167965,-73.93065056109972,POINT (-73.9306505611 40.856941442168)
70093426,2026-08-17T22:22:30.000,Street Condition,Cave-in,In Progress,DOT,Department of Transportation,11420.0,SOUTH OZONE PARK,QUEENS,129 STREET,40.66529960223709,-73.81188785595637,POINT (-73.811887855956 40.665299602237)
70102023,2026-08-17T22:22:29.000,WATER LEAK,HEAVY FLOW,Open,HPD,Department of Housing Preservation and Development,11221.0,BROOKLYN,BROOKLYN,CORNELIA STREET,40.693795202937046,-73.91196747190396,POINT (-73.911967471904 40.693795202937)
70102010,2026-08-17T22:22:29.000,WATER LEAK,SLOW LEAK,Open,HPD,Department of Housing Preservation and Development,11221.0,BROOKLYN,BROOKLYN,CORNELIA STREET,40.693795202937046,-73.91196747190396,POINT (-73.911967471904 40.693795202937)
70098700,2026-08-17T22:22:09.000,Water Maintenance,Fire Hydrant Running,In Progress,DEP,Department of Environmental Protection,11369.0,,QUEENS,ASTORIA BOULEVARD,40.76074897156825,-73.86242548324492,POINT (-73.862425483245 40.760748971568)
70093181,2026-08-17T22:21:01.000,Sewer Maintenance,Catch Basin Clogged,In Progress,DEP,Department of Environmental Protection,10304.0,,STATEN ISLAND,JACKSON STREET,40.63079220048479,-74.07956230384178,POINT (-74.079562303842 40.630792200485)
70091601,2026-08-17T22:21:00.000,Traffic Signal Condition,Controller,Open,DOT,Department of Transportation,10473.0,BRONX,BRONX,,40.82408344966783,-73.84289897999196,POINT (-73.842898979992 40.824083449668)
70098492,2026-08-17T22:20:55.000,Dirty Condition,Trash,In Progress,DSNY,Department of Sanitation,10019.0,NEW YORK,MANHATTAN,WEST 49 STREET,40.76338609191518,-73.990639570203,POINT (-73.990639570203 40.763386091915)
70095060,2026-08-17T22:19:45.000,UNSANITARY CONDITION,SEWAGE,Open,HPD,Department of Housing Preservation and Development,10457.0,BRONX,BRONX,CROTONA AVENUE,40.845813736459135,-73.89077409368731,POINT (-73.890774093687 40.845813736459)
70097918,2026-08-17T22:19:45.000,UNSANITARY CONDITION,GARBAGE/RECYCLING STORAGE,Open,HPD,Department of Housing Preservation and Development,10457.0,BRONX,BRONX,CROTONA AVENUE,40.845813736459135,-73.89077409368731,POINT (-73.890774093687 40.845813736459)
70097827,2026-08-17T22:19:45.000,WATER LEAK,SLOW LEAK,Open,HPD,Department of Housing Preservation and Development,10457.0,BRONX,BRONX,CROTONA AVENUE,40.845813736459135,-73.89077409368731,POINT (-73.890774093687 40.845813736459)
70100702,2026-08-17T22:19:45.000,UNSANITARY CONDITION,GARBAGE/RECYCLING STORAGE,Open,HPD,Department of Housing Preservation and Development,10457.0,BRONX,BRONX,CROTONA AVENUE,40.845813736459135,-73.89077409368731,POINT (-73.890774093687 40.845813736459)
70092187,2026-08-17T22:19:00.000,Street Light Condition,Fixture/Luminaire Damaged,Open,DOT,Department of Transportation,10308.0,STATEN ISLAND,STATEN ISLAND,HOWTON AVENUE,40.5568850687875,-74.15123296695107,POINT (-74.151232966951 40.556885068788)
70096257,2026-08-17T22:17:46.000,Street Condition,Defective Hardware,In Progress,DOT,Department of Transportation,11433.0,JAMAICA,QUEENS,167 STREET,40.69490897796814,-73.78600205361991,POINT (-73.78600205362 40.694908977968)
70101361,2026-08-17T22:17:26.000,Street Condition,Pothole,Closed,DOT,Department of Transportation,10462.0,BRONX,BRONX,,40.84522234470851,-73.86611811453585,POINT (-73.866118114536 40.845222344709)
70091582,2026-08-17T22:17:26.000,Street Condition,Pothole,Closed,DOT,Department of Transportation,10462.0,BRONX,BRONX,,40.84522234470851,-73.86611811453585,POINT (-73.866118114536 40.845222344709)
70091583,2026-08-17T22:17:26.000,Street Condition,Pothole,Closed,DOT,Department of Transportation,10462.0,BRONX,BRONX,,40.84522234470851,-73.86611811453585,POINT (-73.866118114536 40.845222344709)
70101360,2026-08-17T22:17:26.000,Street Condition,Pothole,Closed,DOT,Department of Transportation,10462.0,BRONX,BRONX,,40.84522234470851,-73.86611811453585,POINT (-73.866118114536 40.845222344709)
70091750,2026-08-17T22:17:20.000,Water Maintenance,No Water,Closed,DEP,Department of Environmental Protection,11423.0,HOLLIS,QUEENS,187 STREET,40.71400225381164,-73.77482329768047,POINT (-73.77482329768 40.714002253812)
70100139,2026-08-17T22:17:15.000,Sewer Maintenance,Catch Basin Clogged,In Progress,DEP,Department of Environmental Protection,11434.0,JAMAICA,QUEENS,144 AVENUE,40.669169639834415,-73.77233594295367,POINT (-73.772335942954 40.669169639834)
70102022,2026-08-17T22:16:43.000,WATER LEAK,HEAVY FLOW,Open,HPD,Department of Housing Preservation and Development,11419.0,SOUTH RICHMOND HILL,QUEENS,107 AVENUE,40.68394056770645,-73.82479015995013,POINT (-73.82479015995 40.683940567706)
70092909,2026-08-17T22:16:17.000,Illegal Dumping,Removal Request,In Progress,DSNY,Department of Sanitation,11221.0,BROOKLYN,BROOKLYN,WILLOUGHBY AVENUE,40.69786470192175,-73.93057801502643,POINT (-73.930578015026 40.697864701922)
70094564,2026-08-17T22:12:01.000,Water Maintenance,Low Pressure,In Progress,DEP,Department of Environmental Protection,11217.0,BROOKLYN,BROOKLYN,WYCKOFF STREET,40.683749082208216,-73.98487822626744,POINT (-73.984878226267 40.683749082208)
70094423,2026-08-17T22:11:00.000,Traffic Signal Condition,Controller,Open,DOT,Department of Transportation,11106.0,QUEENS,QUEENS,,40.75454926650701,-73.93029876628202,POINT (-73.930298766282 40.754549266507)
70101381,2026-08-17T22:10:00.000,Traffic Signal Condition,Underground,Open,DOT,Department of Transportation,11419.0,QUEENS,QUEENS,,40.69453156072846,-73.82587663246629,POINT (-73.825876632466 40.694531560728)
70095800,2026-08-17T22:10:00.000,Traffic Signal Condition,Underground,Open,DOT,Department of Transportation,,,MANHATTAN,,,,
70092991,2026-08-17T22:10:00.000,Traffic Signal Condition,Underground,Open,DOT,Department of Transportation,10454.0,BRONX,BRONX,,40.811350448522326,-73.92419197724695,POINT (-73.924191977247 40.811350448522)
70094421,2026-08-17T22:10:00.000,Traffic Signal Condition,Underground,Open,DOT,Department of Transportation,10032.0,MANHATTAN,MANHATTAN,,40.832765951135706,-73.94582417811704,POINT (-73.945824178117 40.832765951136)
70097198,2026-08-17T22:10:00.000,Traffic Signal Condition,Underground,Open,DOT,Department of Transportation,11226.0,BROOKLYN,BROOKLYN,,40.64242381497732,-73.96174694057026,POINT (-73.96174694057 40.642423814977)
70098547,2026-08-17T22:10:00.000,Traffic Signal Condition,Underground,Open,DOT,Department of Transportation,10463.0,BRONX,BRONX,,40.872619836537766,-73.90467626613614,POINT (-73.904676266136 40.872619836538)
70097775,2026-08-17T22:09:00.000,Street Light Condition,Street Light Out,Open,DOT,Department of Transportation,10469.0,BRONX,BRONX,TILLOTSON AVENUE,40.87725451672268,-73.84332660556154,POINT (-73.843326605562 40.877254516723)
70097139,2026-08-17T22:07:31.000,Dirty Condition,Trash,In Progress,DSNY,Department of Sanitation,11211.0,BROOKLYN,BROOKLYN,POWERS STREET,40.71320693421533,-73.93846173282817,POINT (-73.938461732828 40.713206934215)
70095127,2026-08-17T22:07:30.000,UNSANITARY CONDITION,GARBAGE/RECYCLING STORAGE,Open,HPD,Department of Housing Preservation and Development,10039.0,NEW YORK,MANHATTAN,WEST  151 STREET,40.82670514968023,-73.93936126970723,POINT (-73.939361269707 40.82670514968)
70093662,2026-08-17T22:03:45.000,WATER LEAK,HEAVY FLOW,Open,HPD,Department of Housing Preservation and Development,10452.0,BRONX,BRONX,EDWARD L GRANT HIGHWAY,40.83802776288399,-73.92218837001181,POINT (-73.922188370012 40.838027762884)
70097761,2026-08-17T22:03:45.000,Sidewalk Condition,Broken Sidewalk,In Progress,DOT,Department of Transportation,11226.0,BROOKLYN,BROOKLYN,CHURCH AVENUE,40.65064954611973,-73.95326972630163,POINT (-73.953269726302 40.65064954612)
70100661,2026-08-17T22:02:53.000,UNSANITARY CONDITION,PESTS,Open,HPD,Department of Housing Preservation and Development,11237.0,BROOKLYN,BROOKLYN,HART STREET,40.7008714204968,-73.9237946632983,POINT (-73.923794663298 40.700871420497)
70095983,2026-08-17T22:02:27.000,Sewer Maintenance,Catch Basin Clogged,In Progress,DEP,Department of Environmental Protection,11222.0,,BROOKLYN,BAYARD STREET,40.719009537386526,-73.95018068961288,POINT (-73.950180689613 40.719009537387)
70095743,2026-08-17T22:01:45.000,Dirty Condition,Trash,In Progress,DSNY,Department of Sanitation,10011.0,NEW YORK,MANHATTAN,WEST 23 STREET,40.74493351981207,-73.99760730965676,POINT (-73.997607309657 40.744933519812)
70095057,2026-08-17T21:59:51.000,WATER LEAK,HEAVY FLOW,Open,HPD,Department of Housing Preservation and Development,10026.0,NEW YORK,MANHATTAN,WEST  119 STREET,40.80339249060073,-73.94695698594334,POINT (-73.946956985943 40.803392490601)
70095121,2026-08-17T21:59:51.000,UNSANITARY CONDITION,MOLD,Open,HPD,Department of Housing Preservation and Development,10026.0,NEW YORK,MANHATTAN,WEST  119 STREET,40.80339249060073,-73.94695698594334,POINT (-73.946956985943 40.803392490601)
70096450,2026-08-17T21:59:00.000,Street Light Condition,Street Light Out,Open,DOT,Department of Transportation,11373.0,ELMHURST,QUEENS,46 AVENUE,40.74011303027179,-73.88963383655269,POINT (-73.889633836553 40.740113030272)
70095812,2026-08-17T21:57:00.000,Traffic Signal Condition,Controller,Closed,DOT,Department of Transportation,10475.0,BRONX,BRONX,,40.87846546757464,-73.82827338291027,POINT (-73.82827338291 40.878465467575)
70095956,2026-08-17T21:56:55.000,Water Maintenance,Fire Hydrant Running Full,In Progress,DEP,Department of Environmental Protection,10455.0,,BRONX,BECK STREET,40.81724493919248,-73.8977864776242,POINT (-73.897786477624 40.817244939192)
70100545,2026-08-17T21:56:00.000,Street Light Condition,Street Light Out,Open,DOT,Department of Transportation,10453.0,BRONX,BRONX,CRESTON AVENUE,40.85501102352651,-73.90279647227902,POINT (-73.902796472279 40.855011023527)
70101364,2026-08-17T21:55:45.000,Street Condition,Pothole,Open,DOT,Department of Transportation,11238.0,BROOKLYN,BROOKLYN,,40.67920428144961,-73.95529393829852,POINT (-73.955293938299 40.67920428145)
70092869,2026-08-17T21:54:46.000,Dirty Condition,Trash,In Progress,DSNY,Department of Sanitation,10024.0,NEW YORK,MANHATTAN,AMSTERDAM AVENUE,40.78919776878578,-73.97390125201348,POINT (-73.973901252013 40.789197768786)
70095056,2026-08-17T21:54:21.000,WATER LEAK,HEAVY FLOW,Open,HPD,Department of Housing Preservation and Development,10458.0,BRONX,BRONX,EAST  197 STREET,40.86572600232724,-73.88733925672294,POINT (-73.887339256723 40.865726002327)
70100348,2026-08-17T21:52:41.000,Street Condition,Cave-in,In Progress,DOT,Department of Transportation,11215.0,BROOKLYN,BROOKLYN,4 AVENUE,40.67128267911037,-73.98793079746352,POINT (-73.987930797464 40.67128267911)
70095723,2026-08-17T21:52:21.000,Illegal Dumping,Removal Request,In Progress,DSNY,Department of Sanitation,11217.0,BROOKLYN,BROOKLYN,FORT GREENE PLACE,40.686673600725946,-73.97649063195334,POINT (-73.976490631953 40.686673600726)
70101307,2026-08-17T21:48:07.000,Illegal Dumping,Removal Request,In Progress,DSNY,Department of Sanitation,11221.0,BROOKLYN,BROOKLYN,DEKALB AVENUE,40.69267967702125,-73.94006734368253,POINT (-73.940067343683 40.692679677021)
70092992,2026-08-17T21:48:00.000,Traffic Signal Condition,Controller,Open,DOT,Department of Transportation,11215.0,BROOKLYN,BROOKLYN,,40.65659214813155,-73.98402300086067,POINT (-73.984023000861 40.656592148132)
70097367,2026-08-17T21:47:12.000,Sewer Maintenance,Catch Basin Clogged,In Progress,DEP,Department of Environmental Protection,10023.0,NEW YORK,MANHATTAN,AMSTERDAM AVENUE,40.77913151259593,-73.98123499543658,POINT (-73.981234995437 40.779131512596)
70093417,2026-08-17T21:46:12.000,Street Condition,Blocked - Construction,In Progress,DOT,Department of Transportation,10017.0,NEW YORK,MANHATTAN,EAST 48 STREET,40.7550310038263,-73.9727957148376,POINT (-73.972795714838 40.755031003826)
70099216,2026-08-17T21:45:25.000,WATER LEAK,HEAVY FLOW,Open,HPD,Department of Housing Preservation and Development,10453.0,BRONX,BRONX,MORRIS AVENUE,40.8536433678374,-73.90514085166684,POINT (-73.905140851667 40.853643367837)
70098177,2026-08-17T21:45:15.000,Damaged Tree,Branch Cracked and Will Fall,In Progress,DPR,Department of Parks and Recreation,11362.0,,QUEENS,61 AVENUE,,,
70095679,2026-08-17T21:43:08.000,Dirty Condition,Trash,In Progress,DSNY,Department of Sanitation,10025.0,NEW YORK,MANHATTAN,WEST 109 STREET,40.80279837410404,-73.96529208341731,POINT (-73.965292083417 40.802798374104)
70097187,2026-08-17T21:42:42.000,Street Condition,Pothole,Closed,DOT,Department of Transportation,11221.0,BROOKLYN,BROOKLYN,QUINCY STREET,,,
70099550,2026-08-17T21:42:13.000,Damaged Tree,Branch or Limb Has Fallen Down,In Progress,DPR,Department of Parks and Recreation,11362.0,,QUEENS,61 AVENUE,,,
70102077,2026-08-17T21:38:57.000,UNSANITARY CONDITION,PESTS,Open,HPD,Department of Housing Preservation and Development,11209.0,BROOKLYN,BROOKLYN,4 AVENUE,40.625620628184855,-74.027183959043,POINT (-74.027183959043 40.625620628185)
70093737,2026-08-17T21:38:31.000,UNSANITARY CONDITION,GARBAGE/RECYCLING STORAGE,Open,HPD,Department of Housing Preservation and Development,11214.0,BROOKLYN,BROOKLYN,CROPSEY AVENUE,40.593992710802645,-73.99480415152976,POINT (-73.99480415153 40.593992710803)
70093950,2026-08-17T21:35:37.000,Damaged Tree,Entire Tree Has Fallen Down,In Progress,DPR,Department of Parks and Recreation,10468.0,BRONX,BRONX,WEST FORDHAM ROAD,40.86275037462681,-73.90864914415869,POINT (-73.908649144159 40.862750374627)
70092263,2026-08-17T21:33:09.000,UNSANITARY CONDITION,PESTS,Open,HPD,Department of Housing Preservation and Development,10461.0,BRONX,BRONX,MULFORD AVENUE,40.84624453273178,-73.83520944260606,POINT (-73.835209442606 40.846244532732)
70100540,2026-08-17T21:33:00.000,Street Light Condition,Street Light Out,Open,DOT,Department of Transportation,10462.0,BRONX,BRONX,,40.83795285280072,-73.85144571207452,POINT (-73.851445712075 40.837952852801)
70099551,2026-08-17T21:32:24.000,Damaged Tree,Branch or Limb Has Fallen Down,In Progress,DPR,Department of Parks and Recreation,11426.0,BELLEROSE,QUEENS,COMMONWEALTH BOULEVARD,40.73910163507444,-73.72370588630059,POINT (-73.723705886301 40.739101635074)
70091602,2026-08-17T21:32:00.000,Traffic Signal Condition,Controller,Closed,DOT,Department of Transportation,10457.0,BRONX,BRONX,,40.85025265851498,-73.90069249909143,POINT (-73.900692499091 40.850252658515)
70102721,2026-08-17T21:31:24.000,Dirty Condition,Trash,In Progress,DSNY,Department of Sanitation,11419.0,SOUTH RICHMOND HILL,QUEENS,101 AVENUE,40.687618847636976,-73.83424208569384,POINT (-73.834242085694 40.687618847637)
70101567,2026-08-17T21:30:27.000,Sewer Maintenance,Catch Basin Sunken,In Progress,DEP,Department of Environmental Protection,11377.0,WOODSIDE,QUEENS,69 STREET,40.73380050238052,-73.89596961414173,POINT (-73.895969614142 40.733800502381)
70092307,2026-08-17T21:29:58.000,UNSANITARY CONDITION,MOLD,Open,HPD,Department of Housing Preservation and Development,10036.0,NEW YORK,MANHATTAN,WEST   48 STREET,40.76394075066936,-73.9939389539171,POINT (-73.993938953917 40.763940750669)
70093396,2026-08-17T21:27:39.000,Street Condition,Line/Marking - Faded,In Progress,DOT,Department of Transportation,11422.0,ROSEDALE,QUEENS,MERRICK BOULEVARD,40.67431464211016,-73.7357016097339,POINT (-73.735701609734 40.67431464211)
70099137,2026-08-17T21:26:00.000,Street Light Condition,Street Light Out,Open,DOT,Department of Transportation,10019.0,NEW YORK,MANHATTAN,10 AVENUE,40.76415473489274,-73.99218451046113,POINT (-73.992184510461 40.764154734893)
70099123,2026-08-17T21:25:39.000,Sidewalk Condition,Sidewalk Violation,In Progress,DOT,Department of Transportation,11420.0,SOUTH OZONE PARK,QUEENS,109 AVENUE,40.68155504127045,-73.82458370538646,POINT (-73.824583705386 40.68155504127)
70101274,2026-08-17T21:24:10.000,Dirty Condition,Trash,In Progress,DSNY,Department of Sanitation,11203.0,BROOKLYN,BROOKLYN,NEW YORK AVENUE,40.64501408006168,-73.94603067724773,POINT (-73.946030677248 40.645014080062)
70098710,2026-08-17T21:22:12.000,Sewer Maintenance,Manhole Overflow,Closed,DEP,Department of Environmental Protection,11219.0,BROOKLYN,BROOKLYN,56 STREET,40.63047927220531,-73.99514716962142,POINT (-73.995147169621 40.630479272205)
70092183,2026-08-17T21:21:00.000,Street Light Condition,Street Light Out,Open,DOT,Department of Transportation,10302.0,STATEN ISLAND,STATEN ISLAND,DECKER AVENUE,40.62687115353442,-74.13890526828196,POINT (-74.138905268282 40.626871153534)
70095726,2026-08-17T21:20:37.000,Illegal Dumping,Removal Request,In Progress,DSNY,Department of Sanitation,10306.0,STATEN ISLAND,STATEN ISLAND,MORLEY AVENUE,40.57557420609442,-74.12648028617762,POINT (-74.126480286178 40.575574206094)
70100547,2026-08-17T21:20:00.000,Street Light Condition,Street Light Out,Open,DOT,Department of Transportation,11230.0,BROOKLYN,BROOKLYN,EAST   18 STREET,40.61211928366654,-73.95601598516747,POINT (-73.956015985167 40.612119283667)
70094347,2026-08-17T21:17:05.000,Dirty Condition,Trash,In Progress,DSNY,Department of Sanitation,11429.0,QUEENS VILLAGE,QUEENS,SPRINGFIELD BOULEVARD,40.70380424180996,-73.74037435691584,POINT (-73.740374356916 40.70380424181)
70097115,2026-08-17T21:16:53.000,Illegal Dumping,Removal Request,In Progress,DSNY,Department of Sanitation,11372.0,JACKSON HEIGHTS,QUEENS,94 STREET,40.75589857186708,-73.87404720624843,POINT (-73.874047206248 40.755898571867)
70094822,2026-08-17T21:15:38.000,Street Condition,Defective Hardware,In Progress,DOT,Department of Transportation,10002.0,NEW YORK,MANHATTAN,HESTER STREET,40.71706043846444,-73.99475848390549,POINT (-73.994758483905 40.717060438464)
70094328,2026-08-17T21:15:20.000,Illegal Dumping,Removal Request,In Progress,DSNY,Department of Sanitation,11420.0,SOUTH OZONE PARK,QUEENS,109 AVENUE,40.68155504127045,-73.82458370538646,POINT (-73.824583705386 40.68155504127)
70099245,2026-08-17T21:15:03.000,UNSANITARY CONDITION,PESTS,Open,HPD,Department of Housing Preservation and Development,11226.0,BROOKLYN,BROOKLYN,DITMAS AVENUE,40.64028658064196,-73.95669644425827,POINT (-73.956696444258 40.640286580642)
70098499,2026-08-17T21:13:33.000,Dirty Condition,Trash,In Progress,DSNY,Department of Sanitation,11216.0,BROOKLYN,BROOKLYN,MARCY AVENUE,40.68052341355902,-73.9462939773549,POINT (-73.946293977355 40.680523413559)
70092178,2026-08-17T21:13:00.000,Street Light Condition,Street Light Out,Open,DOT,Department of Transportation,11208.0,BROOKLYN,BROOKLYN,CLEVELAND STREET,40.66036846371436,-73.87795804471654,POINT (-73.877958044717 40.660368463714)
70096814,2026-08-17T21:11:31.000,Damaged Tree,Branch or Limb Has Fallen Down,In Progress,DPR,Department of Parks and Recreation,11372.0,JACKSON HEIGHTS,QUEENS,75 STREET,40.75169196284789,-73.89128573731169,POINT (-73.891285737312 40.751691962848)
70098483,2026-08-17T21:11:24.000,Dirty Condition,Trash,In Progress,DSNY,Department of Sanitation,10011.0,NEW YORK,MANHATTAN,7 AVENUE,40.740377246790814,-73.99834002671055,POINT (-73.998340026711 40.740377246791)
70092182,2026-08-17T21:11:00.000,Street Light Condition,Street Light Out,Open,DOT,Department of Transportation,10309.0,STATEN ISLAND,STATEN ISLAND,WIRT AVENUE,40.54726959818814,-74.219490971006,POINT (-74.219490971006 40.547269598188)
70092901,2026-08-17T21:10:36.000,Illegal Dumping,Removal Request,In Progress,DSNY,Department of Sanitation,11372.0,JACKSON HEIGHTS,QUEENS,82 STREET,40.75462292785195,-73.88518826596733,POINT (-73.885188265967 40.754622927852)
70095745,2026-08-17T21:10:11.000,Dirty Condition,Trash,In Progress,DSNY,Department of Sanitation,10473.0,BRONX,BRONX,STORY AVENUE,40.82606243421373,-73.84495749633138,POINT (-73.844957496331 40.826062434214)
70101805,2026-08-17T21:10:11.000,Street Condition,Cave-in,In Progress,DOT,Department of Transportation,11369.0,EAST ELMHURST,QUEENS,86 STREET,40.7602605917034,-73.8824207236513,POINT (-73.882420723651 40.760260591703)
70092237,2026-08-17T21:07:54.000,WATER LEAK,SLOW LEAK,Open,HPD,Department of Housing Preservation and Development,10128.0,NEW YORK,MANHATTAN,EAST   87 STREET,40.779150777086215,-73.95269209717328,POINT (-73.952692097173 40.779150777086)
70100697,2026-08-17T21:07:54.000,UNSANITARY CONDITION,MOLD,Open,HPD,Department of Housing Preservation and Development,10128.0,NEW YORK,MANHATTAN,EAST   87 STREET,40.779150777086215,-73.95269209717328,POINT (-73.952692097173 40.779150777086)
70093147,2026-08-17T21:06:57.000,Water Maintenance,Fire Hydrant Running Full,In Progress,DEP,Department of Environmental Protection,10472.0,BRONX,BRONX,WESTCHESTER AVENUE,40.83182857572089,-73.86648835789974,POINT (-73.8664883579 40.831828575721)
70092978,2026-08-17T21:06:44.000,Street Condition,Pothole,Open,DOT,Department of Transportation,11368.0,QUEENS,QUEENS,41 AVENUE,,,
70101963,2026-08-17T21:06:00.000,Street Light Condition,Street Light Out,Open,DOT,Department of Transportation,11103.0,ASTORIA,QUEENS,36 STREET,40.76889345112752,-73.91425092588409,POINT (-73.914250925884 40.768893451128)
70092236,2026-08-17T21:05:01.000,WATER LEAK,SLOW LEAK,Open,HPD,Department of Housing Preservation and Development,11235.0,BROOKLYN,BROOKLYN,OCEAN AVENUE,40.58688072415202,-73.94902633915798,POINT (-73.949026339158 40.586880724152)
70091996,2026-08-17T21:04:48.000,Street Condition,Defective Hardware,In Progress,DOT,Department of Transportation,10013.0,,MANHATTAN,GRAND STREET,40.72084008972866,-74.0006601870905,POINT (-74.00066018709 40.720840089729)
70095681,2026-08-17T21:03:32.000,Dirty Condition,Trash,In Progress,DSNY,Department of Sanitation,10301.0,STATEN ISLAND,STATEN ISLAND,PROSPECT AVENUE,40.64020033897137,-74.08844105002949,POINT (-74.088441050029 40.640200338971)
70098558,2026-08-17T21:02:00.000,Traffic Signal Condition,Controller,Closed,DOT,Department of Transportation,11203.0,BROOKLYN,BROOKLYN,,40.65160586028889,-73.93329659317037,POINT (-73.93329659317 40.651605860289)
70095120,2026-08-17T21:01:58.000,UNSANITARY CONDITION,MOLD,Open,HPD,Department of Housing Preservation and Development,10019.0,NEW YORK,MANHATTAN,BROADWAY,40.76034977218626,-73.98471283716431,POINT (-73.984712837164 40.760349772186)
70098533,2026-08-17T21:01:44.000,Street Condition,Pothole,Open,DOT,Department of Transportation,11221.0,BROOKLYN,BROOKLYN,QUINCY STREET,,,
70100970,2026-08-17T20:59:55.000,Damaged Tree,Branch or Limb Has Fallen Down,In Progress,DPR,Department of Parks and Recreation,11426.0,BELLEROSE,QUEENS,COMMONWEALTH BOULEVARD,40.73921427322249,-73.7237487223209,POINT (-73.723748722321 40.739214273222)
70096516,2026-08-17T20:55:39.000,WATER LEAK,HEAVY FLOW,Open,HPD,Department of Housing Preservation and Development,10458.0,BRONX,BRONX,EAST  195 STREET,40.86491540345369,-73.88923148335466,POINT (-73.889231483355 40.864915403454)
70100535,2026-08-17T20:55:00.000,Street Light Condition,Traffic Signal Light,Assigned,DOT,Department of Transportation,10065.0,MANHATTAN,MANHATTAN,,40.76676987990434,-73.97118443967818,POINT (-73.971184439678 40.766769879904)
70092156,2026-08-17T20:54:27.000,Sidewalk Condition,Broken Sidewalk,In Progress,DOT,Department of Transportation,10024.0,NEW YORK,MANHATTAN,WEST 89 STREET,40.79034537909131,-73.97532006117136,POINT (-73.975320061171 40.790345379091)
70093690,2026-08-17T20:52:59.000,UNSANITARY CONDITION,PESTS,Open,HPD,Department of Housing Preservation and Development,11216.0,BROOKLYN,BROOKLYN,BEDFORD AVENUE,40.67042643344076,-73.9551484180808,POINT (-73.955148418081 40.670426433441)
70100611,2026-08-17T20:52:56.000,WATER LEAK,SLOW LEAK,Open,HPD,Department of Housing Preservation and Development,11226.0,BROOKLYN,BROOKLYN,EAST   17 STREET,40.63550135755606,-73.9614302446875,POINT (-73.961430244687 40.635501357556)
70095820,2026-08-17T20:50:00.000,Traffic Signal Condition,Pedestrian Signal,Closed,DOT,Department of Transportation,11203.0,BROOKLYN,BROOKLYN,,40.65164646357137,-73.93232351597865,POINT (-73.932323515979 40.651646463571)
70101533,2026-08-17T20:48:49.000,Water Maintenance,Water Main Break,Closed,DEP,Department of Environmental Protection,11413.0,,QUEENS,137 AVENUE,40.67407968239266,-73.74593371860354,POINT (-73.745933718604 40.674079682393)
70099963,2026-08-17T20:48:00.000,Traffic Signal Condition,Controller,Open,DOT,Department of Transportation,11368.0,QUEENS,QUEENS,,40.74356996682814,-73.86274966224592,POINT (-73.862749662246 40.743569966828)
70099282,2026-08-17T20:46:54.000,UNSANITARY CONDITION,GARBAGE/RECYCLING STORAGE,Open,HPD,Department of Housing Preservation and Development,11206.0,BROOKLYN,BROOKLYN,JEFFERSON STREET,40.70171451954295,-73.92879237236949,POINT (-73.928792372369 40.701714519543)
70093710,2026-08-17T20:46:54.000,UNSANITARY CONDITION,PESTS,Open,HPD,Department of Housing Preservation and Development,11206.0,BROOKLYN,BROOKLYN,JEFFERSON STREET,40.70171451954295,-73.92879237236949,POINT (-73.928792372369 40.701714519543)
70100648,2026-08-17T20:46:54.000,UNSANITARY CONDITION,PESTS,Open,HPD,Department of Housing Preservation and Development,11206.0,BROOKLYN,BROOKLYN,JEFFERSON STREET,40.70171451954295,-73.92879237236949,POINT (-73.928792372369 40.701714519543)
70096536,2026-08-17T20:43:42.000,UNSANITARY CONDITION,PESTS,Open,HPD,Department of Housing Preservation and Development,10458.0,BRONX,BRONX,BELMONT AVENUE,40.854255297561686,-73.8867297078156,POINT (-73.886729707816 40.854255297562)
70096820,2026-08-17T20:43:12.000,Damaged Tree,Tree Leaning/Uprooted,In Progress,DPR,Department of Parks and Recreation,10305.0,STATEN ISLAND,STATEN ISLAND,A AUSTEN HOUSE,40.61514341399028,-74.06303268624185,POINT (-74.063032686242 40.61514341399)
70102118,2026-08-17T20:40:27.000,UNSANITARY CONDITION,GARBAGE/RECYCLING STORAGE,Open,HPD,Department of Housing Preservation and Development,10031.0,NEW YORK,MANHATTAN,AMSTERDAM AVENUE,40.82724922529948,-73.94614303121817,POINT (-73.946143031218 40.827249225299)
70092309,2026-08-17T20:40:23.000,UNSANITARY CONDITION,GARBAGE/RECYCLING STORAGE,Open,HPD,Department of Housing Preservation and Development,11206.0,BROOKLYN,BROOKLYN,JEFFERSON STREET,40.70171451954295,-73.92879237236949,POINT (-73.928792372369 40.701714519543)
70096788,2026-08-17T20:40:10.000,Damaged Tree,Tree Alive - in Poor Condition,In Progress,DPR,Department of Parks and Recreation,11222.0,BROOKLYN,BROOKLYN,ENGERT AVENUE,40.72162590015212,-73.94546357068454,POINT (-73.945463570685 40.721625900152)
70092176,2026-08-17T20:39:00.000,Street Light Condition,Street Light Out,Open,DOT,Department of Transportation,10455.0,BRONX,BRONX,HEWITT PLACE,40.81810918802938,-73.90053814572936,POINT (-73.900538145729 40.818109188029)
70095791,2026-08-17T20:38:59.000,Street Condition,Pothole,Open,DOT,Department of Transportation,11419.0,QUEENS,QUEENS,95 AVENUE,,,
70099205,2026-08-17T20:37:24.000,WATER LEAK,SLOW LEAK,Open,HPD,Department of Housing Preservation and Development,11691.0,FAR ROCKAWAY,QUEENS,BEACH   20 STREET,40.60282410849591,-73.75320563941824,POINT (-73.753205639418 40.602824108496)
70093652,2026-08-17T20:37:21.000,WATER LEAK,SLOW LEAK,Open,HPD,Department of Housing Preservation and Development,10036.0,NEW YORK,MANHATTAN,WEST   47 STREET,40.76225809386797,-73.99183818999764,POINT (-73.991838189998 40.762258093868)
70093733,2026-08-17T20:37:21.000,UNSANITARY CONDITION,MOLD,Open,HPD,Department of Housing Preservation and Development,10036.0,NEW YORK,MANHATTAN,WEST   47 STREET,40.76225809386797,-73.99183818999764,POINT (-73.991838189998 40.762258093868)
70099243,2026-08-17T20:37:21.000,UNSANITARY CONDITION,PESTS,Open,HPD,Department of Housing Preservation and Development,10036.0,NEW YORK,MANHATTAN,WEST   47 STREET,40.76225809386797,-73.99183818999764,POINT (-73.991838189998 40.762258093868)
70094555,2026-08-17T20:36:42.000,Sewer Maintenance,Catch Basin Search,In Progress,DEP,Department of Environmental Protection,11230.0,BROOKLYN,BROOKLYN,AVENUE N,40.61595392704127,-73.95645289169468,POINT (-73.956452891695 40.615953927041)
70101543,2026-08-17T20:35:06.000,Water Maintenance,Fire Hydrant Running Full,In Progress,DEP,Department of Environmental Protection,10452.0,BRONX,BRONX,MCCLELLAN STREET,40.83402844719414,-73.92178831086304,POINT (-73.921788310863 40.834028447194)
70100553,2026-08-17T20:34:00.000,Street Light Condition,Street Light Dayburning,Open,DOT,Department of Transportation,11209.0,BROOKLYN,BROOKLYN,92 STREET,40.62083573445679,-74.0391952636381,POINT (-74.039195263638 40.620835734457)
70094410,2026-08-17T20:33:43.000,Street Condition,Pothole,Open,DOT,Department of Transportation,11368.0,QUEENS,QUEENS,,40.7433325953145,-73.85495152937966,POINT (-73.85495152938 40.743332595315)
70097335,2026-08-17T20:33:05.000,Water Maintenance,Leak,In Progress,DEP,Department of Environmental Protection,11231.0,BROOKLYN,BROOKLYN,4 PLACE,40.67861460321581,-74.00078595442362,POINT (-74.000785954424 40.678614603216)
70099177,2026-08-17T20:31:43.000,UNSANITARY CONDITION,SEWAGE,Open,HPD,Department of Housing Preservation and Development,11203.0,BROOKLYN,BROOKLYN,NEWKIRK AVENUE,40.640234571372176,-73.94427617028909,POINT (-73.944276170289 40.640234571372)
70098150,2026-08-17T20:30:12.000,Damaged Tree,Tree Alive - in Poor Condition,In Progress,DPR,Department of Parks and Recreation,10003.0,NEW YORK,MANHATTAN,EAST 5 STREET,40.72734750469386,-73.99031631046594,POINT (-73.990316310466 40.727347504694)
70094571,2026-08-17T20:29:27.000,Water Maintenance,Fire Hydrant Running Full,Closed,DEP,Department of Environmental Protection,11368.0,CORONA,QUEENS,VANDOREN STREET,40.74017398301367,-73.85325874026327,POINT (-73.853258740263 40.740173983014)
70097779,2026-08-17T20:29:00.000,Street Light Condition,Street Light Out,Open,DOT,Department of Transportation,11207.0,BROOKLYN,BROOKLYN,JEROME STREET,40.67655051243113,-73.88758312360048,POINT (-73.8875831236 40.676550512431)
70094371,2026-08-17T20:26:41.000,Dirty Condition,Trash,In Progress,DSNY,Department of Sanitation,10019.0,NEW YORK,MANHATTAN,WEST 50 STREET,40.76618601611037,-73.99537915394423,POINT (-73.995379153944 40.76618601611)
70091588,2026-08-17T20:26:17.000,Street Condition,Pothole,Closed,DOT,Department of Transportation,11223.0,BROOKLYN,BROOKLYN,QUENTIN ROAD,,,
70102666,2026-08-17T20:25:30.000,Dirty Condition,Trash,In Progress,DSNY,Department of Sanitation,11216.0,BROOKLYN,BROOKLYN,LINCOLN PLACE,40.67072617554811,-73.9498598727451,POINT (-73.949859872745 40.670726175548)
70092248,2026-08-17T20:25:26.000,WATER LEAK,DAMP SPOT,Open,HPD,Department of Housing Preservation and Development,10455.0,BRONX,BRONX,EAST  152 STREET,40.81543426643895,-73.90519892617156,POINT (-73.905198926172 40.815434266439)
70093713,2026-08-17T20:25:19.000,UNSANITARY CONDITION,PESTS,Open,HPD,Department of Housing Preservation and Development,10306.0,STATEN ISLAND,STATEN ISLAND,PRIMROSE PLACE,40.562349872620885,-74.11593170156486,POINT (-74.115931701565 40.562349872621)
70091774,2026-08-17T20:25:16.000,Water Maintenance,Fire Hydrant Running Full,Closed,DEP,Department of Environmental Protection,10032.0,NEW YORK,MANHATTAN,ST NICHOLAS AVENUE,40.83733028850493,-73.94003822577974,POINT (-73.94003822578 40.837330288505)
70100108,2026-08-17T20:25:13.000,Water Maintenance,No Water,In Progress,DEP,Department of Environmental Protection,11434.0,JAMAICA,QUEENS,167 STREET,40.68802405304464,-73.78108057696097,POINT (-73.781080576961 40.688024053045)
70101782,2026-08-17T20:23:17.000,Sidewalk Condition,Blocked - Construction,In Progress,DOT,Department of Transportation,10461.0,BRONX,BRONX,PARKVIEW AVENUE,40.8490273258525,-73.8293108506213,POINT (-73.829310850621 40.849027325853)
70095751,2026-08-17T20:22:56.000,Dirty Condition,Trash,In Progress,DSNY,Department of Sanitation,11229.0,BROOKLYN,BROOKLYN,BARTLETT PLACE,40.58903155973584,-73.92670904631463,POINT (-73.926709046315 40.589031559736)
70092967,2026-08-17T20:22:41.000,Street Condition,Pothole,Open,DOT,Department of Transportation,11223.0,BROOKLYN,BROOKLYN,QUENTIN ROAD,,,
70093589,2026-08-17T20:22:07.000,Sidewalk Condition,Broken Sidewalk,In Progress,DOT,Department of Transportation,11413.0,SPRINGFIELD GARDENS,QUEENS,223 STREET,40.68306405311888,-73.74376860758674,POINT (-73.743768607587 40.683064053119)
70097185,2026-08-17T20:21:36.000,Street Condition,Pothole,Open,DOT,Department of Transportation,11215.0,BROOKLYN,BROOKLYN,PROSPECT AVENUE,,,
70095967,2026-08-17T20:21:01.000,Water Maintenance,Fire Hydrant Running Full,Closed,DEP,Department of Environmental Protection,10032.0,NEW YORK,MANHATTAN,BROADWAY,40.83853601509509,-73.94159475699887,POINT (-73.941594756999 40.838536015095)
70096449,2026-08-17T20:21:00.000,Street Light Condition,Street Light Out,Open,DOT,Department of Transportation,11423.0,HOLLIS,QUEENS,WOODHULL AVENUE,40.7104272477949,-73.76862407160695,POINT (-73.768624071607 40.710427247795)
70091629,2026-08-17T20:21:00.000,Traffic Signal Condition,Ped Lamp,Open,DOT,Department of Transportation,10031.0,MANHATTAN,MANHATTAN,,40.82834843268876,-73.94905093594211,POINT (-73.949050935942 40.828348432689)
70100143,2026-08-17T20:20:47.000,Sewer Maintenance,Backup,In Progress,DEP,Department of Environmental Protection,11411.0,CAMBRIA HEIGHTS,QUEENS,221 STREET,40.690982686272434,-73.74128611080765,POINT (-73.741286110808 40.690982686272)
70100109,2026-08-17T20:20:45.000,Water Maintenance,Leak,In Progress,DEP,Department of Environmental Protection,10010.0,,MANHATTAN,EAST 20 STREET,,,
70097906,2026-08-17T20:19:51.000,UNSANITARY CONDITION,MOLD,Open,HPD,Department of Housing Preservation and Development,10458.0,BRONX,BRONX,EAST  196 STREET,40.86755581179413,-73.89213759634337,POINT (-73.892137596343 40.867555811794)
70097346,2026-08-17T20:19:11.000,Water Maintenance,Fire Hydrant Running Full,Closed,DEP,Department of Environmental Protection,10032.0,NEW YORK,MANHATTAN,BROADWAY,40.83803940519269,-73.94195658654773,POINT (-73.941956586548 40.838039405193)
70096243,2026-08-17T20:17:50.000,Sidewalk Condition,Blocked - Construction,In Progress,DOT,Department of Transportation,11210.0,BROOKLYN,BROOKLYN,AVENUE K,40.62590426931663,-73.9343309655735,POINT (-73.934330965573 40.625904269317)
70101791,2026-08-17T20:17:49.000,Street Condition,Cave-in,In Progress,DOT,Department of Transportation,11237.0,,BROOKLYN,BLEEKER STREET,40.69706137788694,-73.91932000045625,POINT (-73.919320000456 40.697061377887)
70093602,2026-08-17T20:16:00.000,Street Light Condition,Street Light Out,Open,DOT,Department of Transportation,10304.0,STATEN ISLAND,STATEN ISLAND,TARGEE STREET,40.62430336320077,-74.08364325121872,POINT (-74.083643251219 40.624303363201)
70096445,2026-08-17T20:16:00.000,Street Light Condition,Street Light Out,Open,DOT,Department of Transportation,11211.0,BROOKLYN,BROOKLYN,LEE AVENUE,40.703460621302696,-73.95743083553147,POINT (-73.957430835531 40.703460621303)
70098173,2026-08-17T20:14:27.000,Damaged Tree,Branch or Limb Has Fallen Down,In Progress,DPR,Department of Parks and Recreation,11432.0,JAMAICA,QUEENS,83 AVENUE,40.71776699715079,-73.79326976890329,POINT (-73.793269768903 40.717766997151)
70100069,2026-08-17T20:14:11.000,UNSANITARY CONDITION,GARBAGE/RECYCLING STORAGE,Open,HPD,Department of Housing Preservation and Development,11201.0,BROOKLYN,BROOKLYN,JAY STREET,40.69262321422263,-73.98726702680608,POINT (-73.987267026806 40.692623214223)
70096444,2026-08-17T20:14:00.000,Street Light Condition,Street Light Out,Open,DOT,Department of Transportation,10467.0,BRONX,BRONX,ADEE AVENUE,40.869643952746735,-73.86312580009279,POINT (-73.863125800093 40.869643952747)
70102701,2026-08-17T20:13:57.000,Illegal Dumping,Removal Request,In Progress,DSNY,Department of Sanitation,11106.0,ASTORIA,QUEENS,31 STREET,40.75627553800936,-73.9300118094213,POINT (-73.930011809421 40.756275538009)
70097132,2026-08-17T20:13:45.000,Dirty Condition,Trash,In Progress,DSNY,Department of Sanitation,11385.0,RIDGEWOOD,QUEENS,SENECA AVENUE,40.704402495817504,-73.91036651989745,POINT (-73.910366519897 40.704402495818)
70097830,2026-08-17T20:13:19.000,WATER LEAK,SLOW LEAK,Open,HPD,Department of Housing Preservation and Development,10030.0,NEW YORK,MANHATTAN,WEST  137 STREET,40.81721912268325,-73.94423997451894,POINT (-73.944239974519 40.817219122683)
70096581,2026-08-17T20:13:19.000,UNSANITARY CONDITION,MOLD,Open,HPD,Department of Housing Preservation and Development,10030.0,NEW YORK,MANHATTAN,WEST  137 STREET,40.81721912268325,-73.94423997451894,POINT (-73.944239974519 40.817219122683)
70097338,2026-08-17T20:12:30.000,Water Maintenance,Fire Hydrant Running Full,In Progress,DEP,Department of Environmental Protection,10029.0,NEW YORK,MANHATTAN,EAST 101 STREET,40.78733191623342,-73.94448889831824,POINT (-73.944488898318 40.787331916233)
70098963,2026-08-17T20:11:56.000,Street Condition,Failed Street Repair,In Progress,DOT,Department of Transportation,10306.0,STATEN ISLAND,STATEN ISLAND,CLAWSON STREET,40.57723908665475,-74.10597882672221,POINT (-74.105978826722 40.577239086655)
70097128,2026-08-17T20:10:34.000,Dirty Condition,Trash,In Progress,DSNY,Department of Sanitation,11354.0,FLUSHING,QUEENS,38 AVENUE,40.76295774355195,-73.82182074790178,POINT (-73.821820747902 40.762957743552)
70097191,2026-08-17T20:09:45.000,Street Condition,Pothole,Open,DOT,Department of Transportation,11358.0,QUEENS,QUEENS,42 AVENUE,,,
70093435,2026-08-17T20:09:44.000,Street Condition,Cave-in,In Progress,DOT,Department of Transportation,11373.0,ELMHURST,QUEENS,ANKENER AVENUE,40.73367187315147,-73.88482745473935,POINT (-73.884827454739 40.733671873151)
70092318,2026-08-17T20:07:14.000,UNSANITARY CONDITION,GARBAGE/RECYCLING STORAGE,Open,HPD,Department of Housing Preservation and Development,10459.0,BRONX,BRONX,LONGFELLOW AVENUE,40.83017431426171,-73.88785836974661,POINT (-73.887858369747 40.830174314262)
70093719,2026-08-17T20:07:14.000,UNSANITARY CONDITION,PESTS,Open,HPD,Department of Housing Preservation and Development,10459.0,BRONX,BRONX,LONGFELLOW AVENUE,40.83017431426171,-73.88785836974661,POINT (-73.887858369747 40.830174314262)
70093170,2026-08-17T20:06:39.000,Water Maintenance,Fire Hydrant Running,Closed,DEP,Department of Environmental Protection,10032.0,NEW YORK,MANHATTAN,FORT WASHINGTON AVENUE,40.83718419313315,-73.94426299402254,POINT (-73.944262994023 40.837184193133)
70099890,2026-08-17T20:05:55.000,Illegal Dumping,Removal Request,In Progress,DSNY,Department of Sanitation,11214.0,BROOKLYN,BROOKLYN,CROPSEY AVENUE,40.582175620793805,-73.98609645436662,POINT (-73.986096454367 40.582175620794)
70098147,2026-08-17T20:05:44.000,Damaged Tree,Branch Cracked and Will Fall,In Progress,DPR,Department of Parks and Recreation,11230.0,BROOKLYN,BROOKLYN,EAST 13 STREET,40.61911519207846,-73.96212410873254,POINT (-73.962124108733 40.619115192078)
70092920,2026-08-17T20:04:31.000,Dirty Condition,Trash,In Progress,DSNY,Department of Sanitation,11210.0,BROOKLYN,BROOKLYN,EAST 26 STREET,40.63647519294935,-73.95258066643154,POINT (-73.952580666432 40.636475192949)
70101338,2026-08-17T20:04:22.000,Dirty Condition,Dog Waste,In Progress,DSNY,Department of Sanitation,10467.0,BRONX,BRONX,ADEE AVENUE,40.86967468847566,-73.86831059112151,POINT (-73.868310591122 40.869674688476)
70092285,2026-08-17T20:04:10.000,UNSANITARY CONDITION,PESTS,Open,HPD,Department of Housing Preservation and Development,10459.0,BRONX,BRONX,LONGFELLOW AVENUE,40.83017431426171,-73.88785836974661,POINT (-73.887858369747 40.830174314262)
70102352,2026-08-17T20:03:54.000,Damaged Tree,Branch or Limb Has Fallen Down,In Progress,DPR,Department of Parks and Recreation,11231.0,BROOKLYN,BROOKLYN,CARROLL STREET,40.68190558788294,-73.99952407750537,POINT (-73.999524077505 40.681905587883)
70092561,2026-08-17T20:03:42.000,Damaged Tree,Branch Cracked and Will Fall,In Progress,DPR,Department of Parks and Recreation,11231.0,BROOKLYN,BROOKLYN,CARROLL STREET,40.68190558788294,-73.99952407750537,POINT (-73.999524077505 40.681905587883)
70098146,2026-08-17T20:03:04.000,Damaged Tree,Branch Cracked and Will Fall,In Progress,DPR,Department of Parks and Recreation,11230.0,BROOKLYN,BROOKLYN,EAST 13 STREET,40.61974104369872,-73.96224262342355,POINT (-73.962242623424 40.619741043699)
70095786,2026-08-17T20:01:22.000,Street Condition,Pothole,Open,DOT,Department of Transportation,10009.0,MANHATTAN,MANHATTAN,EAST    6 STREET,,,
70099222,2026-08-17T20:01:21.000,WATER LEAK,DAMP SPOT,Open,HPD,Department of Housing Preservation and Development,10025.0,NEW YORK,MANHATTAN,WEST END AVENUE,40.79287044850705,-73.97493630788182,POINT (-73.974936307882 40.792870448507)
70092242,2026-08-17T20:01:08.000,WATER LEAK,HEAVY FLOW,Open,HPD,Department of Housing Preservation and Development,10467.0,BRONX,BRONX,DECATUR AVENUE,40.876558757466825,-73.87355105173786,POINT (-73.873551051738 40.876558757467)
70101959,2026-08-17T20:01:00.000,Street Light Condition,Street Light Out,Open,DOT,Department of Transportation,11223.0,BROOKLYN,BROOKLYN,KINGS HIGHWAY,40.60459986020507,-73.96835898932035,POINT (-73.96835898932 40.604599860205)
70096247,2026-08-17T19:59:23.000,Street Condition,Defective Hardware,In Progress,DOT,Department of Transportation,10065.0,NEW YORK,MANHATTAN,EAST 61 STREET,40.76468361278439,-73.9701492852898,POINT (-73.97014928529 40.764683612784)
70098486,2026-08-17T19:57:35.000,Dirty Condition,Trash,In Progress,DSNY,Department of Sanitation,10034.0,NEW YORK,MANHATTAN,BROADWAY,40.86671659471156,-73.92396616384117,POINT (-73.923966163841 40.866716594712)
70092181,2026-08-17T19:57:00.000,Street Light Condition,Street Light Out,Open,DOT,Department of Transportation,10308.0,STATEN ISLAND,STATEN ISLAND,AINSWORTH AVENUE,40.55077985035914,-74.13649808294873,POINT (-74.136498082949 40.550779850359)
70094584,2026-08-17T19:54:33.000,Water Maintenance,Fire Hydrant Leaking,In Progress,DEP,Department of Environmental Protection,11230.0,,BROOKLYN,AVENUE K,40.6231047184639,-73.95808727162468,POINT (-73.958087271625 40.623104718464)
70093140,2026-08-17T19:53:26.000,Water Maintenance,No Water,In Progress,DEP,Department of Environmental Protection,11237.0,BROOKLYN,BROOKLYN,IRVING AVENUE,40.7044699067482,-73.92394203092525,POINT (-73.923942030925 40.704469906748)
70101572,2026-08-17T19:50:20.000,Sewer Maintenance,Catch Basin Clogged,In Progress,DEP,Department of Environmental Protection,11231.0,BROOKLYN,BROOKLYN,COURT STREET,40.68162830620653,-73.99626474504198,POINT (-73.996264745042 40.681628306207)
70093190,2026-08-17T19:50:12.000,Sewer Maintenance,Backup,Closed,DEP,Department of Environmental Protection,10461.0,BRONX,BRONX,BENSON STREET,40.84064939080307,-73.84405973476271,POINT (-73.844059734763 40.840649390803)
70093997,2026-08-17T19:49:50.000,Damaged Tree,Entire Tree Has Fallen Down,In Progress,DPR,Department of Parks and Recreation,11691.0,FAR ROCKAWAY,QUEENS,BEACH 6 STREET,40.59946718722589,-73.74072965167449,POINT (-73.740729651674 40.599467187226)
70100647,2026-08-17T19:48:50.000,UNSANITARY CONDITION,PESTS,Open,HPD,Department of Housing Preservation and Development,11218.0,BROOKLYN,BROOKLYN,BEVERLY ROAD,40.64360414797274,-73.97145743787904,POINT (-73.971457437879 40.643604147973)
70093663,2026-08-17T19:48:41.000,WATER LEAK,HEAVY FLOW,Open,HPD,Department of Housing Preservation and Development,10458.0,BRONX,BRONX,BELMONT AVENUE,40.854255297561686,-73.8867297078156,POINT (-73.886729707816 40.854255297562)
70095073,2026-08-17T19:48:41.000,UNSANITARY CONDITION,PESTS,Open,HPD,Department of Housing Preservation and Development,10458.0,BRONX,BRONX,BELMONT AVENUE,40.854255297561686,-73.8867297078156,POINT (-73.886729707816 40.854255297562)
70095090,2026-08-17T19:48:41.000,UNSANITARY CONDITION,PESTS,Open,HPD,Department of Housing Preservation and Development,10458.0,BRONX,BRONX,BELMONT AVENUE,40.854255297561686,-73.8867297078156,POINT (-73.886729707816 40.854255297562)
70099231,2026-08-17T19:48:25.000,UNSANITARY CONDITION,PESTS,Open,HPD,Department of Housing Preservation and Development,11223.0,BROOKLYN,BROOKLYN,NIXON COURT,40.58492250263125,-73.96874633711069,POINT (-73.968746337111 40.584922502631)
70093434,2026-08-17T19:45:51.000,Street Condition,Cave-in,In Progress,DOT,Department of Transportation,11358.0,FLUSHING,QUEENS,160 STREET,40.76772258543349,-73.80485484147196,POINT (-73.804854841472 40.767722585433)
70101305,2026-08-17T19:45:44.000,Illegal Dumping,Removal Request,In Progress,DSNY,Department of Sanitation,11421.0,WOODHAVEN,QUEENS,91 STREET,40.69435948404059,-73.85412407783541,POINT (-73.854124077835 40.694359484041)
70098711,2026-08-17T19:45:38.000,Sewer Maintenance,Flooding on Street,In Progress,DEP,Department of Environmental Protection,11230.0,,BROOKLYN,EAST 19 STREET,40.63578616028085,-73.95952410258593,POINT (-73.959524102586 40.635786160281)
70097113,2026-08-17T19:45:31.000,Illegal Dumping,Removal Request,In Progress,DSNY,Department of Sanitation,11208.0,BROOKLYN,BROOKLYN,NICHOLS AVENUE,40.68621996803356,-73.86904789447452,POINT (-73.869047894475 40.686219968034)
70096514,2026-08-17T19:45:26.000,WATER LEAK,HEAVY FLOW,Open,HPD,Department of Housing Preservation and Development,10031.0,NEW YORK,MANHATTAN,WEST  145 STREET,40.82561169715638,-73.94847852297335,POINT (-73.948478522973 40.825611697156)
70101368,2026-08-17T19:45:02.000,Street Condition,Pothole,Closed,DOT,Department of Transportation,10022.0,MANHATTAN,MANHATTAN,EAST   59 STREET,,,
70093974,2026-08-17T19:43:13.000,Damaged Tree,Branch Cracked and Will Fall,In Progress,DPR,Department of Parks and Recreation,11234.0,BROOKLYN,BROOKLYN,AVENUE O,40.61681504332058,-73.92348360339281,POINT (-73.923483603393 40.616815043321)
70093141,2026-08-17T19:42:48.000,Water Maintenance,No Water,Closed,DEP,Department of Environmental Protection,10467.0,BRONX,BRONX,BARNES AVENUE,40.88219194802965,-73.86021051145998,POINT (-73.86021051146 40.88219194803)
70093164,2026-08-17T19:42:28.000,Water Maintenance,Fire Hydrant Running,In Progress,DEP,Department of Environmental Protection,10451.0,BRONX,BRONX,EAST 144 STREET,40.817143102630006,-73.93060171403033,POINT (-73.93060171403 40.81714310263)
70094420,2026-08-17T19:41:00.000,Traffic Signal Condition,APS,Open,DOT,Department of Transportation,11210.0,BROOKLYN,BROOKLYN,,40.62147413119333,-73.95071097029123,POINT (-73.950710970291 40.621474131193)
70094994,2026-08-17T19:41:00.000,Street Light Condition,Street Light Out,Open,DOT,Department of Transportation,11216.0,BROOKLYN,BROOKLYN,JEFFERSON AVENUE,40.682679183074335,-73.95534208592876,POINT (-73.955342085929 40.682679183074)
70098479,2026-08-17T19:40:34.000,Illegal Dumping,Removal Request,In Progress,DSNY,Department of Sanitation,10453.0,,BRONX,EAST 176 STREET,40.848253717050426,-73.90974617139251,POINT (-73.909746171393 40.84825371705)
70099204,2026-08-17T19:39:04.000,WATER LEAK,SLOW LEAK,Open,HPD,Department of Housing Preservation and Development,11208.0,BROOKLYN,BROOKLYN,LINWOOD STREET,40.67576923227868,-73.88305998381796,POINT (-73.883059983818 40.675769232279)
70093745,2026-08-17T19:38:57.000,UNSANITARY CONDITION,GARBAGE/RECYCLING STORAGE,Open,HPD,Department of Housing Preservation and Development,11207.0,BROOKLYN,BROOKLYN,SNEDIKER AVENUE,40.6664449457147,-73.90025604763512,POINT (-73.900256047635 40.666444945715)
70100701,2026-08-17T19:38:57.000,UNSANITARY CONDITION,GARBAGE/RECYCLING STORAGE,Open,HPD,Department of Housing Preservation and Development,11207.0,BROOKLYN,BROOKLYN,SNEDIKER AVENUE,40.6664449457147,-73.90025604763512,POINT (-73.900256047635 40.666444945715)
70093694,2026-08-17T19:38:57.000,UNSANITARY CONDITION,PESTS,Open,HPD,Department of Housing Preservation and Development,11207.0,BROOKLYN,BROOKLYN,SNEDIKER AVENUE,40.6664449457147,-73.90025604763512,POINT (-73.900256047635 40.666444945715)
70092306,2026-08-17T19:38:03.000,UNSANITARY CONDITION,MOLD,Open,HPD,Department of Housing Preservation and Development,11236.0,BROOKLYN,BROOKLYN,EAST   93 STREET,40.64264885879087,-73.90489310266646,POINT (-73.904893102666 40.642648858791)
70100622,2026-08-17T19:38:03.000,WATER LEAK,DAMP SPOT,Open,HPD,Department of Housing Preservation and Development,11236.0,BROOKLYN,BROOKLYN,EAST   93 STREET,40.64264885879087,-73.90489310266646,POINT (-73.904893102666 40.642648858791)
70093171,2026-08-17T19:37:13.000,Water Maintenance,Fire Hydrant Leaning/Missing,In Progress,DEP,Department of Environmental Protection,10471.0,BRONX,BRONX,WEST 261 STREET,40.91110139308673,-73.90598501963275,POINT (-73.905985019633 40.911101393087)
70091764,2026-08-17T19:36:02.000,Water Maintenance,Dirty Water,In Progress,DEP,Department of Environmental Protection,10010.0,NEW YORK,MANHATTAN,WATERSIDE PLAZA,40.7371520402173,-73.97424639983292,POINT (-73.974246399833 40.737152040217)
70092186,2026-08-17T19:36:00.000,Street Light Condition,Street Light Out,Open,DOT,Department of Transportation,11362.0,LITTLE NECK,QUEENS,OVERBROOK PLACE,40.76192493709214,-73.73806854712531,POINT (-73.738068547125 40.761924937092)
70100110,2026-08-17T19:35:28.000,Water Maintenance,Fire Hydrant Running Full,In Progress,DEP,Department of Environmental Protection,10009.0,NEW YORK,MANHATTAN,EAST 2 STREET,40.72234313200299,-73.98417679836948,POINT (-73.984176798369 40.722343132003)
70101325,2026-08-17T19:35:04.000,Dirty Condition,Trash,In Progress,DSNY,Department of Sanitation,10030.0,NEW YORK,MANHATTAN,EDGECOMBE AVENUE,40.820115500337,-73.94570441029114,POINT (-73.945704410291 40.820115500337)
70092286,2026-08-17T19:35:03.000,UNSANITARY CONDITION,PESTS,Open,HPD,Department of Housing Preservation and Development,11212.0,BROOKLYN,BROOKLYN,REMSEN AVENUE,40.65574697469886,-73.92326955922633,POINT (-73.923269559226 40.655746974699)
70100640,2026-08-17T19:35:02.000,UNSANITARY CONDITION,PESTS,Open,HPD,Department of Housing Preservation and Development,11223.0,BROOKLYN,BROOKLYN,NIXON COURT,40.58492250263125,-73.96874633711069,POINT (-73.968746337111 40.584922502631)
70092000,2026-08-17T19:34:49.000,Street Condition,Cave-in,In Progress,DOT,Department of Transportation,11417.0,OZONE PARK,QUEENS,105 STREET,40.68168140031295,-73.83581080066395,POINT (-73.835810800664 40.681681400313)
70100371,2026-08-17T19:34:26.000,Street Condition,Cave-in,In Progress,DOT,Department of Transportation,11354.0,FLUSHING,QUEENS,37 AVENUE,40.76264662506418,-73.82658658406363,POINT (-73.826586584064 40.762646625064)
70096519,2026-08-17T19:33:11.000,WATER LEAK,HEAVY FLOW,Open,HPD,Department of Housing Preservation and Development,10468.0,BRONX,BRONX,VILLA AVENUE,40.87514598606357,-73.88752940510024,POINT (-73.8875294051 40.875145986064)
70101388,2026-08-17T19:33:00.000,Traffic Signal Condition,Controller,Closed,DOT,Department of Transportation,11220.0,BROOKLYN,BROOKLYN,,40.63905921983515,-74.03668015344574,POINT (-74.036680153446 40.639059219835)
70099244,2026-08-17T19:32:35.000,UNSANITARY CONDITION,PESTS,Open,HPD,Department of Housing Preservation and Development,11223.0,BROOKLYN,BROOKLYN,NIXON COURT,40.58492250263125,-73.96874633711069,POINT (-73.968746337111 40.584922502631)
70093600,2026-08-17T19:32:00.000,Street Light Condition,Street Light Out,Open,DOT,Department of Transportation,11360.0,QUEENS,QUEENS,,40.78205786214867,-73.78161636418032,POINT (-73.78161636418 40.782057862149)
70095315,2026-08-17T19:31:09.000,Damaged Tree,Branch or Limb Has Fallen Down,In Progress,DPR,Department of Parks and Recreation,10461.0,BRONX,BRONX,PELHAM PARKWAY SOUTH,40.85734133419115,-73.85133372112466,POINT (-73.851333721125 40.857341334191)
70101312,2026-08-17T19:30:54.000,Illegal Dumping,Removal Request,In Progress,DSNY,Department of Sanitation,11004.0,GLEN OAKS,QUEENS,LITTLE NECK PARKWAY,40.7531457275544,-73.72220750613747,POINT (-73.722207506137 40.753145727554)
70102710,2026-08-17T19:29:55.000,Dirty Condition,Trash,In Progress,DSNY,Department of Sanitation,11226.0,BROOKLYN,BROOKLYN,CHURCH AVENUE,40.64955511218649,-73.9628059508844,POINT (-73.962805950884 40.649555112186)
70092929,2026-08-17T19:29:23.000,Dirty Condition,Trash,In Progress,DSNY,Department of Sanitation,11216.0,BROOKLYN,BROOKLYN,FULTON STREET,40.68023254327992,-73.94645645386848,POINT (-73.946456453868 40.68023254328)
70099916,2026-08-17T19:28:00.000,Dirty Condition,Trash,In Progress,DSNY,Department of Sanitation,11226.0,BROOKLYN,BROOKLYN,CHURCH AVENUE,40.64950848811539,-73.96292129601305,POINT (-73.962921296013 40.649508488115)
70100351,2026-08-17T19:27:58.000,Street Condition,Cave-in,In Progress,DOT,Department of Transportation,11208.0,BROOKLYN,BROOKLYN,GLENMORE AVENUE,40.67726537657938,-73.86805601405347,POINT (-73.868056014053 40.677265376579)
70097770,2026-08-17T19:27:00.000,Street Light Condition,Street Light Out,Open,DOT,Department of Transportation,10461.0,BRONX,BRONX,,40.8473739667626,-73.83424158684315,POINT (-73.834241586843 40.847373966763)
70098442,2026-08-17T19:26:16.000,Dirty Condition,Debris from Car Accident,In Progress,DSNY,Department of Sanitation,11211.0,BROOKLYN,BROOKLYN,DEVOE STREET,40.713171728702896,-73.95087402151545,POINT (-73.950874021515 40.713171728703)
70093750,2026-08-17T19:26:03.000,UNSANITARY CONDITION,GARBAGE/RECYCLING STORAGE,Open,HPD,Department of Housing Preservation and Development,11226.0,BROOKLYN,BROOKLYN,EAST   17 STREET,40.64079088405352,-73.9624036685927,POINT (-73.962403668593 40.640790884054)
70094579,2026-08-17T19:24:46.000,Water Maintenance,Fire Hydrant Running,In Progress,DEP,Department of Environmental Protection,10473.0,BRONX,BRONX,LELAND AVENUE,40.81770776153478,-73.86018700008086,POINT (-73.860187000081 40.817707761535)
70101367,2026-08-17T19:24:31.000,Street Condition,Pothole,Open,DOT,Department of Transportation,10013.0,MANHATTAN,MANHATTAN,LAFAYETTE STREET,,,
70101779,2026-08-17T19:23:44.000,Street Condition,Cave-in,In Progress,DOT,Department of Transportation,10458.0,,BRONX,EAST 201 STREET,40.87138204124208,-73.88378262285701,POINT (-73.883782622857 40.871382041242)
70095748,2026-08-17T19:23:30.000,Dirty Condition,Trash,In Progress,DSNY,Department of Sanitation,11206.0,BROOKLYN,BROOKLYN,PULASKI STREET,40.69363117971452,-73.93830310138613,POINT (-73.938303101386 40.693631179715)
70102713,2026-08-17T19:23:19.000,Dirty Condition,Trash,In Progress,DSNY,Department of Sanitation,11103.0,ASTORIA,QUEENS,BROADWAY,40.75698440741635,-73.91478963988185,POINT (-73.914789639882 40.756984407416)
70095093,2026-08-17T19:22:51.000,UNSANITARY CONDITION,PESTS,Open,HPD,Department of Housing Preservation and Development,10451.0,BRONX,BRONX,EAST  144 STREET,40.81568210590894,-73.92493487656203,POINT (-73.924934876562 40.815682105909)
70097911,2026-08-17T19:22:24.000,UNSANITARY CONDITION,GARBAGE/RECYCLING STORAGE,Open,HPD,Department of Housing Preservation and Development,11226.0,BROOKLYN,BROOKLYN,EAST   17 STREET,40.64079088405352,-73.9624036685927,POINT (-73.962403668593 40.640790884054)
70097921,2026-08-17T19:22:07.000,UNSANITARY CONDITION,GARBAGE/RECYCLING STORAGE,Open,HPD,Department of Housing Preservation and Development,11237.0,BROOKLYN,BROOKLYN,MYRTLE AVENUE,40.69905710155828,-73.91587347081952,POINT (-73.91587347082 40.699057101558)
70098705,2026-08-17T19:21:02.000,Water Maintenance,Fire Hydrant Running,In Progress,DEP,Department of Environmental Protection,10032.0,,MANHATTAN,WEST 166 STREET,40.839295082158905,-73.93923775999498,POINT (-73.939237759995 40.839295082159)
70097769,2026-08-17T19:21:00.000,Street Light Condition,Street Light Out,Open,DOT,Department of Transportation,10473.0,BRONX,BRONX,SOUNDVIEW PARK,40.81778820113692,-73.87527766095268,POINT (-73.875277660953 40.817788201137)
70097919,2026-08-17T19:20:01.000,UNSANITARY CONDITION,GARBAGE/RECYCLING STORAGE,Open,HPD,Department of Housing Preservation and Development,11209.0,BROOKLYN,BROOKLYN,FT HAMILTON PARKWAY,40.62229782377688,-74.02185127028054,POINT (-74.021851270281 40.622297823777)
70102119,2026-08-17T19:19:55.000,UNSANITARY CONDITION,GARBAGE/RECYCLING STORAGE,Open,HPD,Department of Housing Preservation and Development,10039.0,NEW YORK,MANHATTAN,MACOMBS PLACE,40.82616139651722,-73.93879447859352,POINT (-73.938794478594 40.826161396517)
70096540,2026-08-17T19:19:33.000,UNSANITARY CONDITION,PESTS,Open,HPD,Department of Housing Preservation and Development,10454.0,BRONX,BRONX,EAST  132 STREET,40.80598940555794,-73.92753214008152,POINT (-73.927532140082 40.805989405558)
70100696,2026-08-17T19:19:33.000,UNSANITARY CONDITION,MOLD,Open,HPD,Department of Housing Preservation and Development,10454.0,BRONX,BRONX,EAST  132 STREET,40.80598940555794,-73.92753214008152,POINT (-73.927532140082 40.805989405558)
70094370,2026-08-17T19:19:22.000,Dirty Condition,Trash,In Progress,DSNY,Department of Sanitation,11206.0,BROOKLYN,BROOKLYN,CENTRAL AVENUE,40.70086167820611,-73.93006637772726,POINT (-73.930066377727 40.700861678206)
70097882,2026-08-17T19:19:09.000,UNSANITARY CONDITION,PESTS,Open,HPD,Department of Housing Preservation and Development,10456.0,BRONX,BRONX,GRAND CONCOURSE,40.83619548096835,-73.9160506050733,POINT (-73.916050605073 40.836195480968)
70096539,2026-08-17T19:19:09.000,UNSANITARY CONDITION,PESTS,Open,HPD,Department of Housing Preservation and Development,10456.0,BRONX,BRONX,GRAND CONCOURSE,40.83619548096835,-73.9160506050733,POINT (-73.916050605073 40.836195480968)
70096563,2026-08-17T19:19:09.000,UNSANITARY CONDITION,PESTS,Open,HPD,Department of Housing Preservation and Development,10456.0,BRONX,BRONX,GRAND CONCOURSE,40.83619548096835,-73.9160506050733,POINT (-73.916050605073 40.836195480968)
70102030,2026-08-17T19:19:08.000,UNSANITARY CONDITION,PESTS,Open,HPD,Department of Housing Preservation and Development,10456.0,BRONX,BRONX,GRAND CONCOURSE,40.83619548096835,-73.9160506050733,POINT (-73.916050605073 40.836195480968)
70098573,2026-08-17T19:18:00.000,Traffic Signal Condition,Pedestrian Signal,Open,DOT,Department of Transportation,,,BROOKLYN,,,,
70098475,2026-08-17T19:16:55.000,Illegal Dumping,Removal Request,In Progress,DSNY,Department of Sanitation,11203.0,BROOKLYN,BROOKLYN,EAST 48 STREET,40.654295338223626,-73.93259473153859,POINT (-73.932594731539 40.654295338224)
70095741,2026-08-17T19:16:54.000,Dirty Condition,Trash,In Progress,DSNY,Department of Sanitation,11204.0,BROOKLYN,BROOKLYN,64 STREET,40.61623825840457,-73.98380213620808,POINT (-73.983802136208 40.616238258405)
70097351,2026-08-17T19:16:43.000,Water Maintenance,Fire Hydrant Running,Closed,DEP,Department of Environmental Protection,10033.0,NEW YORK,MANHATTAN,WEST 185 STREET,40.85130680658023,-73.9310504334662,POINT (-73.931050433466 40.85130680658)
70091591,2026-08-17T19:16:23.000,Street Condition,Pothole,Open,DOT,Department of Transportation,11414.0,QUEENS,QUEENS,101 STREET,,,
70092262,2026-08-17T19:16:04.000,UNSANITARY CONDITION,PESTS,Open,HPD,Department of Housing Preservation and Development,11226.0,BROOKLYN,BROOKLYN,EAST   17 STREET,40.64079088405352,-73.9624036685927,POINT (-73.962403668593 40.640790884054)
70092261,2026-08-17T19:15:58.000,UNSANITARY CONDITION,PESTS,Open,HPD,Department of Housing Preservation and Development,11209.0,BROOKLYN,BROOKLYN,FT HAMILTON PARKWAY,40.62229782377688,-74.02185127028054,POINT (-74.021851270281 40.622297823777)
70102057,2026-08-17T19:15:57.000,UNSANITARY CONDITION,PESTS,Open,HPD,Department of Housing Preservation and Development,10468.0,BRONX,BRONX,VILLA AVENUE,40.87514598606357,-73.88752940510024,POINT (-73.8875294051 40.875145986064)
70093154,2026-08-17T19:14:39.000,Water Maintenance,Dirty Water,In Progress,DEP,Department of Environmental Protection,11375.0,FOREST HILLS,QUEENS,DARTMOUTH STREET,40.72142271200957,-73.8561644741486,POINT (-73.856164474149 40.72142271201)
70095754,2026-08-17T19:11:31.000,Dirty Condition,Trash,In Progress,DSNY,Department of Sanitation,11414.0,HOWARD BEACH,QUEENS,77 STREET,40.6625859545527,-73.85631657421472,POINT (-73.856316574215 40.662585954553)
70095727,2026-08-17T19:11:25.000,Illegal Dumping,Removal Request,In Progress,DSNY,Department of Sanitation,10304.0,STATEN ISLAND,STATEN ISLAND,CANAL STREET,40.626724681653606,-74.07509396504149,POINT (-74.075093965041 40.626724681654)
70094587,2026-08-17T19:11:22.000,Sewer Maintenance,Manhole Overflow,Closed,DEP,Department of Environmental Protection,11229.0,BROOKLYN,BROOKLYN,KINGS HIGHWAY,40.608508194435615,-73.9588815646739,POINT (-73.958881564674 40.608508194436)
70095979,2026-08-17T19:11:04.000,Sewer Maintenance,Flooding on Street,In Progress,DEP,Department of Environmental Protection,11222.0,,BROOKLYN,BAYARD STREET,40.719009537386526,-73.95018068961288,POINT (-73.950180689613 40.719009537387)
70094437,2026-08-17T19:11:00.000,Traffic Signal Condition,Veh Sgnl Mult Lamps,Closed,DOT,Department of Transportation,11220.0,BROOKLYN,BROOKLYN,,40.63905921983515,-74.03668015344574,POINT (-74.036680153446 40.639059219835)
70093613,2026-08-17T19:10:09.000,Sidewalk Condition,Metal Protruding - Sign Stump,In Progress,DOT,Department of Transportation,11435.0,JAMAICA,QUEENS,95 AVENUE,40.6966645794091,-73.81212392504833,POINT (-73.812123925048 40.696664579409)
70100695,2026-08-17T19:10:05.000,UNSANITARY CONDITION,MOLD,Open,HPD,Department of Housing Preservation and Development,11209.0,BROOKLYN,BROOKLYN,FT HAMILTON PARKWAY,40.62229782377688,-74.02185127028054,POINT (-74.021851270281 40.622297823777)
70101306,2026-08-17T19:08:45.000,Illegal Dumping,Removal Request,In Progress,DSNY,Department of Sanitation,11223.0,,BROOKLYN,AVENUE V,40.596091706961545,-73.96170146690504,POINT (-73.961701466905 40.596091706962)
70101373,2026-08-17T19:08:11.000,Street Condition,Pothole,Open,DOT,Department of Transportation,11426.0,QUEENS,QUEENS,JAMAICA AVENUE,,,
70101806,2026-08-17T19:07:54.000,Street Condition,Cave-in,In Progress,DOT,Department of Transportation,11369.0,EAST ELMHURST,QUEENS,100 STREET,40.760550868594976,-73.86907863365518,POINT (-73.869078633655 40.760550868595)
70094581,2026-08-17T19:07:38.000,Water Maintenance,Fire Hydrant Running,Closed,DEP,Department of Environmental Protection,11436.0,JAMAICA,QUEENS,140 STREET,40.667779448162136,-73.79808560330639,POINT (-73.798085603306 40.667779448162)
70093118,2026-08-17T19:07:35.000,Sewer Maintenance,Catch Basin Search,In Progress,DEP,Department of Environmental Protection,11101.0,,QUEENS,35 AVENUE,40.75513963680322,-73.92211916065794,POINT (-73.922119160658 40.755139636803)
70098141,2026-08-17T19:06:38.000,Damaged Tree,Branch or Limb Has Fallen Down,In Progress,DPR,Department of Parks and Recreation,11235.0,,BROOKLYN,CONEY ISLAND AVENUE,40.58327018181133,-73.96004915089253,POINT (-73.960049150893 40.583270181811)
70095752,2026-08-17T19:06:09.000,Dirty Condition,Trash,In Progress,DSNY,Department of Sanitation,11206.0,BROOKLYN,BROOKLYN,BOGART STREET,40.70474185018073,-73.93312440367058,POINT (-73.933124403671 40.704741850181)
70097362,2026-08-17T19:05:49.000,Sewer Maintenance,Catch Basin Sunken,In Progress,DEP,Department of Environmental Protection,11373.0,ELMHURST,QUEENS,56 AVENUE,40.73118236254789,-73.87944840833315,POINT (-73.879448408333 40.731182362548)
70101552,2026-08-17T19:05:13.000,Water Maintenance,Fire Hydrant Running Full,Closed,DEP,Department of Environmental Protection,10467.0,BRONX,BRONX,JEROME AVENUE,40.883971099410495,-73.88026713958368,POINT (-73.880267139584 40.88397109941)
70102075,2026-08-17T19:04:12.000,UNSANITARY CONDITION,PESTS,Open,HPD,Department of Housing Preservation and Development,10456.0,BRONX,BRONX,FRANKLIN AVENUE,40.83084395312983,-73.90290766312782,POINT (-73.902907663128 40.83084395313)
70100693,2026-08-17T19:04:12.000,UNSANITARY CONDITION,MOLD,Open,HPD,Department of Housing Preservation and Development,10456.0,BRONX,BRONX,FRANKLIN AVENUE,40.83084395312983,-73.90290766312782,POINT (-73.902907663128 40.83084395313)
70098713,2026-08-17T19:03:57.000,Sewer Maintenance,Curb Piece,In Progress,DEP,Department of Environmental Protection,11378.0,MASPETH,QUEENS,53 ROAD,40.73074425518392,-73.89754391694396,POINT (-73.897543916944 40.730744255184)
70099906,2026-08-17T19:03:52.000,Dirty Condition,Trash,In Progress,DSNY,Department of Sanitation,10462.0,BRONX,BRONX,CASTLE HILL AVENUE,40.83427002337257,-73.85189481089898,POINT (-73.851894810899 40.834270023373)
70095119,2026-08-17T19:03:45.000,UNSANITARY CONDITION,MOLD,Open,HPD,Department of Housing Preservation and Development,11209.0,BROOKLYN,BROOKLYN,81 STREET,40.623401252945584,-74.02172915287709,POINT (-74.021729152877 40.623401252946)
70100947,2026-08-17T19:03:38.000,Damaged Tree,Branch Cracked and Will Fall,In Progress,DPR,Department of Parks and Recreation,11216.0,BROOKLYN,BROOKLYN,MACON STREET,40.681907699684416,-73.94251793093385,POINT (-73.942517930934 40.681907699684)
70093431,2026-08-17T19:03:34.000,Street Condition,Cave-in,In Progress,DOT,Department of Transportation,11432.0,JAMAICA,QUEENS,MIDLAND PARKWAY,40.71944545937519,-73.78504664414451,POINT (-73.785046644145 40.719445459375)
70095314,2026-08-17T19:03:33.000,Damaged Tree,Branch or Limb Has Fallen Down,In Progress,DPR,Department of Parks and Recreation,10467.0,BRONX,BRONX,OLINVILLE AVENUE,40.88137601306027,-73.86652266183421,POINT (-73.866522661834 40.88137601306)
70095702,2026-08-17T19:03:18.000,Dirty Condition,Trash,In Progress,DSNY,Department of Sanitation,10027.0,NEW YORK,MANHATTAN,WEST 126 STREET,40.81567658197937,-73.95704475069161,POINT (-73.957044750692 40.815676581979)
70094832,2026-08-17T19:02:58.000,Street Condition,Defective Hardware,In Progress,DOT,Department of Transportation,10301.0,STATEN ISLAND,STATEN ISLAND,HIGHLAND AVENUE,40.61953127671035,-74.09948293656494,POINT (-74.099482936565 40.61953127671)
70092998,2026-08-17T19:01:00.000,Traffic Signal Condition,Controller,Closed,DOT,Department of Transportation,10011.0,MANHATTAN,MANHATTAN,,40.74400581773386,-73.99941536887154,POINT (-73.999415368872 40.744005817734)
70098686,2026-08-17T19:00:52.000,Water Maintenance,Fire Hydrant Running Full,In Progress,DEP,Department of Environmental Protection,10029.0,,MANHATTAN,EAST 101 STREET,40.78905477226438,-73.94860431722941,POINT (-73.948604317229 40.789054772264)
70102051,2026-08-17T19:00:17.000,UNSANITARY CONDITION,PESTS,Open,HPD,Department of Housing Preservation and Development,11209.0,BROOKLYN,BROOKLYN,FT HAMILTON PARKWAY,40.62229782377688,-74.02185127028054,POINT (-74.021851270281 40.622297823777)
70095803,2026-08-17T19:00:00.000,Traffic Signal Condition,Controller,Closed,DOT,Department of Transportation,10011.0,MANHATTAN,MANHATTAN,,40.74283930003399,-74.00027426659143,POINT (-74.000274266591 40.742839300034)
70100922,2026-08-17T18:59:39.000,Damaged Tree,Tree Leaning/Uprooted,In Progress,DPR,Department of Parks and Recreation,10467.0,BRONX,BRONX,OLINVILLE AVENUE,40.88137601306027,-73.86652266183421,POINT (-73.866522661834 40.88137601306)
70099953,2026-08-17T18:59:33.000,Street Condition,Pothole,Open,DOT,Department of Transportation,11385.0,QUEENS,QUEENS,68 ROAD,,,
70095744,2026-08-17T18:59:28.000,Dirty Condition,Trash,In Progress,DSNY,Department of Sanitation,11375.0,FOREST HILLS,QUEENS,64 ROAD,40.73173385429397,-73.8511196382155,POINT (-73.851119638215 40.731733854294)
70101798,2026-08-17T18:57:24.000,Street Condition,Plate Condition - Noisy,In Progress,DOT,Department of Transportation,11233.0,BROOKLYN,BROOKLYN,ATLANTIC AVENUE,40.6770078289357,-73.9229674966491,POINT (-73.922967496649 40.677007828936)
70093711,2026-08-17T18:57:21.000,UNSANITARY CONDITION,PESTS,Open,HPD,Department of Housing Preservation and Development,10029.0,NEW YORK,MANHATTAN,EAST  102 STREET,40.78783385200396,-73.9437662377238,POINT (-73.943766237724 40.787833852004)
70097865,2026-08-17T18:57:21.000,UNSANITARY CONDITION,PESTS,Open,HPD,Department of Housing Preservation and Development,10029.0,NEW YORK,MANHATTAN,EAST  102 STREET,40.78783385200396,-73.9437662377238,POINT (-73.943766237724 40.787833852004)
70095819,2026-08-17T18:57:00.000,Traffic Signal Condition,Veh Signal Lamp,Open,DOT,Department of Transportation,10003.0,MANHATTAN,MANHATTAN,,40.73521408143234,-73.99171521010928,POINT (-73.991715210109 40.735214081432)
70091614,2026-08-17T18:57:00.000,Traffic Signal Condition,Controller,Closed,DOT,Department of Transportation,11220.0,BROOKLYN,BROOKLYN,,40.63905921983515,-74.03668015344574,POINT (-74.036680153446 40.639059219835)
70092235,2026-08-17T18:56:52.000,WATER LEAK,SLOW LEAK,Open,HPD,Department of Housing Preservation and Development,11221.0,BROOKLYN,BROOKLYN,PUTNAM AVENUE,40.688488799716616,-73.91838203948721,POINT (-73.918382039487 40.688488799717)
70102716,2026-08-17T18:55:40.000,Dirty Condition,Trash,In Progress,DSNY,Department of Sanitation,11414.0,HOWARD BEACH,QUEENS,77 STREET,40.6625859545527,-73.85631657421472,POINT (-73.856316574215 40.662585954553)
70095117,2026-08-17T18:54:33.000,UNSANITARY CONDITION,MOLD,Open,HPD,Department of Housing Preservation and Development,11221.0,BROOKLYN,BROOKLYN,PUTNAM AVENUE,40.688488799716616,-73.91838203948721,POINT (-73.918382039487 40.688488799717)
70094309,2026-08-17T18:53:59.000,Dirty Condition,Dirt or Gravel,In Progress,DSNY,Department of Sanitation,10011.0,NEW YORK,MANHATTAN,WEST 22 STREET,40.74481551883293,-73.99939370849827,POINT (-73.999393708498 40.744815518833)
70098542,2026-08-17T18:53:21.000,Street Condition,Pothole,Closed,DOT,Department of Transportation,11426.0,QUEENS,QUEENS,JAMAICA AVENUE,40.72675692690736,-73.71410227778074,POINT (-73.714102277781 40.726756926907)
70094825,2026-08-17T18:51:35.000,Street Condition,Defective Hardware,In Progress,DOT,Department of Transportation,11435.0,JAMAICA,QUEENS,150 STREET,40.710836086551296,-73.80894224409256,POINT (-73.808942244093 40.710836086551)
70091600,2026-08-17T18:51:18.000,Street Condition,Pothole,Closed,DOT,Department of Transportation,11426.0,QUEENS,QUEENS,JAMAICA AVENUE,40.72675692690736,-73.71410227778074,POINT (-73.714102277781 40.726756926907)
70094588,2026-08-17T18:50:46.000,Sewer Maintenance,Flooding on Street,In Progress,DEP,Department of Environmental Protection,11204.0,BROOKLYN,BROOKLYN,56 STREET,40.62655102277341,-73.98867019058372,POINT (-73.988670190584 40.626551022773)
70095736,2026-08-17T18:50:41.000,Dirty Condition,Trash,In Progress,DSNY,Department of Sanitation,11206.0,BROOKLYN,BROOKLYN,MESEROLE STREET,40.708027587036725,-73.94387323807607,POINT (-73.943873238076 40.708027587037)
70096797,2026-08-17T18:49:06.000,Damaged Tree,Branch Cracked and Will Fall,In Progress,DPR,Department of Parks and Recreation,11236.0,BROOKLYN,BROOKLYN,SEAVIEW AVENUE,40.6297899618627,-73.89589396882197,POINT (-73.895893968822 40.629789961863)
70094405,2026-08-17T18:48:36.000,Street Condition,Pothole,Open,DOT,Department of Transportation,11216.0,BROOKLYN,BROOKLYN,NEW YORK AVENUE,,,
70101556,2026-08-17T18:48:07.000,Water Maintenance,Fire Hydrant Running,In Progress,DEP,Department of Environmental Protection,11369.0,,QUEENS,101 STREET,40.7592923139729,-73.86779967583361,POINT (-73.867799675834 40.759292313973)
70099947,2026-08-17T18:47:15.000,Street Condition,Pothole,Closed,DOT,Department of Transportation,11210.0,BROOKLYN,BROOKLYN,NEW YORK AVENUE,,,
70095950,2026-08-17T18:47:04.000,Water Maintenance,Leak,In Progress,DEP,Department of Environmental Protection,10314.0,STATEN ISLAND,STATEN ISLAND,MCVEIGH AVENUE,40.58952200181204,-74.1544861126188,POINT (-74.154486112619 40.589522001812)
70101311,2026-08-17T18:47:01.000,Illegal Dumping,Removal Request,In Progress,DSNY,Department of Sanitation,10039.0,NEW YORK,MANHATTAN,FREDRICK DOUGLAS BOULEVARD,40.82616982377877,-73.93915941324948,POINT (-73.939159413249 40.826169823779)
70094359,2026-08-17T18:46:14.000,Dirty Condition,Trash,In Progress,DSNY,Department of Sanitation,11229.0,BROOKLYN,BROOKLYN,AVENUE S,40.60360493818978,-73.95604320180901,POINT (-73.956043201809 40.60360493819)
70092310,2026-08-17T18:45:34.000,UNSANITARY CONDITION,GARBAGE/RECYCLING STORAGE,Open,HPD,Department of Housing Preservation and Development,10451.0,BRONX,BRONX,3 AVENUE,40.8235095864918,-73.90904626352118,POINT (-73.909046263521 40.823509586492)
70098961,2026-08-17T18:45:24.000,Street Condition,Failed Street Repair,In Progress,DOT,Department of Transportation,10314.0,STATEN ISLAND,STATEN ISLAND,KIRSHON AVENUE,40.61479749477336,-74.16534296777687,POINT (-74.165342967777 40.614797494773)
70096521,2026-08-17T18:44:27.000,UNSANITARY CONDITION,SEWAGE,Open,HPD,Department of Housing Preservation and Development,11102.0,ASTORIA,QUEENS,23 STREET,40.77247113345976,-73.9238968601743,POINT (-73.923896860174 40.77247113346)
70098461,2026-08-17T18:44:11.000,Illegal Dumping,Removal Request,In Progress,DSNY,Department of Sanitation,11222.0,BROOKLYN,BROOKLYN,KINGSLAND AVENUE,40.72162919120048,-73.94100454571398,POINT (-73.941004545714 40.7216291912)
70091998,2026-08-17T18:43:43.000,Street Condition,Cave-in,In Progress,DOT,Department of Transportation,11428.0,QUEENS VILLAGE,QUEENS,92 AVENUE,40.7251838428832,-73.73819852407746,POINT (-73.738198524077 40.725183842883)
70095949,2026-08-17T18:42:38.000,Water Maintenance,Leak,In Progress,DEP,Department of Environmental Protection,11419.0,SOUTH RICHMOND HILL,QUEENS,110 STREET,40.68177303118129,-73.83085304995207,POINT (-73.830853049952 40.681773031181)
70100923,2026-08-17T18:42:14.000,Damaged Tree,Entire Tree Has Fallen Down,In Progress,DPR,Department of Parks and Recreation,10467.0,,BRONX,BAINBRIDGE AVENUE,40.88452273767353,-73.87760804413449,POINT (-73.877608044134 40.884522737674)
70097190,2026-08-17T18:41:56.000,Street Condition,Pothole,Open,DOT,Department of Transportation,11426.0,QUEENS,QUEENS,JAMAICA AVENUE,40.72675692690736,-73.71410227778074,POINT (-73.714102277781 40.726756926907)
70097864,2026-08-17T18:41:56.000,UNSANITARY CONDITION,PESTS,Open,HPD,Department of Housing Preservation and Development,10030.0,NEW YORK,MANHATTAN,ADAM C POWELL BOULEVARD,40.8160658007736,-73.94313544165297,POINT (-73.943135441653 40.816065800774)
70098953,2026-08-17T18:41:12.000,Street Condition,Cave-in,In Progress,DOT,Department of Transportation,11357.0,WHITESTONE,QUEENS,CLINTONVILLE STREET,40.79347103402976,-73.81315087853007,POINT (-73.81315087853 40.79347103403)
70095973,2026-08-17T18:41:00.000,Water Maintenance,Fire Hydrant Running,Closed,DEP,Department of Environmental Protection,10032.0,,MANHATTAN,BROADWAY,40.83842627427918,-73.94168881621687,POINT (-73.941688816217 40.838426274279)
70095971,2026-08-17T18:39:34.000,Water Maintenance,Fire Hydrant Running,In Progress,DEP,Department of Environmental Protection,10033.0,NEW YORK,MANHATTAN,WEST 177 STREET,40.84737440259651,-73.93718460512773,POINT (-73.937184605128 40.847374402597)
70093748,2026-08-17T18:39:16.000,UNSANITARY CONDITION,GARBAGE/RECYCLING STORAGE,Open,HPD,Department of Housing Preservation and Development,10034.0,NEW YORK,MANHATTAN,SHERMAN AVENUE,40.86415063434545,-73.92447163197323,POINT (-73.924471631973 40.864150634345)
70092977,2026-08-17T18:39:07.000,Street Condition,Pothole,Open,DOT,Department of Transportation,11412.0,QUEENS,QUEENS,116 ROAD,,,
70097845,2026-08-17T18:38:29.000,WATER LEAK,HEAVY FLOW,Open,HPD,Department of Housing Preservation and Development,10467.0,BRONX,BRONX,BRONX PARK EAST,40.86173680226171,-73.87054605865106,POINT (-73.870546058651 40.861736802262)
70101555,2026-08-17T18:37:53.000,Water Maintenance,Fire Hydrant Running,In Progress,DEP,Department of Environmental Protection,10032.0,NEW YORK,MANHATTAN,WEST 163 STREET,40.83737202875842,-73.94114404141492,POINT (-73.941144041415 40.837372028758)
70092910,2026-08-17T18:36:07.000,Illegal Dumping,Removal Request,In Progress,DSNY,Department of Sanitation,10304.0,,STATEN ISLAND,CANAL STREET,,,
70102727,2026-08-17T18:33:23.000,Illegal Dumping,Chronic Dumping,In Progress,DSNY,Department of Sanitation,10011.0,NEW YORK,MANHATTAN,9 AVENUE,40.74298470716151,-74.00386861089187,POINT (-74.003868610892 40.742984707162)
70098561,2026-08-17T18:33:00.000,Traffic Signal Condition,Controller,Closed,DOT,Department of Transportation,,,BROOKLYN,,,,
70092243,2026-08-17T18:32:50.000,WATER LEAK,HEAVY FLOW,Open,HPD,Department of Housing Preservation and Development,10040.0,NEW YORK,MANHATTAN,ELLWOOD STREET,40.86135399525456,-73.92912757452417,POINT (-73.929127574524 40.861353995255)
70095028,2026-08-17T18:32:17.000,UNSANITARY CONDITION,SEWAGE,Open,HPD,Department of Housing Preservation and Development,11230.0,BROOKLYN,BROOKLYN,OCEAN AVENUE,40.6222309961373,-73.95574275527346,POINT (-73.955742755273 40.622230996137)
70095128,2026-08-17T18:32:15.000,UNSANITARY CONDITION,GARBAGE/RECYCLING STORAGE,Open,HPD,Department of Housing Preservation and Development,10016.0,NEW YORK,MANHATTAN,EAST   37 STREET,40.74848604296725,-73.97879667343835,POINT (-73.978796673438 40.748486042967)
70099529,2026-08-17T18:32:10.000,Damaged Tree,Tree Alive - in Poor Condition,In Progress,DPR,Department of Parks and Recreation,11216.0,BROOKLYN,BROOKLYN,BERGEN STREET,40.67620570475375,-73.95210537662759,POINT (-73.952105376628 40.676205704754)
70093747,2026-08-17T18:32:09.000,UNSANITARY CONDITION,GARBAGE/RECYCLING STORAGE,Open,HPD,Department of Housing Preservation and Development,10031.0,NEW YORK,MANHATTAN,WEST  150 STREET,40.828833001037054,-73.94630435387784,POINT (-73.946304353878 40.828833001037)
70093117,2026-08-17T18:29:46.000,Sewer Maintenance,Catch Basin Search,In Progress,DEP,Department of Environmental Protection,11369.0,,QUEENS,24 AVENUE,40.76585227708937,-73.87776114457056,POINT (-73.877761144571 40.765852277089)
70096422,2026-08-17T18:29:35.000,Sidewalk Condition,Broken Sidewalk,In Progress,DOT,Department of Transportation,11434.0,JAMAICA,QUEENS,145 AVENUE,40.66393721324411,-73.7746859222416,POINT (-73.774685922242 40.663937213244)
70102081,2026-08-17T18:28:53.000,UNSANITARY CONDITION,PESTS,Open,HPD,Department of Housing Preservation and Development,10452.0,BRONX,BRONX,NELSON AVENUE,40.84540688916588,-73.92014486686253,POINT (-73.920144866863 40.845406889166)
70101954,2026-08-17T18:28:00.000,Street Light Condition,Street Light Out,Open,DOT,Department of Transportation,10457.0,BRONX,BRONX,EAST  182 STREET,40.85472514784386,-73.89601182796011,POINT (-73.89601182796 40.854725147844)
70097315,2026-08-17T18:27:56.000,Sewer Maintenance,Catch Basin Search,In Progress,DEP,Department of Environmental Protection,11432.0,JAMAICA,QUEENS,HILLSIDE AVENUE,40.71023150636731,-73.79418767927712,POINT (-73.794187679277 40.710231506367)
70094586,2026-08-17T18:27:55.000,Water Maintenance,Dirty Water,Closed,DEP,Department of Environmental Protection,10452.0,BRONX,BRONX,WEST 162 STREET,40.83172562406914,-73.93033716597853,POINT (-73.930337165979 40.831725624069)
70098491,2026-08-17T18:27:11.000,Dirty Condition,Trash,In Progress,DSNY,Department of Sanitation,11216.0,BROOKLYN,BROOKLYN,MACDONOUGH STREET,40.680896003154736,-73.94481545527344,POINT (-73.944815455273 40.680896003155)
70097213,2026-08-17T18:27:00.000,Traffic Signal Condition,Controller,Closed,DOT,Department of Transportation,11358.0,QUEENS,QUEENS,,40.75787299906427,-73.78849613580287,POINT (-73.788496135803 40.757872999064)
70094977,2026-08-17T18:26:59.000,Sidewalk Condition,Broken Sidewalk,In Progress,DOT,Department of Transportation,10458.0,BRONX,BRONX,EAST 189 STREET,40.85629169711044,-73.88379814654851,POINT (-73.883798146549 40.85629169711)
70101372,2026-08-17T18:26:55.000,Street Condition,Pothole,Open,DOT,Department of Transportation,11365.0,QUEENS,QUEENS,UTOPIA PARKWAY,,,
70102104,2026-08-17T18:23:19.000,UNSANITARY CONDITION,MOLD,Open,HPD,Department of Housing Preservation and Development,11368.0,CORONA,QUEENS,57 AVENUE,40.738026417783495,-73.86117333497307,POINT (-73.861173334973 40.738026417783)
70095059,2026-08-17T18:23:19.000,WATER LEAK,DAMP SPOT,Open,HPD,Department of Housing Preservation and Development,11368.0,CORONA,QUEENS,57 AVENUE,40.738026417783495,-73.86117333497307,POINT (-73.861173334973 40.738026417783)
70095096,2026-08-17T18:22:22.000,UNSANITARY CONDITION,PESTS,Open,HPD,Department of Housing Preservation and Development,10452.0,BRONX,BRONX,NELSON AVENUE,40.84540688916588,-73.92014486686253,POINT (-73.920144866863 40.845406889166)
70092284,2026-08-17T18:22:15.000,UNSANITARY CONDITION,PESTS,Open,HPD,Department of Housing Preservation and Development,11209.0,BROOKLYN,BROOKLYN,FT HAMILTON PARKWAY,40.62229782377688,-74.02185127028054,POINT (-74.021851270281 40.622297823777)
70093688,2026-08-17T18:22:15.000,UNSANITARY CONDITION,PESTS,Open,HPD,Department of Housing Preservation and Development,11209.0,BROOKLYN,BROOKLYN,FT HAMILTON PARKWAY,40.62229782377688,-74.02185127028054,POINT (-74.021851270281 40.622297823777)
70096587,2026-08-17T18:22:13.000,UNSANITARY CONDITION,GARBAGE/RECYCLING STORAGE,Open,HPD,Department of Housing Preservation and Development,10031.0,NEW YORK,MANHATTAN,WEST  150 STREET,40.828833001037054,-73.94630435387784,POINT (-73.946304353878 40.828833001037)
70100662,2026-08-17T18:22:02.000,UNSANITARY CONDITION,PESTS,Open,HPD,Department of Housing Preservation and Development,10456.0,BRONX,BRONX,EAGLE AVENUE,40.81950817438279,-73.90953947810873,POINT (-73.909539478109 40.819508174383)
70093146,2026-08-17T18:21:16.000,Water Maintenance,Fire Hydrant Running Full,In Progress,DEP,Department of Environmental Protection,10453.0,BRONX,BRONX,MT HOPE PLACE,40.84880129878156,-73.90802491612534,POINT (-73.908024916125 40.848801298782)
70093409,2026-08-17T18:20:35.000,Street Condition,Cave-in,In Progress,DOT,Department of Transportation,11215.0,BROOKLYN,BROOKLYN,7 AVENUE,40.66363254471018,-73.98428804649966,POINT (-73.9842880465 40.66363254471)
70102697,2026-08-17T18:20:31.000,Illegal Dumping,Removal Request,In Progress,DSNY,Department of Sanitation,11237.0,BROOKLYN,BROOKLYN,WILLOUGHBY AVENUE,40.70523702212777,-73.92182400122861,POINT (-73.921824001229 40.705237022128)
70097145,2026-08-17T18:19:51.000,Dirty Condition,Trash,In Progress,DSNY,Department of Sanitation,11101.0,LONG ISLAND CITY,QUEENS,11 STREET,40.74422870999823,-73.95102434566988,POINT (-73.95102434567 40.744228709998)
70099230,2026-08-17T18:19:27.000,UNSANITARY CONDITION,PESTS,Open,HPD,Department of Housing Preservation and Development,11208.0,BROOKLYN,BROOKLYN,CHESTNUT STREET,40.68383381438844,-73.87561834430197,POINT (-73.875618344302 40.683833814388)
70093717,2026-08-17T18:19:27.000,UNSANITARY CONDITION,PESTS,Open,HPD,Department of Housing Preservation and Development,11208.0,BROOKLYN,BROOKLYN,CHESTNUT STREET,40.68383381438844,-73.87561834430197,POINT (-73.875618344302 40.683833814388)
70092234,2026-08-17T18:19:09.000,WATER LEAK,SLOW LEAK,Open,HPD,Department of Housing Preservation and Development,11226.0,BROOKLYN,BROOKLYN,EAST   18 STREET,40.64639576247312,-73.96248699567796,POINT (-73.962486995678 40.646395762473)
70095089,2026-08-17T18:19:09.000,UNSANITARY CONDITION,PESTS,Open,HPD,Department of Housing Preservation and Development,11226.0,BROOKLYN,BROOKLYN,EAST   18 STREET,40.64639576247312,-73.96248699567796,POINT (-73.962486995678 40.646395762473)
70093732,2026-08-17T18:19:09.000,UNSANITARY CONDITION,MOLD,Open,HPD,Department of Housing Preservation and Development,11226.0,BROOKLYN,BROOKLYN,EAST   18 STREET,40.64639576247312,-73.96248699567796,POINT (-73.962486995678 40.646395762473)
70099855,2026-08-17T18:18:56.000,Dirty Condition,Syringes,In Progress,DSNY,Department of Sanitation,10035.0,NEW YORK,MANHATTAN,EAST 128 STREET,40.8057878764798,-73.9347747903375,POINT (-73.934774790337 40.80578787648)
70097135,2026-08-17T18:18:28.000,Dirty Condition,Trash,In Progress,DSNY,Department of Sanitation,11204.0,BROOKLYN,BROOKLYN,WEST 4 STREET,40.61184570872895,-73.97844388785074,POINT (-73.978443887851 40.611845708729)
70092870,2026-08-17T18:18:00.000,Dirty Condition,Trash,In Progress,DSNY,Department of Sanitation,10474.0,BRONX,BRONX,HUNTS POINT AVENUE,40.81809576567971,-73.88884696858112,POINT (-73.888846968581 40.81809576568)
70097083,2026-08-17T18:17:21.000,Dirty Condition,Dirt or Gravel,In Progress,DSNY,Department of Sanitation,11435.0,JAMAICA,QUEENS,84 DRIVE,40.71103483310882,-73.81466607447933,POINT (-73.814666074479 40.711034833109)
70092247,2026-08-17T18:16:13.000,WATER LEAK,DAMP SPOT,Open,HPD,Department of Housing Preservation and Development,10460.0,BRONX,BRONX,WEST FARMS ROAD,40.83916144854979,-73.88059353846155,POINT (-73.880593538462 40.83916144855)
70093651,2026-08-17T18:16:13.000,WATER LEAK,SLOW LEAK,Open,HPD,Department of Housing Preservation and Development,10460.0,BRONX,BRONX,WEST FARMS ROAD,40.83916144854979,-73.88059353846155,POINT (-73.880593538462 40.83916144855)
70092283,2026-08-17T18:16:08.000,UNSANITARY CONDITION,PESTS,Open,HPD,Department of Housing Preservation and Development,11212.0,BROOKLYN,BROOKLYN,STRAUSS STREET,40.6606702449278,-73.91426749541519,POINT (-73.914267495415 40.660670244928)
70093746,2026-08-17T18:16:08.000,UNSANITARY CONDITION,GARBAGE/RECYCLING STORAGE,Open,HPD,Department of Housing Preservation and Development,11212.0,BROOKLYN,BROOKLYN,STRAUSS STREET,40.6606702449278,-73.91426749541519,POINT (-73.914267495415 40.660670244928)
70102056,2026-08-17T18:16:08.000,UNSANITARY CONDITION,PESTS,Open,HPD,Department of Housing Preservation and Development,11212.0,BROOKLYN,BROOKLYN,STRAUSS STREET,40.6606702449278,-73.91426749541519,POINT (-73.914267495415 40.660670244928)
70094364,2026-08-17T18:15:21.000,Dirty Condition,Trash,In Progress,DSNY,Department of Sanitation,11212.0,BROOKLYN,BROOKLYN,SARATOGA AVENUE,40.66191459973804,-73.91557789578077,POINT (-73.915577895781 40.661914599738)
70097189,2026-08-17T18:15:20.000,Street Condition,Pothole,Open,DOT,Department of Transportation,11377.0,QUEENS,QUEENS,,40.73573030416021,-73.893231442684,POINT (-73.893231442684 40.73573030416)
70091782,2026-08-17T18:14:12.000,Water Maintenance,Fire Hydrant Leaking,Closed,DEP,Department of Environmental Protection,11363.0,LITTLE NECK,QUEENS,EAST DRIVE,40.77653470323571,-73.74891874031707,POINT (-73.748918740317 40.776534703236)
70097218,2026-08-17T18:14:00.000,Traffic Signal Condition,Veh Signal Head,Closed,DOT,Department of Transportation,11101.0,QUEENS,QUEENS,,40.74712042211251,-73.94238226542083,POINT (-73.942382265421 40.747120422113)
70097848,2026-08-17T18:13:09.000,WATER LEAK,DAMP SPOT,Open,HPD,Department of Housing Preservation and Development,11226.0,BROOKLYN,BROOKLYN,TENNIS COURT,40.64842698305939,-73.96273450648725,POINT (-73.962734506487 40.648426983059)
70100699,2026-08-17T18:13:09.000,UNSANITARY CONDITION,MOLD,Open,HPD,Department of Housing Preservation and Development,11226.0,BROOKLYN,BROOKLYN,TENNIS COURT,40.64842698305939,-73.96273450648725,POINT (-73.962734506487 40.648426983059)
70092268,2026-08-17T18:13:00.000,UNSANITARY CONDITION,PESTS,Open,HPD,Department of Housing Preservation and Development,11212.0,BROOKLYN,BROOKLYN,STRAUSS STREET,40.6606702449278,-73.91426749541519,POINT (-73.914267495415 40.660670244928)
70100663,2026-08-17T18:13:00.000,UNSANITARY CONDITION,PESTS,Open,HPD,Department of Housing Preservation and Development,11212.0,BROOKLYN,BROOKLYN,STRAUSS STREET,40.6606702449278,-73.91426749541519,POINT (-73.914267495415 40.660670244928)
70094409,2026-08-17T18:11:51.000,Street Condition,Pothole,Open,DOT,Department of Transportation,11421.0,QUEENS,QUEENS,96 STREET,,,
70099233,2026-08-17T18:10:45.000,UNSANITARY CONDITION,PESTS,Open,HPD,Department of Housing Preservation and Development,11377.0,WOODSIDE,QUEENS,73 STREET,40.744394229255725,-73.89187867177995,POINT (-73.89187867178 40.744394229256)
70099246,2026-08-17T18:10:44.000,UNSANITARY CONDITION,PESTS,Open,HPD,Department of Housing Preservation and Development,11377.0,WOODSIDE,QUEENS,73 STREET,40.744394229255725,-73.89187867177995,POINT (-73.89187867178 40.744394229256)
70095978,2026-08-17T18:10:43.000,Sewer Maintenance,Manhole Overflow,Closed,DEP,Department of Environmental Protection,11221.0,BROOKLYN,BROOKLYN,CENTRAL AVENUE,40.69799569510665,-73.92499886319527,POINT (-73.924998863195 40.697995695107)
70093736,2026-08-17T18:10:42.000,UNSANITARY CONDITION,MOLD,Open,HPD,Department of Housing Preservation and Development,10065.0,NEW YORK,MANHATTAN,2 AVENUE,40.76328427150507,-73.96240311218375,POINT (-73.962403112184 40.763284271505)
70096486,2026-08-17T18:10:42.000,UNSANITARY CONDITION,SEWAGE,Open,HPD,Department of Housing Preservation and Development,10065.0,NEW YORK,MANHATTAN,2 AVENUE,40.76328427150507,-73.96240311218375,POINT (-73.962403112184 40.763284271505)
70094419,2026-08-17T18:08:00.000,Traffic Signal Condition,Ver Mesage Sign RTPI,Open,DOT,Department of Transportation,11232.0,BROOKLYN,BROOKLYN,,40.65375778993055,-74.00500228570807,POINT (-74.005002285708 40.653757789931)
70091761,2026-08-17T18:07:52.000,Water Maintenance,Fire Hydrant Defective,In Progress,DEP,Department of Environmental Protection,10307.0,STATEN ISLAND,STATEN ISLAND,FINLAY STREET,40.50661436122119,-74.24983389791824,POINT (-74.249833897918 40.506614361221)
70099128,2026-08-17T18:06:00.000,Sidewalk Condition,Broken Sidewalk,In Progress,DOT,Department of Transportation,10010.0,NEW YORK,MANHATTAN,SIXTH AVENUE,40.74239444945103,-73.99319029469811,POINT (-73.993190294698 40.742394449451)
70094600,2026-08-17T18:04:51.000,Sewer Maintenance,Backup,Closed,DEP,Department of Environmental Protection,10452.0,BRONX,BRONX,GERARD AVENUE,40.828922074250734,-73.92409246173344,POINT (-73.924092461733 40.828922074251)
70102120,2026-08-17T18:04:00.000,UNSANITARY CONDITION,GARBAGE/RECYCLING STORAGE,Open,HPD,Department of Housing Preservation and Development,10026.0,NEW YORK,MANHATTAN,WEST  112 STREET,40.8013789710106,-73.95612570720965,POINT (-73.95612570721 40.801378971011)
70094987,2026-08-17T18:03:00.000,Street Light Condition,Street Light Out,Open,DOT,Department of Transportation,11436.0,JAMAICA,QUEENS,VAN WYCK EXPRESSWAY,40.67632797304449,-73.80197494879005,POINT (-73.80197494879 40.676327973044)
70095945,2026-08-17T18:02:04.000,Water Maintenance,Water Main Break,Closed,DEP,Department of Environmental Protection,11355.0,,QUEENS,DELAWARE AVENUE,40.75814798502109,-73.81088928174933,POINT (-73.810889281749 40.758147985021)
70099232,2026-08-17T18:01:53.000,UNSANITARY CONDITION,PESTS,Open,HPD,Department of Housing Preservation and Development,11212.0,BROOKLYN,BROOKLYN,THOMAS S BOYLAND STREET,40.66989230128922,-73.91372933698824,POINT (-73.913729336988 40.669892301289)
70096556,2026-08-17T18:01:53.000,UNSANITARY CONDITION,PESTS,Open,HPD,Department of Housing Preservation and Development,11212.0,BROOKLYN,BROOKLYN,THOMAS S BOYLAND STREET,40.66989230128922,-73.91372933698824,POINT (-73.913729336988 40.669892301289)
70100698,2026-08-17T18:01:31.000,UNSANITARY CONDITION,MOLD,Open,HPD,Department of Housing Preservation and Development,10458.0,BRONX,BRONX,EAST  203 STREET,40.87373883194234,-73.88562621742821,POINT (-73.885626217428 40.873738831942)
70099217,2026-08-17T18:01:31.000,WATER LEAK,HEAVY FLOW,Open,HPD,Department of Housing Preservation and Development,10458.0,BRONX,BRONX,EAST  203 STREET,40.87373883194234,-73.88562621742821,POINT (-73.885626217428 40.873738831942)
70102028,2026-08-17T18:01:29.000,WATER LEAK,DAMP SPOT,Open,HPD,Department of Housing Preservation and Development,11377.0,WOODSIDE,QUEENS,73 STREET,40.744394229255725,-73.89187867177995,POINT (-73.89187867178 40.744394229256)
70099272,2026-08-17T18:01:29.000,UNSANITARY CONDITION,MOLD,Open,HPD,Department of Housing Preservation and Development,11377.0,WOODSIDE,QUEENS,73 STREET,40.744394229255725,-73.89187867177995,POINT (-73.89187867178 40.744394229256)
70097884,2026-08-17T18:01:29.000,UNSANITARY CONDITION,PESTS,Open,HPD,Department of Housing Preservation and Development,11377.0,WOODSIDE,QUEENS,73 STREET,40.744394229255725,-73.89187867177995,POINT (-73.89187867178 40.744394229256)
70093691,2026-08-17T18:01:29.000,UNSANITARY CONDITION,PESTS,Open,HPD,Department of Housing Preservation and Development,11377.0,WOODSIDE,QUEENS,73 STREET,40.744394229255725,-73.89187867177995,POINT (-73.89187867178 40.744394229256)
70102709,2026-08-17T18:01:24.000,Dirty Condition,Trash,In Progress,DSNY,Department of Sanitation,11432.0,JAMAICA,QUEENS,90 AVENUE,40.70434842905563,-73.80300978924362,POINT (-73.803009789244 40.704348429056)
70094001,2026-08-17T18:01:22.000,Damaged Tree,Branch Cracked and Will Fall,In Progress,DPR,Department of Parks and Recreation,11375.0,FOREST HILLS,QUEENS,MANSE STREET,40.712421589879725,-73.8510293102085,POINT (-73.851029310208 40.71242158988)
70092252,2026-08-17T18:01:17.000,UNSANITARY CONDITION,PESTS,Open,HPD,Department of Housing Preservation and Development,10466.0,BRONX,BRONX,EDSON AVENUE,40.897349683398986,-73.84632850937854,POINT (-73.846328509379 40.897349683399)
70097883,2026-08-17T18:01:17.000,UNSANITARY CONDITION,PESTS,Open,HPD,Department of Housing Preservation and Development,10466.0,BRONX,BRONX,EDSON AVENUE,40.897349683398986,-73.84632850937854,POINT (-73.846328509379 40.897349683399)
70100632,2026-08-17T18:01:17.000,UNSANITARY CONDITION,PESTS,Open,HPD,Department of Housing Preservation and Development,10466.0,BRONX,BRONX,EDSON AVENUE,40.897349683398986,-73.84632850937854,POINT (-73.846328509379 40.897349683399)
70099960,2026-08-17T18:00:44.000,Street Condition,Pothole,Open,DOT,Department of Transportation,10312.0,STATEN ISLAND,STATEN ISLAND,WAIMER PLACE,,,
70099879,2026-08-17T18:00:42.000,Illegal Dumping,Removal Request,In Progress,DSNY,Department of Sanitation,11357.0,WHITESTONE,QUEENS,PARSONS BOULEVARD,40.78141159277091,-73.82242493368884,POINT (-73.822424933689 40.781411592771)
70095790,2026-08-17T18:00:29.000,Street Condition,Pothole,Open,DOT,Department of Transportation,11436.0,QUEENS,QUEENS,VAN WYCK EXPRESSWAY,,,
70095686,2026-08-17T17:59:59.000,Dirty Condition,Broken Glass,In Progress,DSNY,Department of Sanitation,11231.0,BROOKLYN,BROOKLYN,HOYT STREET,40.68045332390897,-73.99197078548603,POINT (-73.991970785486 40.680453323909)
70095959,2026-08-17T17:58:21.000,Water Maintenance,Fire Hydrant Defective,Closed,DEP,Department of Environmental Protection,11378.0,MASPETH,QUEENS,BORDEN AVENUE,40.72598807972079,-73.89809601618722,POINT (-73.898096016187 40.725988079721)
70100536,2026-08-17T17:58:00.000,Street Light Condition,Street Light Out,Open,DOT,Department of Transportation,10305.0,STATEN ISLAND,STATEN ISLAND,VIRGINIA AVENUE,,,
70094590,2026-08-17T17:57:45.000,Sewer Maintenance,Flooding on Street,In Progress,DEP,Department of Environmental Protection,11101.0,LONG ISLAND CITY,QUEENS,NORTHERN BOULEVARD,40.75120033996382,-73.93440234985863,POINT (-73.934402349859 40.751200339964)
70094341,2026-08-17T17:57:13.000,Illegal Dumping,Removal Request,In Progress,DSNY,Department of Sanitation,10456.0,BRONX,BRONX,3 AVENUE,40.828615800579534,-73.90691097620564,POINT (-73.906910976206 40.82861580058)
70094422,2026-08-17T17:57:00.000,Traffic Signal Condition,Controller,Open,DOT,Department of Transportation,11226.0,BROOKLYN,BROOKLYN,,40.64485236096988,-73.96001588190326,POINT (-73.960015881903 40.64485236097)
70098436,2026-08-17T17:56:55.000,Dirty Condition,Trash,In Progress,DSNY,Department of Sanitation,11105.0,ASTORIA,QUEENS,47 STREET,40.77042811926945,-73.9010028767764,POINT (-73.901002876776 40.770428119269)
70101517,2026-08-17T17:56:32.000,Sewer Maintenance,Catch Basin Search,In Progress,DEP,Department of Environmental Protection,11385.0,RIDGEWOOD,QUEENS,MYRTLE AVENUE,40.70058435640896,-73.89704208182445,POINT (-73.897042081824 40.700584356409)
70093650,2026-08-17T17:55:22.000,WATER LEAK,SLOW LEAK,Open,HPD,Department of Housing Preservation and Development,10455.0,BRONX,BRONX,AVENUE ST JOHN,40.81239800043307,-73.90121138907543,POINT (-73.901211389075 40.812398000433)
70102094,2026-08-17T17:55:05.000,UNSANITARY CONDITION,MOLD,Open,HPD,Department of Housing Preservation and Development,10032.0,NEW YORK,MANHATTAN,WEST  159 STREET,40.83457846922551,-73.94224509199672,POINT (-73.942245091997 40.834578469226)
70100617,2026-08-17T17:55:05.000,WATER LEAK,HEAVY FLOW,Open,HPD,Department of Housing Preservation and Development,10032.0,NEW YORK,MANHATTAN,WEST  159 STREET,40.83457846922551,-73.94224509199672,POINT (-73.942245091997 40.834578469226)
70092168,2026-08-17T17:55:00.000,Street Light Condition,Street Light Out,Open,DOT,Department of Transportation,11423.0,QUEENS,QUEENS,,40.71597389960121,-73.77110469564695,POINT (-73.771104695647 40.715973899601)
70099968,2026-08-17T17:55:00.000,Traffic Signal Condition,Controller,Closed,DOT,Department of Transportation,11230.0,BROOKLYN,BROOKLYN,,40.634908442380414,-73.96130808759666,POINT (-73.961308087597 40.63490844238)
70096239,2026-08-17T17:54:57.000,Street Condition,Blocked - Construction,In Progress,DOT,Department of Transportation,11210.0,BROOKLYN,BROOKLYN,NEW YORK AVENUE,40.635815843852654,-73.94506531058612,POINT (-73.945065310586 40.635815843853)
70101532,2026-08-17T17:54:52.000,Water Maintenance,Water Main Break,Closed,DEP,Department of Environmental Protection,11205.0,BROOKLYN,BROOKLYN,VANDERBILT AVENUE,40.69482958854672,-73.97015892335044,POINT (-73.97015892335 40.694829588547)
70093649,2026-08-17T17:54:48.000,WATER LEAK,SLOW LEAK,Open,HPD,Department of Housing Preservation and Development,10003.0,NEW YORK,MANHATTAN,EAST   10 STREET,40.73248864153794,-73.99325986301236,POINT (-73.993259863012 40.732488641538)
70094369,2026-08-17T17:53:55.000,Dirty Condition,Trash,In Progress,DSNY,Department of Sanitation,10016.0,NEW YORK,MANHATTAN,MADISON AVENUE,40.74500392545928,-73.98495454505226,POINT (-73.984954545052 40.745003925459)
70097890,2026-08-17T17:53:54.000,UNSANITARY CONDITION,PESTS,Open,HPD,Department of Housing Preservation and Development,11223.0,BROOKLYN,BROOKLYN,OCEAN PARKWAY,40.60889799802224,-73.96759702920683,POINT (-73.967597029207 40.608897998022)
70097124,2026-08-17T17:53:17.000,Illegal Dumping,Removal Request,In Progress,DSNY,Department of Sanitation,11225.0,BROOKLYN,BROOKLYN,HAWTHORNE STREET,40.65728320273362,-73.95921912396113,POINT (-73.959219123961 40.657283202734)
70097330,2026-08-17T17:53:08.000,Water Maintenance,Water Main Break,Closed,DEP,Department of Environmental Protection,11105.0,ASTORIA,QUEENS,DITMARS BOULEVARD,40.78034626652559,-73.91665541675512,POINT (-73.916655416755 40.780346266526)
70095972,2026-08-17T17:53:04.000,Water Maintenance,Fire Hydrant Running,Closed,DEP,Department of Environmental Protection,10468.0,,BRONX,PAUL AVENUE,40.88068846200958,-73.885693819685,POINT (-73.885693819685 40.88068846201)
70095789,2026-08-17T17:52:58.000,Street Condition,Pothole,Open,DOT,Department of Transportation,11373.0,QUEENS,QUEENS,,40.73388582655899,-73.88468996994405,POINT (-73.884689969944 40.733885826559)
70097889,2026-08-17T17:52:50.000,UNSANITARY CONDITION,PESTS,Open,HPD,Department of Housing Preservation and Development,11223.0,BROOKLYN,BROOKLYN,OCEAN PARKWAY,40.60889799802224,-73.96759702920683,POINT (-73.967597029207 40.608897998022)
70097898,2026-08-17T17:52:49.000,UNSANITARY CONDITION,MOLD,Open,HPD,Department of Housing Preservation and Development,10468.0,BRONX,BRONX,VILLA AVENUE,40.87514598606357,-73.88752940510024,POINT (-73.8875294051 40.875145986064)
70093648,2026-08-17T17:52:49.000,WATER LEAK,SLOW LEAK,Open,HPD,Department of Housing Preservation and Development,10468.0,BRONX,BRONX,VILLA AVENUE,40.87514598606357,-73.88752940510024,POINT (-73.8875294051 40.875145986064)
70100118,2026-08-17T17:52:48.000,Water Maintenance,Fire Hydrant Running Full,Closed,DEP,Department of Environmental Protection,10010.0,NEW YORK,MANHATTAN,EAST 23 STREET,40.735733394595485,-73.9760619664225,POINT (-73.976061966422 40.735733394595)
70093659,2026-08-17T17:52:07.000,WATER LEAK,HEAVY FLOW,Open,HPD,Department of Housing Preservation and Development,11356.0,COLLEGE POINT,QUEENS,123 STREET,40.779742614501615,-73.84513756399134,POINT (-73.845137563991 40.779742614502)
70097840,2026-08-17T17:52:05.000,WATER LEAK,HEAVY FLOW,Open,HPD,Department of Housing Preservation and Development,10468.0,BRONX,BRONX,GRAND CONCOURSE,40.864726292871325,-73.89540688095796,POINT (-73.895406880958 40.864726292871)
70100686,2026-08-17T17:52:05.000,UNSANITARY CONDITION,MOLD,Open,HPD,Department of Housing Preservation and Development,10468.0,BRONX,BRONX,GRAND CONCOURSE,40.864726292871325,-73.89540688095796,POINT (-73.895406880958 40.864726292871)
70096573,2026-08-17T17:51:36.000,UNSANITARY CONDITION,MOLD,Open,HPD,Department of Housing Preservation and Development,11221.0,BROOKLYN,BROOKLYN,MYRTLE AVENUE,40.698397335066325,-73.92222511537894,POINT (-73.922225115379 40.698397335066)
70097755,2026-08-17T17:50:02.000,Sidewalk Condition,Sidewalk Violation,In Progress,DOT,Department of Transportation,11105.0,ASTORIA,QUEENS,35 STREET,40.7716179251285,-73.91284660892774,POINT (-73.912846608928 40.771617925129)
70098962,2026-08-17T17:49:33.000,Street Condition,Failed Street Repair,In Progress,DOT,Department of Transportation,10312.0,,STATEN ISLAND,DRUMGOOLE ROAD EAST,40.559126816852,-74.16947343221761,POINT (-74.169473432218 40.559126816852)
70098720,2026-08-17T17:49:23.000,Sewer Maintenance,Catch Basin Clogged,In Progress,DEP,Department of Environmental Protection,11101.0,,QUEENS,40 AVENUE,40.75160349150871,-73.93383169188243,POINT (-73.933831691882 40.751603491509)
70102006,2026-08-17T17:48:38.000,WATER LEAK,SLOW LEAK,Open,HPD,Department of Housing Preservation and Development,11207.0,BROOKLYN,BROOKLYN,CENTRAL AVENUE,40.68940745075233,-73.90988906567071,POINT (-73.909889065671 40.689407450752)
70095782,2026-08-17T17:47:59.000,Street Condition,Pothole,Open,DOT,Department of Transportation,11208.0,BROOKLYN,BROOKLYN,FOUNTAIN AVENUE,,,
70102389,2026-08-17T17:47:50.000,Damaged Tree,Branch Cracked and Will Fall,In Progress,DPR,Department of Parks and Recreation,10308.0,STATEN ISLAND,STATEN ISLAND,HOLLY AVENUE,40.54460947242986,-74.1518312497896,POINT (-74.15183124979 40.54460947243)
70092976,2026-08-17T17:47:29.000,Street Condition,Pothole,Open,DOT,Department of Transportation,11434.0,QUEENS,QUEENS,,40.667522405001336,-73.78062518365624,POINT (-73.780625183656 40.667522405001)
70093153,2026-08-17T17:47:21.000,Water Maintenance,Dirty Water,In Progress,DEP,Department of Environmental Protection,11101.0,LONG ISLAND CITY,QUEENS,THOMSON AVENUE,40.74630252137764,-73.94245154301639,POINT (-73.942451543016 40.746302521378)
70095110,2026-08-17T17:46:21.000,UNSANITARY CONDITION,MOLD,Open,HPD,Department of Housing Preservation and Development,10457.0,BRONX,BRONX,MONTEREY AVENUE,40.84786207176519,-73.89456592512717,POINT (-73.894565925127 40.847862071765)
70095109,2026-08-17T17:46:16.000,UNSANITARY CONDITION,MOLD,Open,HPD,Department of Housing Preservation and Development,10455.0,BRONX,BRONX,EAST  152 STREET,40.818661235803965,-73.91848251812543,POINT (-73.918482518125 40.818661235804)
70095969,2026-08-17T17:46:05.000,Water Maintenance,Fire Hydrant Running,In Progress,DEP,Department of Environmental Protection,11358.0,FLUSHING,QUEENS,167 STREET,40.77051846044842,-73.79789324932337,POINT (-73.797893249323 40.770518460448)
70098683,2026-08-17T17:45:52.000,Water Maintenance,Leak,Closed,DEP,Department of Environmental Protection,11368.0,CORONA,QUEENS,111 STREET,40.74939546029927,-73.8547181715787,POINT (-73.854718171579 40.749395460299)
70102038,2026-08-17T17:45:38.000,UNSANITARY CONDITION,PESTS,Open,HPD,Department of Housing Preservation and Development,11209.0,BROOKLYN,BROOKLYN,FT HAMILTON PARKWAY,40.62229782377688,-74.02185127028054,POINT (-74.021851270281 40.622297823777)
70102080,2026-08-17T17:45:38.000,UNSANITARY CONDITION,PESTS,Open,HPD,Department of Housing Preservation and Development,11209.0,BROOKLYN,BROOKLYN,FT HAMILTON PARKWAY,40.62229782377688,-74.02185127028054,POINT (-74.021851270281 40.622297823777)
70099951,2026-08-17T17:45:36.000,Street Condition,Pothole,Open,DOT,Department of Transportation,10034.0,MANHATTAN,MANHATTAN,WEST  205 STREET,,,
70100630,2026-08-17T17:45:36.000,UNSANITARY CONDITION,PESTS,Open,HPD,Department of Housing Preservation and Development,11691.0,FAR ROCKAWAY,QUEENS,SEAGIRT BOULEVARD,40.595235815224136,-73.7562943724493,POINT (-73.756294372449 40.595235815224)
70093964,2026-08-17T17:44:46.000,Damaged Tree,Tree Alive - in Poor Condition,In Progress,DPR,Department of Parks and Recreation,11230.0,BROOKLYN,BROOKLYN,FOSTER AVENUE,40.635432346608,-73.96028093940333,POINT (-73.960280939403 40.635432346608)
70099950,2026-08-17T17:43:31.000,Street Condition,Pothole,Open,DOT,Department of Transportation,10022.0,MANHATTAN,MANHATTAN,EAST   59 STREET,,,
70095955,2026-08-17T17:43:21.000,Water Maintenance,Fire Hydrant Running Full,In Progress,DEP,Department of Environmental Protection,10458.0,BRONX,BRONX,WASHINGTON AVENUE,40.85628616651157,-73.89223901629778,POINT (-73.892239016298 40.856286166512)
70093143,2026-08-17T17:43:12.000,Water Maintenance,Leak,In Progress,DEP,Department of Environmental Protection,11208.0,,BROOKLYN,ATLANTIC AVENUE,40.68001502929528,-73.87742815425175,POINT (-73.877428154252 40.680015029295)
70100684,2026-08-17T17:43:06.000,UNSANITARY CONDITION,MOLD,Open,HPD,Department of Housing Preservation and Development,11207.0,BROOKLYN,BROOKLYN,ARLINGTON AVENUE,40.679752388235904,-73.89197987058503,POINT (-73.891979870585 40.679752388236)
70099893,2026-08-17T17:42:20.000,Illegal Dumping,Removal Request,In Progress,DSNY,Department of Sanitation,11412.0,SAINT ALBANS,QUEENS,199 STREET,40.69389105051663,-73.75328326030616,POINT (-73.753283260306 40.693891050517)
70101962,2026-08-17T17:42:00.000,Street Light Condition,Street Light Out,Open,DOT,Department of Transportation,11435.0,JAMAICA,QUEENS,90 AVENUE,40.703276466431824,-73.8069838655071,POINT (-73.806983865507 40.703276466432)
70099140,2026-08-17T17:42:00.000,Street Light Condition,Street Light Out,Open,DOT,Department of Transportation,10309.0,STATEN ISLAND,STATEN ISLAND,BAYVIEW AVENUE,40.52338329428797,-74.20511832438191,POINT (-74.205118324382 40.523383294288)
70094363,2026-08-17T17:41:52.000,Dirty Condition,Trash,In Progress,DSNY,Department of Sanitation,11368.0,CORONA,QUEENS,ROOSEVELT AVENUE,40.75000209042226,-73.86143350225437,POINT (-73.861433502254 40.750002090422)
70094408,2026-08-17T17:41:05.000,Street Condition,Pothole,Open,DOT,Department of Transportation,11372.0,QUEENS,QUEENS,,40.74744051523557,-73.88578891484492,POINT (-73.885788914845 40.747440515236)
70098955,2026-08-17T17:40:39.000,Street Condition,Cave-in,In Progress,DOT,Department of Transportation,11412.0,SAINT ALBANS,QUEENS,202 STREET,40.70860205106939,-73.75668064570107,POINT (-73.756680645701 40.708602051069)
70093580,2026-08-17T17:40:19.000,Sidewalk Condition,Sidewalk Violation,In Progress,DOT,Department of Transportation,11435.0,JAMAICA,QUEENS,85 AVENUE,40.71118668161673,-73.8101568203503,POINT (-73.81015682035 40.711186681617)
70102092,2026-08-17T17:40:01.000,UNSANITARY CONDITION,MOLD,Open,HPD,Department of Housing Preservation and Development,10034.0,NEW YORK,MANHATTAN,ISHAM STREET,40.866551109634656,-73.91876005338612,POINT (-73.918760053386 40.866551109635)
70092277,2026-08-17T17:40:01.000,UNSANITARY CONDITION,PESTS,Open,HPD,Department of Housing Preservation and Development,10034.0,NEW YORK,MANHATTAN,ISHAM STREET,40.866551109634656,-73.91876005338612,POINT (-73.918760053386 40.866551109635)
70101958,2026-08-17T17:40:00.000,Street Light Condition,Street Light Out,Open,DOT,Department of Transportation,11223.0,BROOKLYN,BROOKLYN,WEST    4 STREET,40.5979922043004,-73.97583767707003,POINT (-73.97583767707 40.5979922043)
70095330,2026-08-17T17:39:57.000,Damaged Tree,Branch or Limb Has Fallen Down,In Progress,DPR,Department of Parks and Recreation,11204.0,BROOKLYN,BROOKLYN,SETH LOW PLAYGROUND,40.6085668571335,-73.98607655202892,POINT (-73.986076552029 40.608566857134)
70093180,2026-08-17T17:38:45.000,Sewer Maintenance,Catch Basin Clogged,In Progress,DEP,Department of Environmental Protection,11208.0,,BROOKLYN,CRESCENT STREET,40.68365164290631,-73.87218617994516,POINT (-73.872186179945 40.683651642906)
70093135,2026-08-17T17:38:01.000,Water Maintenance,Water Main Break,Closed,DEP,Department of Environmental Protection,11375.0,,QUEENS,69 AVENUE,40.7207561551753,-73.85004024141683,POINT (-73.850040241417 40.720756155175)
70098537,2026-08-17T17:37:04.000,Street Condition,Pothole,Open,DOT,Department of Transportation,11422.0,QUEENS,QUEENS,,40.666416023635946,-73.73849046642708,POINT (-73.738490466427 40.666416023636)
70101271,2026-08-17T17:35:24.000,Dirty Condition,Trash,In Progress,DSNY,Department of Sanitation,11208.0,BROOKLYN,BROOKLYN,PITKIN AVENUE,40.674989307290026,-73.87484532163761,POINT (-73.874845321638 40.67498930729)
70094362,2026-08-17T17:35:23.000,Dirty Condition,Trash,In Progress,DSNY,Department of Sanitation,11211.0,BROOKLYN,BROOKLYN,BEDFORD AVENUE,40.71791187007738,-73.95762722855426,POINT (-73.957627228554 40.717911870077)
70095985,2026-08-17T17:34:41.000,Sewer Maintenance,Catch Basin Clogged,In Progress,DEP,Department of Environmental Protection,10034.0,NEW YORK,MANHATTAN,SHERMAN AVENUE,40.86538351985961,-73.92114042773673,POINT (-73.921140427737 40.86538351986)
70101328,2026-08-17T17:34:15.000,Dirty Condition,Trash,In Progress,DSNY,Department of Sanitation,10011.0,NEW YORK,MANHATTAN,WEST 23 STREET,40.745754223911696,-73.99955610175316,POINT (-73.999556101753 40.745754223912)
70102005,2026-08-17T17:34:09.000,WATER LEAK,SLOW LEAK,Open,HPD,Department of Housing Preservation and Development,10457.0,BRONX,BRONX,BEAUMONT AVENUE,40.851663280729376,-73.8857003238981,POINT (-73.885700323898 40.851663280729)
70099147,2026-08-17T17:34:09.000,Street Condition,"Rough, Pitted or Cracked Roads",In Progress,DOT,Department of Transportation,11416.0,OZONE PARK,QUEENS,101 AVENUE,40.68554575148886,-73.84147301456662,POINT (-73.841473014567 40.685545751489)
70091620,2026-08-17T17:34:00.000,Traffic Signal Condition,Pedestrian Signal,Assigned,DOT,Department of Transportation,11229.0,BROOKLYN,BROOKLYN,,40.594648857783255,-73.95655680504274,POINT (-73.956556805043 40.594648857783)
70093965,2026-08-17T17:33:19.000,Damaged Tree,Tree Alive - in Poor Condition,In Progress,DPR,Department of Parks and Recreation,11203.0,BROOKLYN,BROOKLYN,FOSTER AVENUE,40.63945551844264,-73.93472839214742,POINT (-73.934728392147 40.639455518443)
70094595,2026-08-17T17:32:04.000,Sewer Maintenance,Catch Basin Clogged,In Progress,DEP,Department of Environmental Protection,11378.0,MASPETH,QUEENS,FLUSHING AVENUE,40.72221479785889,-73.902138753338,POINT (-73.902138753338 40.722214797859)
70102360,2026-08-17T17:31:51.000,Damaged Tree,Branch Cracked and Will Fall,In Progress,DPR,Department of Parks and Recreation,10028.0,NEW YORK,MANHATTAN,EAST 82 STREET,40.77728653664428,-73.95834045980769,POINT (-73.958340459808 40.777286536644)
70095728,2026-08-17T17:31:44.000,Illegal Dumping,Removal Request,In Progress,DSNY,Department of Sanitation,11358.0,,QUEENS,169 STREET,40.75823257845025,-73.79767424495768,POINT (-73.797674244958 40.75823257845)
70100121,2026-08-17T17:31:14.000,Water Maintenance,Fire Hydrant Running,In Progress,DEP,Department of Environmental Protection,10034.0,NEW YORK,MANHATTAN,SHERMAN AVENUE,40.86548214822022,-73.92087638455081,POINT (-73.920876384551 40.86548214822)
70098699,2026-08-17T17:30:36.000,Water Maintenance,Fire Hydrant Running,In Progress,DEP,Department of Environmental Protection,10461.0,BRONX,BRONX,ROBERTS AVENUE,40.84607098955305,-73.82911964571997,POINT (-73.82911964572 40.846070989553)
70093658,2026-08-17T17:30:34.000,WATER LEAK,HEAVY FLOW,Open,HPD,Department of Housing Preservation and Development,11223.0,BROOKLYN,BROOKLYN,COLBY COURT,40.58423743915334,-73.97325050893596,POINT (-73.973250508936 40.584237439153)
70096265,2026-08-17T17:30:14.000,Street Condition,Cave-in,In Progress,DOT,Department of Transportation,11354.0,FLUSHING,QUEENS,PRINCE STREET,40.76369411469326,-73.83334521389295,POINT (-73.833345213893 40.763694114693)
70093142,2026-08-17T17:30:07.000,Water Maintenance,Leak,In Progress,DEP,Department of Environmental Protection,11355.0,FLUSHING,QUEENS,MURRAY STREET,40.758043625713626,-73.81085348200641,POINT (-73.810853482006 40.758043625714)
70100527,2026-08-17T17:29:39.000,Sidewalk Condition,Sidewalk Violation,In Progress,DOT,Department of Transportation,10461.0,BRONX,BRONX,FRISBY AVENUE,40.84096100311587,-73.84514323412463,POINT (-73.845143234125 40.840961003116)
70092587,2026-08-17T17:29:38.000,Damaged Tree,Branch Cracked and Will Fall,In Progress,DPR,Department of Parks and Recreation,11373.0,ELMHURST,QUEENS,ITHACA STREET,40.74597414039632,-73.88238819459418,POINT (-73.882388194594 40.745974140396)
70098473,2026-08-17T17:29:04.000,Illegal Dumping,Removal Request,In Progress,DSNY,Department of Sanitation,11214.0,BROOKLYN,BROOKLYN,SHORE PARKWAY,40.590767480372186,-73.99307613718784,POINT (-73.993076137188 40.590767480372)
70098701,2026-08-17T17:28:24.000,Water Maintenance,Fire Hydrant Running,In Progress,DEP,Department of Environmental Protection,10040.0,NEW YORK,MANHATTAN,DYCKMAN STREET,40.863718021154384,-73.92609179191042,POINT (-73.92609179191 40.863718021154)
70097577,2026-08-17T17:28:22.000,Street Condition,Cave-in,In Progress,DOT,Department of Transportation,11231.0,BROOKLYN,BROOKLYN,COURT STREET,40.679816781068496,-73.99713734375189,POINT (-73.997137343752 40.679816781068)
70093729,2026-08-17T17:27:14.000,UNSANITARY CONDITION,MOLD,Open,HPD,Department of Housing Preservation and Development,10462.0,BRONX,BRONX,VAN NEST AVENUE,40.84404266176399,-73.86423384223299,POINT (-73.864233842233 40.844042661764)
70099130,2026-08-17T17:26:31.000,Sidewalk Condition,Broken Sidewalk,In Progress,DOT,Department of Transportation,11209.0,BROOKLYN,BROOKLYN,OVINGTON AVENUE,40.63084582826762,-74.01760646805266,POINT (-74.017606468053 40.630845828268)
70095378,2026-08-17T17:25:29.000,Damaged Tree,Branch or Limb Has Fallen Down,In Progress,DPR,Department of Parks and Recreation,11369.0,EAST ELMHURST,QUEENS,29 AVENUE,40.76340773539149,-73.86398307366525,POINT (-73.863983073665 40.763407735391)
70092975,2026-08-17T17:25:21.000,Street Condition,Pothole,Open,DOT,Department of Transportation,11434.0,QUEENS,QUEENS,,40.66119878559943,-73.77095744385802,POINT (-73.770957443858 40.661198785599)
70093587,2026-08-17T17:25:18.000,Sidewalk Condition,Broken Sidewalk,In Progress,DOT,Department of Transportation,10019.0,NEW YORK,MANHATTAN,WEST 49 STREET,40.761096412036586,-73.98524691030464,POINT (-73.985246910305 40.761096412037)
70094819,2026-08-17T17:24:24.000,Street Condition,Cave-in,In Progress,DOT,Department of Transportation,11231.0,BROOKLYN,BROOKLYN,COURT STREET,40.68121659656425,-73.99646306709347,POINT (-73.996463067093 40.681216596564)
70093657,2026-08-17T17:24:14.000,WATER LEAK,HEAVY FLOW,Open,HPD,Department of Housing Preservation and Development,11373.0,ELMHURST,QUEENS,BROADWAY,40.739192574908365,-73.87780644713042,POINT (-73.87780644713 40.739192574908)
70093670,2026-08-17T17:24:13.000,WATER LEAK,DAMP SPOT,Open,HPD,Department of Housing Preservation and Development,10026.0,NEW YORK,MANHATTAN,WEST  115 STREET,40.80167606607907,-73.95096401880369,POINT (-73.950964018804 40.801676066079)
70097220,2026-08-17T17:24:00.000,Traffic Signal Condition,Ped Lamp,Open,DOT,Department of Transportation,11205.0,BROOKLYN,BROOKLYN,,40.68888133680543,-73.96000390333606,POINT (-73.960003903336 40.688881336805)
70094365,2026-08-17T17:23:37.000,Dirty Condition,Trash,In Progress,DSNY,Department of Sanitation,10466.0,BRONX,BRONX,EAST 232 STREET,40.89236468907235,-73.85648903709873,POINT (-73.856489037099 40.892364689072)
70097143,2026-08-17T17:23:15.000,Dirty Condition,Trash,In Progress,DSNY,Department of Sanitation,11222.0,BROOKLYN,BROOKLYN,LOMBARDY STREET,40.72234677360328,-73.93806366584732,POINT (-73.938063665847 40.722346773603)
70095817,2026-08-17T17:23:00.000,Traffic Signal Condition,Cable,Closed,DOT,Department of Transportation,11201.0,BROOKLYN,BROOKLYN,,40.69035902635859,-73.98973752163188,POINT (-73.989737521632 40.690359026359)
70098545,2026-08-17T17:23:00.000,Traffic Signal Condition,APS,Open,DOT,Department of Transportation,11372.0,QUEENS,QUEENS,,40.75043233316746,-73.87780387626026,POINT (-73.87780387626 40.750432333167)
70091775,2026-08-17T17:21:16.000,Water Maintenance,Fire Hydrant Running,In Progress,DEP,Department of Environmental Protection,10455.0,BRONX,BRONX,EAST 149 STREET,40.8147085471858,-73.9142966628472,POINT (-73.914296662847 40.814708547186)
70100708,2026-08-17T17:21:14.000,UNSANITARY CONDITION,GARBAGE/RECYCLING STORAGE,Open,HPD,Department of Housing Preservation and Development,10009.0,NEW YORK,MANHATTAN,AVENUE A,40.72275507245181,-73.98592281935046,POINT (-73.98592281935 40.722755072452)
70093715,2026-08-17T17:21:12.000,UNSANITARY CONDITION,PESTS,Open,HPD,Department of Housing Preservation and Development,11212.0,BROOKLYN,BROOKLYN,EAST   93 STREET,40.66260867635893,-73.92710399053617,POINT (-73.927103990536 40.662608676359)
70100655,2026-08-17T17:21:11.000,UNSANITARY CONDITION,PESTS,Open,HPD,Department of Housing Preservation and Development,11212.0,BROOKLYN,BROOKLYN,EAST   93 STREET,40.66260867635893,-73.92710399053617,POINT (-73.927103990536 40.662608676359)
70096240,2026-08-17T17:20:49.000,Street Condition,Blocked - Construction,In Progress,DOT,Department of Transportation,11231.0,BROOKLYN,BROOKLYN,COURT STREET,40.68121659656425,-73.99646306709347,POINT (-73.996463067093 40.681216596564)
70094358,2026-08-17T17:19:58.000,Dirty Condition,Trash,In Progress,DSNY,Department of Sanitation,11208.0,BROOKLYN,BROOKLYN,MCKINLEY AVENUE,40.67940532780673,-73.87205371001355,POINT (-73.872053710014 40.679405327807)
70102718,2026-08-17T17:19:21.000,Dirty Condition,Trash,In Progress,DSNY,Department of Sanitation,11103.0,ASTORIA,QUEENS,46 STREET,40.76649381575967,-73.90626496470514,POINT (-73.906264964705 40.76649381576)
70101939,2026-08-17T17:19:07.000,Sidewalk Condition,Sidewalk Violation,In Progress,DOT,Department of Transportation,11216.0,BROOKLYN,BROOKLYN,LEXINGTON AVENUE,40.68740757550713,-73.953204302492,POINT (-73.953204302492 40.687407575507)
70099849,2026-08-17T17:19:07.000,Dirty Condition,Trash,In Progress,DSNY,Department of Sanitation,10455.0,BRONX,BRONX,BECK STREET,40.816331767559255,-73.8987163591051,POINT (-73.898716359105 40.816331767559)
70098433,2026-08-17T17:18:15.000,Dirty Condition,Trash,In Progress,DSNY,Department of Sanitation,10455.0,BRONX,BRONX,BECK STREET,40.8162714345279,-73.89877425501105,POINT (-73.898774255011 40.816271434528)
70095095,2026-08-17T17:18:07.000,UNSANITARY CONDITION,PESTS,Open,HPD,Department of Housing Preservation and Development,10035.0,NEW YORK,MANHATTAN,EAST  119 STREET,40.79851469831928,-73.93539230931917,POINT (-73.935392309319 40.798514698319)
70095084,2026-08-17T17:18:07.000,UNSANITARY CONDITION,PESTS,Open,HPD,Department of Housing Preservation and Development,10035.0,NEW YORK,MANHATTAN,EAST  119 STREET,40.79851469831928,-73.93539230931917,POINT (-73.935392309319 40.798514698319)
70095810,2026-08-17T17:18:00.000,Traffic Signal Condition,Controller,Closed,DOT,Department of Transportation,11356.0,QUEENS,QUEENS,,40.778616899523335,-73.83886114728601,POINT (-73.838861147286 40.778616899523)
70100707,2026-08-17T17:17:58.000,UNSANITARY CONDITION,GARBAGE/RECYCLING STORAGE,Open,HPD,Department of Housing Preservation and Development,11214.0,BROOKLYN,BROOKLYN,BAY   32 STREET,40.597961720500976,-73.9955456364452,POINT (-73.995545636445 40.597961720501)
70096419,2026-08-17T17:17:28.000,Sidewalk Condition,Broken Sidewalk,In Progress,DOT,Department of Transportation,11223.0,BROOKLYN,BROOKLYN,MCDONALD AVENUE,40.59633104973441,-73.97334288716355,POINT (-73.973342887164 40.596331049734)
70101310,2026-08-17T17:17:18.000,Illegal Dumping,Removal Request,In Progress,DSNY,Department of Sanitation,10026.0,NEW YORK,MANHATTAN,SAINT NICHOLAS AVENUE,40.80164653769887,-73.95254969084608,POINT (-73.952549690846 40.801646537699)
70091993,2026-08-17T17:17:06.000,Street Condition,Blocked - Construction,In Progress,DOT,Department of Transportation,11215.0,BROOKLYN,BROOKLYN,18 STREET,40.66361416741156,-73.99261801519405,POINT (-73.992618015194 40.663614167412)
70101793,2026-08-17T17:16:49.000,Street Condition,Cave-in,In Progress,DOT,Department of Transportation,11221.0,BROOKLYN,BROOKLYN,QUINCY STREET,40.68908509768983,-73.93210882992975,POINT (-73.93210882993 40.68908509769)
70098550,2026-08-17T17:16:00.000,Traffic Signal Condition,Controller,Closed,DOT,Department of Transportation,10458.0,BRONX,BRONX,,40.86421612958148,-73.89579452686064,POINT (-73.895794526861 40.864216129581)
70101945,2026-08-17T17:15:40.000,Sidewalk Condition,Broken Sidewalk,In Progress,DOT,Department of Transportation,11223.0,BROOKLYN,BROOKLYN,MCDONALD AVENUE,40.5962569426873,-73.97335371929547,POINT (-73.973353719295 40.596256942687)
70094979,2026-08-17T17:14:46.000,Sidewalk Condition,Broken Sidewalk,In Progress,DOT,Department of Transportation,10028.0,NEW YORK,MANHATTAN,EAST 85 STREET,40.77772110332989,-73.9535127331164,POINT (-73.953512733116 40.77772110333)
70092911,2026-08-17T17:14:43.000,Illegal Dumping,Removal Request,In Progress,DSNY,Department of Sanitation,10452.0,BRONX,BRONX,EAST 170 STREET,40.83906816448844,-73.91464836498703,POINT (-73.914648364987 40.839068164488)
70097858,2026-08-17T17:14:27.000,UNSANITARY CONDITION,PESTS,Open,HPD,Department of Housing Preservation and Development,10011.0,NEW YORK,MANHATTAN,WEST   22 STREET,40.74369561747204,-73.99678093494671,POINT (-73.996780934947 40.743695617472)
70091994,2026-08-17T17:14:26.000,Street Condition,Dumpster - Construction Waste,In Progress,DOT,Department of Transportation,11215.0,BROOKLYN,BROOKLYN,18 STREET,40.66361416741156,-73.99261801519405,POINT (-73.992618015194 40.663614167412)
70097154,2026-08-17T17:13:06.000,Illegal Dumping,Chronic Dumping,In Progress,DSNY,Department of Sanitation,11226.0,BROOKLYN,BROOKLYN,LENOX ROAD,40.65430319985043,-73.94770261843098,POINT (-73.947702618431 40.65430319985)
70100682,2026-08-17T17:11:35.000,UNSANITARY CONDITION,MOLD,Open,HPD,Department of Housing Preservation and Development,11212.0,BROOKLYN,BROOKLYN,EAST NEW YORK AVENUE,40.66980930047122,-73.91655922902797,POINT (-73.916559229028 40.669809300471)
70100706,2026-08-17T17:11:25.000,UNSANITARY CONDITION,GARBAGE/RECYCLING STORAGE,Open,HPD,Department of Housing Preservation and Development,10035.0,NEW YORK,MANHATTAN,EAST  119 STREET,40.79851469831928,-73.93539230931917,POINT (-73.935392309319 40.798514698319)
70095373,2026-08-17T17:11:15.000,Damaged Tree,Entire Tree Has Fallen Down,In Progress,DPR,Department of Parks and Recreation,11364.0,OAKLAND GARDENS,QUEENS,50 AVENUE,40.75087983935558,-73.77710238350538,POINT (-73.777102383505 40.750879839356)
70101371,2026-08-17T17:10:32.000,Street Condition,Pothole,Open,DOT,Department of Transportation,11363.0,QUEENS,QUEENS,,40.77350262579392,-73.74556162470891,POINT (-73.745561624709 40.773502625794)
70100123,2026-08-17T17:10:32.000,Water Maintenance,Fire Hydrant Running,In Progress,DEP,Department of Environmental Protection,11220.0,BROOKLYN,BROOKLYN,55 STREET,40.64551381682104,-74.0185652679334,POINT (-74.018565267933 40.645513816821)
70093728,2026-08-17T17:09:19.000,UNSANITARY CONDITION,MOLD,Open,HPD,Department of Housing Preservation and Development,10456.0,BRONX,BRONX,EAST  167 STREET,40.82995342321745,-73.90809071855236,POINT (-73.908090718552 40.829953423217)
70093679,2026-08-17T17:09:19.000,UNSANITARY CONDITION,PESTS,Open,HPD,Department of Housing Preservation and Development,10456.0,BRONX,BRONX,EAST  167 STREET,40.82995342321745,-73.90809071855236,POINT (-73.908090718552 40.829953423217)
70101792,2026-08-17T17:09:01.000,Street Condition,Cave-in,In Progress,DOT,Department of Transportation,11249.0,,BROOKLYN,WYTHE AVENUE,40.71573210109785,-73.96447166925978,POINT (-73.96447166926 40.715732101098)
70102117,2026-08-17T17:08:44.000,UNSANITARY CONDITION,GARBAGE/RECYCLING STORAGE,Open,HPD,Department of Housing Preservation and Development,10467.0,BRONX,BRONX,ARNOW AVENUE,40.867853456050575,-73.86464440497484,POINT (-73.864644404975 40.867853456051)
70102103,2026-08-17T17:08:29.000,UNSANITARY CONDITION,MOLD,Open,HPD,Department of Housing Preservation and Development,11374.0,REGO PARK,QUEENS,67 AVENUE,40.72388966841461,-73.85569735780408,POINT (-73.855697357804 40.723889668415)
70099203,2026-08-17T17:08:29.000,WATER LEAK,SLOW LEAK,Open,HPD,Department of Housing Preservation and Development,11374.0,REGO PARK,QUEENS,67 AVENUE,40.72388966841461,-73.85569735780408,POINT (-73.855697357804 40.723889668415)
70098676,2026-08-17T17:08:25.000,Water Maintenance,Low Pressure,In Progress,DEP,Department of Environmental Protection,11423.0,HOLLIS,QUEENS,FARMERS BOULEVARD,40.70933668818302,-73.7681841997485,POINT (-73.768184199748 40.709336688183)
70100938,2026-08-17T17:08:06.000,Damaged Tree,Tree Leaning/Uprooted,In Progress,DPR,Department of Parks and Recreation,11215.0,,BROOKLYN,FISKE PLACE,40.67255409852975,-73.97466428515064,POINT (-73.974664285151 40.67255409853)
70094336,2026-08-17T17:07:21.000,Illegal Dumping,Removal Request,In Progress,DSNY,Department of Sanitation,10016.0,,MANHATTAN,EAST 29 STREET,40.7446279321069,-73.98524333939334,POINT (-73.985243339393 40.744627932107)
70096256,2026-08-17T17:06:53.000,Street Condition,Defective Hardware,In Progress,DOT,Department of Transportation,11364.0,OAKLAND GARDENS,QUEENS,77 AVENUE,40.73713303666192,-73.75626251921696,POINT (-73.756262519217 40.737133036662)
70101551,2026-08-17T17:06:20.000,Water Maintenance,Water Main Break,In Progress,DEP,Department of Environmental Protection,11220.0,BROOKLYN,BROOKLYN,5 AVENUE,40.64385688014424,-74.01160300426575,POINT (-74.011603004266 40.643856880144)
70092906,2026-08-17T17:06:14.000,Illegal Dumping,Removal Request,In Progress,DSNY,Department of Sanitation,11219.0,BROOKLYN,BROOKLYN,FORT HAMILTON PARKWAY,40.63495334545998,-74.0027886730033,POINT (-74.002788673003 40.63495334546)
70095734,2026-08-17T17:05:43.000,Dirty Condition,Trash,In Progress,DSNY,Department of Sanitation,10010.0,NEW YORK,MANHATTAN,EAST 21 STREET,40.73712623410264,-73.98311240001236,POINT (-73.983112400012 40.737126234103)
70102073,2026-08-17T17:05:11.000,UNSANITARY CONDITION,PESTS,Open,HPD,Department of Housing Preservation and Development,10025.0,NEW YORK,MANHATTAN,CATHEDRAL PARKWAY,40.80206989690272,-73.96173827257928,POINT (-73.961738272579 40.802069896903)
70100689,2026-08-17T17:05:01.000,UNSANITARY CONDITION,MOLD,Open,HPD,Department of Housing Preservation and Development,10025.0,NEW YORK,MANHATTAN,CATHEDRAL PARKWAY,40.80206989690272,-73.96173827257928,POINT (-73.961738272579 40.802069896903)
70094404,2026-08-17T17:03:17.000,Street Condition,Pothole,Open,DOT,Department of Transportation,11230.0,BROOKLYN,BROOKLYN,EAST    8 STREET,,,
70100119,2026-08-17T17:02:46.000,Water Maintenance,Fire Hydrant Running,In Progress,DEP,Department of Environmental Protection,10467.0,BRONX,BRONX,JEROME AVENUE,40.883971099410495,-73.88026713958368,POINT (-73.880267139584 40.88397109941)
70101518,2026-08-17T17:01:49.000,Sewer Maintenance,Catch Basin Search,In Progress,DEP,Department of Environmental Protection,11423.0,,QUEENS,90 AVENUE,40.71669633231478,-73.76058312857381,POINT (-73.760583128574 40.716696332315)
70099854,2026-08-17T17:00:07.000,Dirty Condition,Trash,In Progress,DSNY,Department of Sanitation,11206.0,BROOKLYN,BROOKLYN,WALLABOUT STREET,40.702199551511264,-73.9477948816533,POINT (-73.947794881653 40.702199551511)
70099283,2026-08-17T16:58:44.000,UNSANITARY CONDITION,GARBAGE/RECYCLING STORAGE,Open,HPD,Department of Housing Preservation and Development,10039.0,NEW YORK,MANHATTAN,WEST  153 STREET,40.82740937295622,-73.93717815939885,POINT (-73.937178159399 40.827409372956)
70095075,2026-08-17T16:58:44.000,UNSANITARY CONDITION,PESTS,Open,HPD,Department of Housing Preservation and Development,10039.0,NEW YORK,MANHATTAN,WEST  153 STREET,40.82740937295622,-73.93717815939885,POINT (-73.937178159399 40.827409372956)
70096518,2026-08-17T16:58:40.000,WATER LEAK,HEAVY FLOW,Open,HPD,Department of Housing Preservation and Development,11385.0,RIDGEWOOD,QUEENS,COOPER AVENUE,40.69639594644783,-73.8941346920517,POINT (-73.894134692052 40.696395946448)
70099143,2026-08-17T16:58:00.000,Street Light Condition,Street Light Lamp Dim,Open,DOT,Department of Transportation,11236.0,BROOKLYN,BROOKLYN,EAST   94 STREET,40.63345749032487,-73.89343109796339,POINT (-73.893431097963 40.633457490325)
70102695,2026-08-17T16:57:50.000,Illegal Dumping,Removal Request,In Progress,DSNY,Department of Sanitation,11230.0,BROOKLYN,BROOKLYN,AVENUE O,40.61307245614246,-73.95796390722387,POINT (-73.957963907224 40.613072456142)
70097365,2026-08-17T16:57:17.000,Sewer Maintenance,Catch Basin Clogged,In Progress,DEP,Department of Environmental Protection,11225.0,,BROOKLYN,BEDFORD AVENUE,40.6567112832873,-73.95647674418453,POINT (-73.956476744185 40.656711283287)
70098536,2026-08-17T16:57:01.000,Street Condition,Pothole,Open,DOT,Department of Transportation,11417.0,QUEENS,QUEENS,104 STREET,,,
70099881,2026-08-17T16:56:41.000,Illegal Dumping,Removal Request,In Progress,DSNY,Department of Sanitation,11235.0,,BROOKLYN,VOORHIES AVENUE,40.58653644150571,-73.94642716714522,POINT (-73.946427167145 40.586536441506)
70097881,2026-08-17T16:56:00.000,UNSANITARY CONDITION,PESTS,Open,HPD,Department of Housing Preservation and Development,10009.0,NEW YORK,MANHATTAN,EAST    6 STREET,40.7252909137455,-73.98354833765568,POINT (-73.983548337656 40.725290913746)
70099271,2026-08-17T16:55:28.000,UNSANITARY CONDITION,MOLD,Open,HPD,Department of Housing Preservation and Development,10280.0,NEW YORK,MANHATTAN,SOUTH END AVENUE,40.71109782673453,-74.01598284953477,POINT (-74.015982849535 40.711097826735)
70094400,2026-08-17T16:54:49.000,Street Condition,Pothole,Open,DOT,Department of Transportation,10466.0,BRONX,BRONX,WICKHAM AVENUE,,,
70098945,2026-08-17T16:54:40.000,Street Condition,Cave-in,In Progress,DOT,Department of Transportation,10035.0,,MANHATTAN,EAST 119 STREET,40.79989155169218,-73.9385838614885,POINT (-73.938583861488 40.799891551692)
70097129,2026-08-17T16:54:04.000,Dirty Condition,Trash,In Progress,DSNY,Department of Sanitation,10472.0,,BRONX,WHITEPLAINS ROAD,,,
70101401,2026-08-17T16:54:00.000,Traffic Signal Condition,Post,Assigned,DOT,Department of Transportation,11367.0,QUEENS,QUEENS,,40.72668580106119,-73.82182031612965,POINT (-73.82182031613 40.726685801061)
70097569,2026-08-17T16:53:55.000,Street Condition,Cave-in,In Progress,DOT,Department of Transportation,10451.0,BRONX,BRONX,GRAND CONCOURSE,40.816019169674966,-73.92840633993131,POINT (-73.928406339931 40.816019169675)
70094403,2026-08-17T16:53:44.000,Street Condition,Pothole,Open,DOT,Department of Transportation,11206.0,BROOKLYN,BROOKLYN,EVERGREEN AVENUE,,,
70097208,2026-08-17T16:53:00.000,Traffic Signal Condition,Controller,Closed,DOT,Department of Transportation,10475.0,BRONX,BRONX,,40.87846546757464,-73.82827338291027,POINT (-73.82827338291 40.878465467575)
70092319,2026-08-17T16:52:31.000,UNSANITARY CONDITION,GARBAGE/RECYCLING STORAGE,Open,HPD,Department of Housing Preservation and Development,10467.0,BRONX,BRONX,HULL AVENUE,40.8717015050193,-73.87948291663098,POINT (-73.879482916631 40.871701505019)
70095371,2026-08-17T16:52:26.000,Damaged Tree,Tree Leaning/Uprooted,In Progress,DPR,Department of Parks and Recreation,11362.0,LITTLE NECK,QUEENS,IOWA ROAD,40.77030399825742,-73.73063452598899,POINT (-73.730634525989 40.770303998257)
70092914,2026-08-17T16:52:22.000,Dirty Condition,Trash,In Progress,DSNY,Department of Sanitation,10128.0,NEW YORK,MANHATTAN,YORK AVENUE,40.77858752823391,-73.94519305488502,POINT (-73.945193054885 40.778587528234)
70097331,2026-08-17T16:50:19.000,Water Maintenance,Water Main Break,Closed,DEP,Department of Environmental Protection,11234.0,BROOKLYN,BROOKLYN,EAST 59 STREET,40.62354472859643,-73.91868840211052,POINT (-73.918688402111 40.623544728596)
70093599,2026-08-17T16:50:00.000,Street Light Condition,Street Light Out,Open,DOT,Department of Transportation,11423.0,QUEENS,QUEENS,,40.716656168951936,-73.769139945629,POINT (-73.769139945629 40.716656168952)
70094340,2026-08-17T16:49:45.000,Illegal Dumping,Removal Request,In Progress,DSNY,Department of Sanitation,10458.0,BRONX,BRONX,LORILLARD PLACE,40.85667558415769,-73.88899577483838,POINT (-73.888995774838 40.856675584158)
70095381,2026-08-17T16:49:33.000,Damaged Tree,Branch Cracked and Will Fall,In Progress,DPR,Department of Parks and Recreation,11417.0,OZONE PARK,QUEENS,135 ROAD,40.67357667703246,-73.83817762718603,POINT (-73.838177627186 40.673576677032)
70102076,2026-08-17T16:49:27.000,UNSANITARY CONDITION,PESTS,Open,HPD,Department of Housing Preservation and Development,11216.0,BROOKLYN,BROOKLYN,GREENE AVENUE,40.68881591139517,-73.94746641045514,POINT (-73.947466410455 40.688815911395)
70093665,2026-08-17T16:49:27.000,WATER LEAK,HEAVY FLOW,Open,HPD,Department of Housing Preservation and Development,11216.0,BROOKLYN,BROOKLYN,GREENE AVENUE,40.68881591139517,-73.94746641045514,POINT (-73.947466410455 40.688815911395)
70096580,2026-08-17T16:49:27.000,UNSANITARY CONDITION,MOLD,Open,HPD,Department of Housing Preservation and Development,11216.0,BROOKLYN,BROOKLYN,GREENE AVENUE,40.68881591139517,-73.94746641045514,POINT (-73.947466410455 40.688815911395)
70101370,2026-08-17T16:48:27.000,Street Condition,Pothole,Open,DOT,Department of Transportation,11411.0,QUEENS,QUEENS,SPRINGFIELD BOULEVARD,,,
70094407,2026-08-17T16:48:08.000,Street Condition,Pothole,Open,DOT,Department of Transportation,11370.0,QUEENS,QUEENS,73 STREET,,,
70092974,2026-08-17T16:47:06.000,Street Condition,Pothole,Open,DOT,Department of Transportation,11370.0,QUEENS,QUEENS,,40.76033839737429,-73.89475861598132,POINT (-73.894758615981 40.760338397374)
70097880,2026-08-17T16:47:00.000,UNSANITARY CONDITION,PESTS,Open,HPD,Department of Housing Preservation and Development,11229.0,BROOKLYN,BROOKLYN,OCEAN AVENUE,40.59877218275502,-73.95130028536329,POINT (-73.951300285363 40.598772182755)
70100132,2026-08-17T16:46:54.000,Sewer Maintenance,Catch Basin Sunken,In Progress,DEP,Department of Environmental Protection,11379.0,MIDDLE VILLAGE,QUEENS,81 STREET,40.72319760708184,-73.87661997567263,POINT (-73.876619975673 40.723197607082)
70100666,2026-08-17T16:46:44.000,UNSANITARY CONDITION,PESTS,Open,HPD,Department of Housing Preservation and Development,10457.0,BRONX,BRONX,FULTON AVENUE,40.83827657497827,-73.89962980490382,POINT (-73.899629804904 40.838276574978)
70097905,2026-08-17T16:46:44.000,UNSANITARY CONDITION,MOLD,Open,HPD,Department of Housing Preservation and Development,10457.0,BRONX,BRONX,FULTON AVENUE,40.83827657497827,-73.89962980490382,POINT (-73.899629804904 40.838276574978)
70094406,2026-08-17T16:46:33.000,Street Condition,Pothole,Open,DOT,Department of Transportation,11375.0,QUEENS,QUEENS,70 ROAD,,,
70096237,2026-08-17T16:46:27.000,Street Condition,Cave-in,In Progress,DOT,Department of Transportation,11213.0,,BROOKLYN,STERLING PLACE,40.67177351936642,-73.9364054997388,POINT (-73.936405499739 40.671773519366)
70099125,2026-08-17T16:46:22.000,Sidewalk Condition,Sidewalk Violation,In Progress,DOT,Department of Transportation,11426.0,BELLEROSE,QUEENS,UNION TURNPIKE,40.74370784336708,-73.71824465875108,POINT (-73.718244658751 40.743707843367)
70099214,2026-08-17T16:46:14.000,WATER LEAK,HEAVY FLOW,Open,HPD,Department of Housing Preservation and Development,11221.0,BROOKLYN,BROOKLYN,VAN BUREN STREET,40.689964416332685,-73.9441660980225,POINT (-73.944166098022 40.689964416333)
70100694,2026-08-17T16:46:13.000,UNSANITARY CONDITION,MOLD,Open,HPD,Department of Housing Preservation and Development,11433.0,JAMAICA,QUEENS,107 AVENUE,40.69785060125951,-73.79308268807237,POINT (-73.793082688072 40.69785060126)
70098472,2026-08-17T16:46:09.000,Illegal Dumping,Removal Request,In Progress,DSNY,Department of Sanitation,10452.0,BRONX,BRONX,GRAND CONCOURSE,40.83794539133451,-73.91439683022362,POINT (-73.914396830224 40.837945391335)
70096440,2026-08-17T16:46:00.000,Street Light Condition,Street Light Dayburning,Open,DOT,Department of Transportation,10009.0,MANHATTAN,MANHATTAN,,40.72605395411895,-73.98353371783699,POINT (-73.983533717837 40.726053954119)
70101967,2026-08-17T16:45:00.000,Street Light Condition,Lamppost Base Door/Cover Missing,Open,DOT,Department of Transportation,11215.0,BROOKLYN,BROOKLYN,9 STREET,40.66947375870898,-73.98690015157246,POINT (-73.986900151572 40.669473758709)
70092585,2026-08-17T16:43:59.000,Damaged Tree,Branch Cracked and Will Fall,In Progress,DPR,Department of Parks and Recreation,11385.0,RIDGEWOOD,QUEENS,66 PLACE,40.70075326171925,-73.88691478159679,POINT (-73.886914781597 40.700753261719)
70096517,2026-08-17T16:43:41.000,WATER LEAK,HEAVY FLOW,Open,HPD,Department of Housing Preservation and Development,11225.0,BROOKLYN,BROOKLYN,WASHINGTON AVENUE,40.66570494438403,-73.96141638447418,POINT (-73.961416384474 40.665704944384)
70097116,2026-08-17T16:43:26.000,Illegal Dumping,Removal Request,In Progress,DSNY,Department of Sanitation,10035.0,NEW YORK,MANHATTAN,MADISON AVENUE,40.807744524792405,-73.93917264329312,POINT (-73.939172643293 40.807744524792)
70100116,2026-08-17T16:42:42.000,Water Maintenance,Dirty Water,In Progress,DEP,Department of Environmental Protection,10018.0,NEW YORK,MANHATTAN,10 AVENUE,40.758860322629424,-73.99604383571884,POINT (-73.996043835719 40.758860322629)
70093586,2026-08-17T16:42:35.000,Sidewalk Condition,Sidewalk Violation,In Progress,DOT,Department of Transportation,11213.0,BROOKLYN,BROOKLYN,HATTIE JONES PLACE,40.678401261061765,-73.9348128542026,POINT (-73.934812854203 40.678401261062)
70094332,2026-08-17T16:41:54.000,Illegal Dumping,Removal Request,In Progress,DSNY,Department of Sanitation,10451.0,BRONX,BRONX,EAST 138 STREET,40.8133471057326,-73.93052258260934,POINT (-73.930522582609 40.813347105733)
70091590,2026-08-17T16:41:16.000,Street Condition,Pothole,Open,DOT,Department of Transportation,11377.0,QUEENS,QUEENS,,40.73996638301459,-73.89423145890211,POINT (-73.894231458902 40.739966383015)
70098687,2026-08-17T16:41:02.000,Water Maintenance,Fire Hydrant Running Full,In Progress,DEP,Department of Environmental Protection,10460.0,,BRONX,EAST 179 STREET,40.84284569763744,-73.88141457706544,POINT (-73.881414577065 40.842845697637)
70093419,2026-08-17T16:40:36.000,Street Condition,Failed Street Repair,In Progress,DOT,Department of Transportation,11372.0,JACKSON HEIGHTS,QUEENS,ROOSEVELT AVENUE,40.74766078147352,-73.88373138713794,POINT (-73.883731387138 40.747660781474)
70097846,2026-08-17T16:40:32.000,WATER LEAK,HEAVY FLOW,Open,HPD,Department of Housing Preservation and Development,11418.0,RICHMOND HILL,QUEENS,PARK LANE SOUTH,40.70780268913179,-73.83723971011506,POINT (-73.837239710115 40.707802689132)
70097188,2026-08-17T16:40:19.000,Street Condition,Pothole,Open,DOT,Department of Transportation,11104.0,QUEENS,QUEENS,,40.74326414119991,-73.91962853862343,POINT (-73.919628538623 40.7432641412)
70099856,2026-08-17T16:40:14.000,Dirty Condition,Broken Glass,In Progress,DSNY,Department of Sanitation,11221.0,,BROOKLYN,PUTNAM AVENUE,40.68503066006019,-73.94134701047392,POINT (-73.941347010474 40.68503066006)
70097133,2026-08-17T16:38:27.000,Dirty Condition,Trash,In Progress,DSNY,Department of Sanitation,10461.0,BRONX,BRONX,BUHRE AVENUE,40.84740525045336,-73.83120898501846,POINT (-73.831208985018 40.847405250453)
70095680,2026-08-17T16:38:05.000,Dirty Condition,Trash,In Progress,DSNY,Department of Sanitation,11694.0,FAR ROCKAWAY,QUEENS,BEACH 109 STREET,40.58172801850148,-73.83082202368452,POINT (-73.830822023685 40.581728018501)
70098567,2026-08-17T16:38:00.000,Traffic Signal Condition,Veh Signal Head,Closed,DOT,Department of Transportation,11429.0,QUEENS,QUEENS,,40.7116289753834,-73.7293783023471,POINT (-73.729378302347 40.711628975383)
70095816,2026-08-17T16:38:00.000,Traffic Signal Condition,Controller,Closed,DOT,Department of Transportation,11203.0,BROOKLYN,BROOKLYN,,40.65164646357137,-73.93232351597865,POINT (-73.932323515979 40.651646463571)
70100541,2026-08-17T16:37:00.000,Street Light Condition,Street Light Out,Open,DOT,Department of Transportation,11362.0,QUEENS,QUEENS,GRAND CENTRAL PKWY,40.76019005219922,-73.71486481458992,POINT (-73.71486481459 40.760190052199)
70095788,2026-08-17T16:36:51.000,Street Condition,Pothole,Open,DOT,Department of Transportation,11374.0,QUEENS,QUEENS,64 ROAD,,,
70099528,2026-08-17T16:36:43.000,Damaged Tree,Tree Alive - in Poor Condition,In Progress,DPR,Department of Parks and Recreation,11214.0,BROOKLYN,BROOKLYN,KINGS HIGHWAY,40.60627794406329,-73.988284680977,POINT (-73.988284680977 40.606277944063)
70096795,2026-08-17T16:36:04.000,Damaged Tree,Branch Cracked and Will Fall,In Progress,DPR,Department of Parks and Recreation,11217.0,BROOKLYN,BROOKLYN,6 AVENUE,40.67896609055225,-73.97558120441936,POINT (-73.975581204419 40.678966090552)
70100111,2026-08-17T16:35:51.000,Water Maintenance,Fire Hydrant Running Full,In Progress,DEP,Department of Environmental Protection,10065.0,,MANHATTAN,3 AVENUE,40.766558918861485,-73.96292833185436,POINT (-73.962928331854 40.766558918861)
70101535,2026-08-17T16:35:34.000,Water Maintenance,Low Pressure,In Progress,DEP,Department of Environmental Protection,11216.0,BROOKLYN,BROOKLYN,MACON STREET,40.68152224509273,-73.94572711675903,POINT (-73.945727116759 40.681522245093)
70098138,2026-08-17T16:34:55.000,Damaged Tree,Tree Leaning/Uprooted,In Progress,DPR,Department of Parks and Recreation,11210.0,BROOKLYN,BROOKLYN,EAST 22 STREET,40.63233727035429,-73.95563157201867,POINT (-73.955631572019 40.632337270354)
70095981,2026-08-17T16:34:37.000,Sewer Maintenance,Flooding on Street,Closed,DEP,Department of Environmental Protection,10458.0,,BRONX,VALENTINE AVENUE,40.86225923980916,-73.89588435922018,POINT (-73.89588435922 40.862259239809)
70095091,2026-08-17T16:34:36.000,UNSANITARY CONDITION,PESTS,Open,HPD,Department of Housing Preservation and Development,10466.0,BRONX,BRONX,EAST  225 STREET,40.88826796979208,-73.86189033633558,POINT (-73.861890336336 40.888267969792)
70091755,2026-08-17T16:32:37.000,Water Maintenance,Leak,In Progress,DEP,Department of Environmental Protection,10025.0,NEW YORK,MANHATTAN,WEST 107 STREET,40.80123944350959,-73.96553850799586,POINT (-73.965538507996 40.80123944351)
70092158,2026-08-17T16:31:51.000,Sidewalk Condition,Broken Sidewalk,In Progress,DOT,Department of Transportation,10007.0,NEW YORK,MANHATTAN,BROADWAY,40.710025315710354,-74.0098146318431,POINT (-74.009814631843 40.71002531571)
70099270,2026-08-17T16:31:23.000,UNSANITARY CONDITION,MOLD,Open,HPD,Department of Housing Preservation and Development,10460.0,BRONX,BRONX,EAST  178 STREET,40.841411976587885,-73.88046300470245,POINT (-73.880463004702 40.841411976588)
70091771,2026-08-17T16:30:09.000,Water Maintenance,Low Pressure,Closed,DEP,Department of Environmental Protection,10462.0,BRONX,BRONX,VAN NEST AVENUE,40.84439753453894,-73.8625958469675,POINT (-73.862595846967 40.844397534539)
70095781,2026-08-17T16:30:02.000,Street Condition,Pothole,Open,DOT,Department of Transportation,11223.0,BROOKLYN,BROOKLYN,QUENTIN ROAD,,,
70100372,2026-08-17T16:29:43.000,Street Condition,Cave-in,In Progress,DOT,Department of Transportation,11354.0,,QUEENS,35 AVENUE,40.76640309843951,-73.81529177019166,POINT (-73.815291770192 40.76640309844)
70094812,2026-08-17T16:29:14.000,Street Condition,Cave-in,In Progress,DOT,Department of Transportation,10462.0,,BRONX,HUNT AVENUE,40.848537941017256,-73.8661078266359,POINT (-73.866107826636 40.848537941017)
70101366,2026-08-17T16:28:14.000,Street Condition,Pothole,Open,DOT,Department of Transportation,10282.0,MANHATTAN,MANHATTAN,JOE DIMAGGIO HIGHWAY,,,
70094817,2026-08-17T16:28:06.000,Street Condition,Cave-in,In Progress,DOT,Department of Transportation,11220.0,BROOKLYN,BROOKLYN,56 STREET,40.63851031299109,-74.00844573379717,POINT (-74.008445733797 40.638510312991)
70100620,2026-08-17T16:28:04.000,WATER LEAK,HEAVY FLOW,Open,HPD,Department of Housing Preservation and Development,10452.0,BRONX,BRONX,WOODYCREST AVENUE,40.8367230357128,-73.9248352450414,POINT (-73.924835245041 40.836723035713)
70094596,2026-08-17T16:28:01.000,Sewer Maintenance,Catch Basin Clogged,In Progress,DEP,Department of Environmental Protection,11103.0,ASTORIA,QUEENS,47 STREET,40.766424340768666,-73.90521814769916,POINT (-73.905218147699 40.766424340769)
70096591,2026-08-17T16:27:59.000,UNSANITARY CONDITION,GARBAGE/RECYCLING STORAGE,Open,HPD,Department of Housing Preservation and Development,11226.0,BROOKLYN,BROOKLYN,OCEAN AVENUE,40.6368809628493,-73.95849296875988,POINT (-73.95849296876 40.636880962849)
70093583,2026-08-17T16:27:47.000,Sidewalk Condition,Sidewalk Violation,In Progress,DOT,Department of Transportation,11414.0,HOWARD BEACH,QUEENS,82 STREET,40.65910087759087,-73.8504815980012,POINT (-73.850481598001 40.659100877591)
70099552,2026-08-17T16:27:46.000,Damaged Tree,Branch or Limb Has Fallen Down,In Progress,DPR,Department of Parks and Recreation,11432.0,JAMAICA,QUEENS,90 AVENUE,40.70728170568536,-73.79465125057826,POINT (-73.794651250578 40.707281705685)
70101553,2026-08-17T16:27:06.000,Water Maintenance,Fire Hydrant Running,In Progress,DEP,Department of Environmental Protection,11249.0,BROOKLYN,BROOKLYN,GRAND STREET,40.71541070052567,-73.96362773561683,POINT (-73.963627735617 40.715410700526)
70097771,2026-08-17T16:27:00.000,Street Light Condition,Street Light Out,Open,DOT,Department of Transportation,11221.0,BROOKLYN,BROOKLYN,,40.6937252987528,-73.92571407137632,POINT (-73.925714071376 40.693725298753)
70100692,2026-08-17T16:25:54.000,UNSANITARY CONDITION,MOLD,Open,HPD,Department of Housing Preservation and Development,10035.0,NEW YORK,MANHATTAN,LEXINGTON AVENUE,40.80005453928576,-73.94058468907889,POINT (-73.940584689079 40.800054539286)
70092872,2026-08-17T16:25:36.000,Dirty Condition,Trash,In Progress,DSNY,Department of Sanitation,11103.0,ASTORIA,QUEENS,47 STREET,40.766424340768666,-73.90521814769916,POINT (-73.905218147699 40.766424340769)
70096546,2026-08-17T16:25:25.000,UNSANITARY CONDITION,PESTS,Open,HPD,Department of Housing Preservation and Development,10027.0,NEW YORK,MANHATTAN,TIEMANN PLACE,40.815614483902586,-73.95990606311659,POINT (-73.959906063117 40.815614483903)
70092304,2026-08-17T16:25:05.000,UNSANITARY CONDITION,MOLD,Open,HPD,Department of Housing Preservation and Development,10301.0,STATEN ISLAND,STATEN ISLAND,ST MARKS PLACE,40.64653899295645,-74.08350896574828,POINT (-74.083508965748 40.646538992956)
70100691,2026-08-17T16:25:03.000,UNSANITARY CONDITION,MOLD,Open,HPD,Department of Housing Preservation and Development,10463.0,BRONX,BRONX,JOHNSON AVENUE,40.88266205915499,-73.9107843694141,POINT (-73.910784369414 40.882662059155)
70098468,2026-08-17T16:24:46.000,Illegal Dumping,Removal Request,In Progress,DSNY,Department of Sanitation,11435.0,JAMAICA,QUEENS,SUTPHIN BOULEVARD,40.6873739313226,-73.79469452974472,POINT (-73.794694529745 40.687373931323)
70098502,2026-08-17T16:24:08.000,Dirty Condition,Trash,In Progress,DSNY,Department of Sanitation,10013.0,NEW YORK,MANHATTAN,THOMPSON STREET,40.72300837457703,-74.00418853633742,POINT (-74.004188536337 40.723008374577)
70091749,2026-08-17T16:24:07.000,Water Maintenance,No Water,In Progress,DEP,Department of Environmental Protection,11373.0,ELMHURST,QUEENS,CODWISE PLACE,40.73699360292851,-73.88267828927239,POINT (-73.882678289272 40.736993602929)
70092169,2026-08-17T16:24:00.000,Street Light Condition,Street Light Lamp Dim,Open,DOT,Department of Transportation,11219.0,BROOKLYN,BROOKLYN,,40.63659189659396,-73.99473237720723,POINT (-73.994732377207 40.636591896594)
70094983,2026-08-17T16:24:00.000,Street Light Condition,Street Light Out,Open,DOT,Department of Transportation,11219.0,BROOKLYN,BROOKLYN,,40.63659189659396,-73.99473237720723,POINT (-73.994732377207 40.636591896594)
70094582,2026-08-17T16:24:00.000,Water Maintenance,Fire Hydrant Leaking,In Progress,DEP,Department of Environmental Protection,10303.0,STATEN ISLAND,STATEN ISLAND,MURDOCK PLACE,40.62662718659226,-74.14746428160667,POINT (-74.147464281607 40.626627186592)
70101273,2026-08-17T16:23:54.000,Dirty Condition,Trash,In Progress,DSNY,Department of Sanitation,10308.0,STATEN ISLAND,STATEN ISLAND,HILLSIDE TERRACE,40.54756521029543,-74.14580733236927,POINT (-74.145807332369 40.547565210295)
70096242,2026-08-17T16:23:49.000,Sidewalk Condition,Blocked - Construction,In Progress,DOT,Department of Transportation,11229.0,BROOKLYN,BROOKLYN,BEDFORD AVENUE,40.60749098071778,-73.94805261562765,POINT (-73.948052615628 40.607490980718)
70101968,2026-08-17T16:23:00.000,Street Light Condition,Fixture/Luminaire Missing,Open,DOT,Department of Transportation,11219.0,BROOKLYN,BROOKLYN,,40.63782391982644,-73.98920513728307,POINT (-73.989205137283 40.637823919826)
70097773,2026-08-17T16:23:00.000,Street Light Condition,Multiple Street Lights Out,Open,DOT,Department of Transportation,11693.0,QUEENS,QUEENS,EAST    9 ROAD,,,
70093597,2026-08-17T16:23:00.000,Street Light Condition,Street Light Out,Open,DOT,Department of Transportation,11229.0,BROOKLYN,BROOKLYN,,40.59570789495546,-73.94295942092441,POINT (-73.942959420924 40.595707894955)
70093596,2026-08-17T16:23:00.000,Street Light Condition,Street Light Out,Open,DOT,Department of Transportation,11219.0,BROOKLYN,BROOKLYN,,40.636495214873584,-73.98700030399515,POINT (-73.987000303995 40.636495214874)
70100349,2026-08-17T16:22:59.000,Street Condition,Cave-in,In Progress,DOT,Department of Transportation,11215.0,,BROOKLYN,4 AVENUE,40.671554389042974,-73.98771445346078,POINT (-73.987714453461 40.671554389043)
70101544,2026-08-17T16:22:15.000,Water Maintenance,Fire Hydrant Leaning/Missing,Closed,DEP,Department of Environmental Protection,10469.0,BRONX,BRONX,WILLIAMSBRIDGE ROAD,40.863882741526766,-73.85850278688454,POINT (-73.858502786885 40.863882741527)
70101369,2026-08-17T16:22:12.000,Street Condition,Pothole,Open,DOT,Department of Transportation,11102.0,QUEENS,QUEENS,23 STREET,,,
70102067,2026-08-17T16:22:08.000,UNSANITARY CONDITION,PESTS,Open,HPD,Department of Housing Preservation and Development,10456.0,BRONX,BRONX,CARROLL PLACE,40.82981640259085,-73.91938667778365,POINT (-73.919386677784 40.829816402591)
70102091,2026-08-17T16:22:06.000,UNSANITARY CONDITION,MOLD,Open,HPD,Department of Housing Preservation and Development,11204.0,BROOKLYN,BROOKLYN,65 STREET,40.61224925776906,-73.9787895218383,POINT (-73.978789521838 40.612249257769)
70100656,2026-08-17T16:22:06.000,UNSANITARY CONDITION,PESTS,Open,HPD,Department of Housing Preservation and Development,11204.0,BROOKLYN,BROOKLYN,65 STREET,40.61224925776906,-73.9787895218383,POINT (-73.978789521838 40.612249257769)
70093680,2026-08-17T16:22:06.000,UNSANITARY CONDITION,PESTS,Open,HPD,Department of Housing Preservation and Development,11204.0,BROOKLYN,BROOKLYN,65 STREET,40.61224925776906,-73.9787895218383,POINT (-73.978789521838 40.612249257769)
70094990,2026-08-17T16:22:00.000,Street Light Condition,Multiple Street Lights Out,Open,DOT,Department of Transportation,11232.0,BROOKLYN,BROOKLYN,,40.65934901431899,-73.9991746257643,POINT (-73.999174625764 40.659349014319)
70100683,2026-08-17T16:21:50.000,UNSANITARY CONDITION,MOLD,Open,HPD,Department of Housing Preservation and Development,11234.0,BROOKLYN,BROOKLYN,EAST   61 STREET,40.61571707637893,-73.91557148776816,POINT (-73.915571487768 40.615717076379)
70097354,2026-08-17T16:21:42.000,Sewer Maintenance,Manhole Overflow,Closed,DEP,Department of Environmental Protection,11357.0,WHITESTONE,QUEENS,153 PLACE,40.78606170947443,-73.80902249250161,POINT (-73.809022492502 40.786061709474)
70098682,2026-08-17T16:20:12.000,Water Maintenance,Leak,Closed,DEP,Department of Environmental Protection,11215.0,BROOKLYN,BROOKLYN,6 AVENUE,40.66762344930625,-73.98426908289399,POINT (-73.984269082894 40.667623449306)
70097130,2026-08-17T16:19:21.000,Dirty Condition,Trash,In Progress,DSNY,Department of Sanitation,10475.0,BRONX,BRONX,CONNOR STREET,40.882207288458105,-73.8233491077008,POINT (-73.823349107701 40.882207288458)
70096437,2026-08-17T16:19:00.000,Street Light Condition,Street Light Out,Open,DOT,Department of Transportation,10314.0,STATEN ISLAND,STATEN ISLAND,,40.60168302526651,-74.16329384801764,POINT (-74.163293848018 40.601683025267)
70097370,2026-08-17T16:18:43.000,Sewer Maintenance,Catch Basin Clogged,In Progress,DEP,Department of Environmental Protection,10003.0,,MANHATTAN,EAST 12 STREET,40.73196398139968,-73.9881543385705,POINT (-73.98815433857 40.7319639814)
70095125,2026-08-17T16:18:35.000,UNSANITARY CONDITION,GARBAGE/RECYCLING STORAGE,Open,HPD,Department of Housing Preservation and Development,10451.0,BRONX,BRONX,EAST  158 STREET,40.82260626450122,-73.91586902834752,POINT (-73.915869028348 40.822606264501)
70093169,2026-08-17T16:18:16.000,Water Maintenance,Fire Hydrant Running,Closed,DEP,Department of Environmental Protection,10034.0,NEW YORK,MANHATTAN,DYCKMAN STREET,40.86687893566316,-73.92890475603359,POINT (-73.928904756034 40.866878935663)
70099527,2026-08-17T16:17:18.000,Damaged Tree,Tree Alive - in Poor Condition,In Progress,DPR,Department of Parks and Recreation,11205.0,BROOKLYN,BROOKLYN,CUMBERLAND STREET,40.68818516851854,-73.97285183355679,POINT (-73.972851833557 40.688185168519)
70099897,2026-08-17T16:16:39.000,Illegal Dumping,Removal Request,In Progress,DSNY,Department of Sanitation,10469.0,,BRONX,EDSON AVENUE,,,
70094327,2026-08-17T16:16:30.000,Illegal Dumping,Removal Request,In Progress,DSNY,Department of Sanitation,11101.0,,QUEENS,35 STREET,40.73495919441161,-73.9385571106389,POINT (-73.938557110639 40.734959194412)
70097357,2026-08-17T16:16:29.000,Sewer Maintenance,Flooding on Street,In Progress,DEP,Department of Environmental Protection,11422.0,ROSEDALE,QUEENS,137 AVENUE,40.667442302132194,-73.72888710454222,POINT (-73.728887104542 40.667442302132)
70102066,2026-08-17T16:16:12.000,UNSANITARY CONDITION,PESTS,Open,HPD,Department of Housing Preservation and Development,11691.0,FAR ROCKAWAY,QUEENS,FERNSIDE PLACE,40.59649487930479,-73.75721160118667,POINT (-73.757211601187 40.596494879305)
70093700,2026-08-17T16:16:12.000,UNSANITARY CONDITION,PESTS,Open,HPD,Department of Housing Preservation and Development,11201.0,BROOKLYN,BROOKLYN,CLINTON STREET,40.68729898729985,-73.99576683180639,POINT (-73.995766831806 40.6872989873)
70097857,2026-08-17T16:16:12.000,UNSANITARY CONDITION,PESTS,Open,HPD,Department of Housing Preservation and Development,11201.0,BROOKLYN,BROOKLYN,CLINTON STREET,40.68729898729985,-73.99576683180639,POINT (-73.995766831806 40.6872989873)
70100557,2026-08-17T16:15:30.000,Street Condition,"Rough, Pitted or Cracked Roads",Closed,DOT,Department of Transportation,10304.0,STATEN ISLAND,STATEN ISLAND,TODT HILL ROAD,40.59650287592741,-74.1109857967446,POINT (-74.110985796745 40.596502875927)
70098477,2026-08-17T16:14:49.000,Illegal Dumping,Removal Request,In Progress,DSNY,Department of Sanitation,10469.0,,BRONX,GUN HILL ROAD,40.86264442946923,-73.83159690965239,POINT (-73.831596909652 40.862644429469)
70094599,2026-08-17T16:14:16.000,Sewer Maintenance,Catch Basin Clogged,In Progress,DEP,Department of Environmental Protection,10002.0,NEW YORK,MANHATTAN,MONROE STREET,40.71165045302038,-73.99355414380949,POINT (-73.993554143809 40.71165045302)
70100929,2026-08-17T16:13:27.000,Damaged Tree,Branch or Limb Has Fallen Down,In Progress,DPR,Department of Parks and Recreation,11218.0,BROOKLYN,BROOKLYN,WESTMINSTER ROAD,40.63767135295987,-73.96658500329602,POINT (-73.966585003296 40.63767135296)
70101943,2026-08-17T16:13:26.000,Sidewalk Condition,Sidewalk Violation,In Progress,DOT,Department of Transportation,11221.0,BROOKLYN,BROOKLYN,HANCOCK STREET,40.68914724102539,-73.91419121645855,POINT (-73.914191216459 40.689147241025)
70098697,2026-08-17T16:12:53.000,Water Maintenance,Fire Hydrant Running,In Progress,DEP,Department of Environmental Protection,10027.0,,MANHATTAN,LENOX AVENUE,40.80907018838106,-73.94453940284461,POINT (-73.944539402845 40.809070188381)
70098435,2026-08-17T16:11:33.000,Dirty Condition,Trash,In Progress,DSNY,Department of Sanitation,11356.0,COLLEGE POINT,QUEENS,14 ROAD,40.78467565805412,-73.85197262948425,POINT (-73.851972629484 40.784675658054)
70099901,2026-08-17T16:11:19.000,Dirty Condition,Trash,In Progress,DSNY,Department of Sanitation,11412.0,SAINT ALBANS,QUEENS,113 AVENUE,40.69993701229168,-73.76071183752084,POINT (-73.760711837521 40.699937012292)
70095747,2026-08-17T16:11:00.000,Dirty Condition,Trash,In Progress,DSNY,Department of Sanitation,10451.0,BRONX,BRONX,EAST 158 STREET,40.82260626450122,-73.91586902834752,POINT (-73.915869028348 40.822606264501)
70100609,2026-08-17T16:10:19.000,WATER LEAK,SLOW LEAK,Open,HPD,Department of Housing Preservation and Development,11226.0,BROOKLYN,BROOKLYN,CLARKSON AVENUE,40.65494689537713,-73.95783660963446,POINT (-73.957836609634 40.654946895377)
70093731,2026-08-17T16:09:39.000,UNSANITARY CONDITION,MOLD,Open,HPD,Department of Housing Preservation and Development,10459.0,BRONX,BRONX,UNION AVENUE,40.830601485062594,-73.89863320708892,POINT (-73.898633207089 40.830601485063)
70099213,2026-08-17T16:09:39.000,WATER LEAK,HEAVY FLOW,Open,HPD,Department of Housing Preservation and Development,10459.0,BRONX,BRONX,UNION AVENUE,40.830601485062594,-73.89863320708892,POINT (-73.898633207089 40.830601485063)
70095799,2026-08-17T16:09:33.000,Street Condition,Pothole,Open,DOT,Department of Transportation,10306.0,STATEN ISLAND,STATEN ISLAND,HYLAN BOULEVARD,,,
70100608,2026-08-17T16:09:22.000,WATER LEAK,SLOW LEAK,Open,HPD,Department of Housing Preservation and Development,10452.0,BRONX,BRONX,WYTHE PLACE,40.84056093412579,-73.9141730061352,POINT (-73.914173006135 40.840560934126)
70094308,2026-08-17T16:07:27.000,Dirty Condition,Dirt or Gravel,In Progress,DSNY,Department of Sanitation,10475.0,BRONX,BRONX,BOSTON POST ROAD,40.88608654662552,-73.82764611551151,POINT (-73.827646115512 40.886086546626)
70099122,2026-08-17T16:07:23.000,Sidewalk Condition,Sidewalk Violation,In Progress,DOT,Department of Transportation,10003.0,NEW YORK,MANHATTAN,EAST 14 STREET,40.73303700947968,-73.9865953880912,POINT (-73.986595388091 40.73303700948)
70093152,2026-08-17T16:06:48.000,Water Maintenance,Dirty Water,In Progress,DEP,Department of Environmental Protection,10314.0,STATEN ISLAND,STATEN ISLAND,SHERADEN AVENUE,40.60909396725676,-74.13819479042554,POINT (-74.138194790426 40.609093967257)
70099269,2026-08-17T16:06:35.000,UNSANITARY CONDITION,MOLD,Open,HPD,Department of Housing Preservation and Development,10037.0,NEW YORK,MANHATTAN,WEST  141 STREET,40.81675888923705,-73.9354071125969,POINT (-73.935407112597 40.816758889237)
70095126,2026-08-17T16:06:11.000,UNSANITARY CONDITION,GARBAGE/RECYCLING STORAGE,Open,HPD,Department of Housing Preservation and Development,10031.0,NEW YORK,MANHATTAN,BROADWAY,40.829945340880286,-73.94789700793386,POINT (-73.947897007934 40.82994534088)
70095072,2026-08-17T16:06:10.000,UNSANITARY CONDITION,PESTS,Open,HPD,Department of Housing Preservation and Development,10453.0,BRONX,BRONX,UNIVERSITY AVENUE,40.85810121375355,-73.90910740831123,POINT (-73.909107408311 40.858101213754)
70092973,2026-08-17T16:05:50.000,Street Condition,Pothole,Open,DOT,Department of Transportation,11367.0,QUEENS,QUEENS,MAIN STREET,,,
70100618,2026-08-17T16:05:44.000,WATER LEAK,HEAVY FLOW,Open,HPD,Department of Housing Preservation and Development,10454.0,BRONX,BRONX,WILLIS AVENUE,40.80578762054628,-73.92530725375082,POINT (-73.925307253751 40.805787620546)
70093403,2026-08-17T16:04:35.000,Street Condition,Defective Hardware,In Progress,DOT,Department of Transportation,11234.0,BROOKLYN,BROOKLYN,EAST 36 STREET,40.61398460418061,-73.93604994745883,POINT (-73.936049947459 40.613984604181)
70099267,2026-08-17T16:04:23.000,UNSANITARY CONDITION,MOLD,Open,HPD,Department of Housing Preservation and Development,10034.0,NEW YORK,MANHATTAN,SHERMAN AVENUE,40.863805379005,-73.92535778152539,POINT (-73.925357781525 40.863805379005)
70100523,2026-08-17T16:04:21.000,Sidewalk Condition,Sidewalk Violation,In Progress,DOT,Department of Transportation,11213.0,BROOKLYN,BROOKLYN,HATTIE JONES PLACE,40.678401261061765,-73.9348128542026,POINT (-73.934812854203 40.678401261062)
70094432,2026-08-17T16:03:00.000,Traffic Signal Condition,Post,Open,DOT,Department of Transportation,,,QUEENS,,,,
70096253,2026-08-17T16:01:32.000,Street Condition,Plate Condition - Noisy,In Progress,DOT,Department of Transportation,11375.0,FOREST HILLS,QUEENS,METROPOLITAN AVENUE,40.70965617729262,-73.84577290690221,POINT (-73.845772906902 40.709656177293)
70102359,2026-08-17T16:00:38.000,Damaged Tree,Branch or Limb Has Fallen Down,In Progress,DPR,Department of Parks and Recreation,10011.0,NEW YORK,MANHATTAN,6 AVENUE,40.73917771436497,-73.99550010994352,POINT (-73.995500109944 40.739177714365)
70096263,2026-08-17T15:59:14.000,Street Condition,Cave-in,In Progress,DOT,Department of Transportation,11418.0,RICHMOND HILL,QUEENS,108 STREET,40.69511941733576,-73.8394163579167,POINT (-73.839416357917 40.695119417336)
70093179,2026-08-17T15:59:06.000,Sewer Maintenance,Manhole Overflow,In Progress,DEP,Department of Environmental Protection,11357.0,WHITESTONE,QUEENS,153 PLACE,40.78606170947443,-73.80902249250161,POINT (-73.809022492502 40.786061709474)
70102083,2026-08-17T15:58:43.000,UNSANITARY CONDITION,PESTS,Open,HPD,Department of Housing Preservation and Development,10458.0,BRONX,BRONX,MARION AVENUE,40.86887402831028,-73.88441973855868,POINT (-73.884419738559 40.86887402831)
70102100,2026-08-17T15:58:43.000,UNSANITARY CONDITION,MOLD,Open,HPD,Department of Housing Preservation and Development,10458.0,BRONX,BRONX,MARION AVENUE,40.86887402831028,-73.88441973855868,POINT (-73.884419738559 40.86887402831)
70102009,2026-08-17T15:58:27.000,WATER LEAK,SLOW LEAK,Open,HPD,Department of Housing Preservation and Development,10026.0,NEW YORK,MANHATTAN,WEST  116 STREET,40.80235653871506,-73.95045061377425,POINT (-73.950450613774 40.802356538715)
70099241,2026-08-17T15:58:27.000,UNSANITARY CONDITION,PESTS,Open,HPD,Department of Housing Preservation and Development,10026.0,NEW YORK,MANHATTAN,WEST  116 STREET,40.80235653871506,-73.95045061377425,POINT (-73.950450613774 40.802356538715)
70097866,2026-08-17T15:58:27.000,UNSANITARY CONDITION,PESTS,Open,HPD,Department of Housing Preservation and Development,10026.0,NEW YORK,MANHATTAN,WEST  116 STREET,40.80235653871506,-73.95045061377425,POINT (-73.950450613774 40.802356538715)
70096579,2026-08-17T15:58:26.000,UNSANITARY CONDITION,MOLD,Open,HPD,Department of Housing Preservation and Development,10457.0,BRONX,BRONX,3 AVENUE,40.84052162283666,-73.89948546889276,POINT (-73.899485468893 40.840521622837)
70102669,2026-08-17T15:58:26.000,Dirty Condition,Trash,In Progress,DSNY,Department of Sanitation,11427.0,QUEENS VILLAGE,QUEENS,210 STREET,40.72094159730791,-73.75494002365672,POINT (-73.754940023657 40.720941597308)
70099224,2026-08-17T15:58:09.000,UNSANITARY CONDITION,SEWAGE,Open,HPD,Department of Housing Preservation and Development,10023.0,NEW YORK,MANHATTAN,WEST   75 STREET,40.78037737891402,-73.97979393295519,POINT (-73.979793932955 40.780377378914)
70095086,2026-08-17T15:58:02.000,UNSANITARY CONDITION,PESTS,Open,HPD,Department of Housing Preservation and Development,10458.0,BRONX,BRONX,MARION AVENUE,40.86887402831028,-73.88441973855868,POINT (-73.884419738559 40.86887402831)
70093685,2026-08-17T15:57:51.000,UNSANITARY CONDITION,PESTS,Open,HPD,Department of Housing Preservation and Development,11106.0,ASTORIA,QUEENS,34 STREET,40.76197127575881,-73.92207146458692,POINT (-73.922071464587 40.761971275759)
70100634,2026-08-17T15:57:47.000,UNSANITARY CONDITION,PESTS,Open,HPD,Department of Housing Preservation and Development,10033.0,NEW YORK,MANHATTAN,BENNETT AVENUE,40.85207809647863,-73.9358571832859,POINT (-73.935857183286 40.852078096479)
70093684,2026-08-17T15:57:40.000,UNSANITARY CONDITION,PESTS,Open,HPD,Department of Housing Preservation and Development,10461.0,BRONX,BRONX,MULFORD AVENUE,40.84624453273178,-73.83520944260606,POINT (-73.835209442606 40.846244532732)
70100359,2026-08-17T15:57:30.000,Street Condition,Cave-in,In Progress,DOT,Department of Transportation,10014.0,,MANHATTAN,CHRISTOPHER STREET,40.73285364537798,-74.00752315985102,POINT (-74.007523159851 40.732853645378)
70097757,2026-08-17T15:57:23.000,Sidewalk Condition,Sidewalk Violation,In Progress,DOT,Department of Transportation,11418.0,RICHMOND HILL,QUEENS,111 STREET,40.6964554395533,-73.83697891014832,POINT (-73.836978910148 40.696455439553)
70100128,2026-08-17T15:57:11.000,Water Maintenance,Fire Hydrant Leaking,Closed,DEP,Department of Environmental Protection,11379.0,MIDDLE VILLAGE,QUEENS,75 STREET,40.72570787697602,-73.88612561168912,POINT (-73.886125611689 40.725707876976)
70097368,2026-08-17T15:56:35.000,Sewer Maintenance,Catch Basin Clogged,In Progress,DEP,Department of Environmental Protection,11354.0,FLUSHING,QUEENS,PRINCE STREET,40.76008640373726,-73.83257815253944,POINT (-73.832578152539 40.760086403737)
70097216,2026-08-17T15:56:00.000,Traffic Signal Condition,Vehicle Signal,Open,DOT,Department of Transportation,11694.0,QUEENS,QUEENS,,40.5844093268976,-73.82328357759737,POINT (-73.823283577597 40.584409326898)
70098934,2026-08-17T15:55:30.000,Street Condition,Line/Marking - After Repaving,In Progress,DOT,Department of Transportation,10468.0,,BRONX,UNIVERSITY AVENUE,40.86275011701292,-73.90493263685111,POINT (-73.904932636851 40.862750117013)
70096799,2026-08-17T15:55:06.000,Damaged Tree,Branch Cracked and Will Fall,In Progress,DPR,Department of Parks and Recreation,10024.0,NEW YORK,MANHATTAN,WEST 84 STREET,40.78467125044151,-73.9719675097227,POINT (-73.971967509723 40.784671250442)
70094570,2026-08-17T15:55:05.000,Water Maintenance,Water Main Break,In Progress,DEP,Department of Environmental Protection,11215.0,BROOKLYN,BROOKLYN,6 AVENUE,40.66757404922247,-73.98431235093048,POINT (-73.98431235093 40.667574049222)
70091623,2026-08-17T15:55:00.000,Traffic Signal Condition,Veh Signal Visor,Open,DOT,Department of Transportation,11694.0,QUEENS,QUEENS,,40.58393225457623,-73.83092804585388,POINT (-73.830928045854 40.583932254576)
70092301,2026-08-17T15:54:40.000,UNSANITARY CONDITION,MOLD,Open,HPD,Department of Housing Preservation and Development,11209.0,BROOKLYN,BROOKLYN,FT HAMILTON PARKWAY,40.62229782377688,-74.02185127028054,POINT (-74.021851270281 40.622297823777)
70092300,2026-08-17T15:54:34.000,UNSANITARY CONDITION,MOLD,Open,HPD,Department of Housing Preservation and Development,10457.0,BRONX,BRONX,HUGHES AVENUE,40.84706609532152,-73.89159251247655,POINT (-73.891592512477 40.847066095322)
70101944,2026-08-17T15:54:00.000,Sidewalk Condition,Sidewalk Violation,In Progress,DOT,Department of Transportation,11385.0,RIDGEWOOD,QUEENS,MYRTLE AVENUE,40.7012874302134,-73.8886414007862,POINT (-73.888641400786 40.701287430213)
70102098,2026-08-17T15:54:00.000,UNSANITARY CONDITION,MOLD,Open,HPD,Department of Housing Preservation and Development,11225.0,BROOKLYN,BROOKLYN,FLATBUSH AVENUE,40.65912541520786,-73.96055156753197,POINT (-73.960551567532 40.659125415208)
70092317,2026-08-17T15:53:58.000,UNSANITARY CONDITION,GARBAGE/RECYCLING STORAGE,Open,HPD,Department of Housing Preservation and Development,10468.0,BRONX,BRONX,GRAND AVENUE,40.86527226339955,-73.90138592250837,POINT (-73.901385922508 40.8652722634)
70092259,2026-08-17T15:53:52.000,UNSANITARY CONDITION,PESTS,Open,HPD,Department of Housing Preservation and Development,10023.0,NEW YORK,MANHATTAN,WEST   75 STREET,40.78037737891402,-73.97979393295519,POINT (-73.979793932955 40.780377378914)
70093705,2026-08-17T15:53:52.000,UNSANITARY CONDITION,PESTS,Open,HPD,Department of Housing Preservation and Development,10023.0,NEW YORK,MANHATTAN,WEST   75 STREET,40.78037737891402,-73.97979393295519,POINT (-73.979793932955 40.780377378914)
70097754,2026-08-17T15:53:36.000,Sidewalk Condition,Sidewalk Violation,In Progress,DOT,Department of Transportation,11001.0,FLORAL PARK,QUEENS,LITTLE NECK PARKWAY,40.73294601385242,-73.71175200727852,POINT (-73.711752007279 40.732946013852)
70098488,2026-08-17T15:53:30.000,Dirty Condition,Trash,In Progress,DSNY,Department of Sanitation,11235.0,BROOKLYN,BROOKLYN,EMMONS AVENUE,40.58387338957312,-73.93968976311342,POINT (-73.939689763113 40.583873389573)
70098534,2026-08-17T15:52:41.000,Street Condition,Pothole,Open,DOT,Department of Transportation,10014.0,MANHATTAN,MANHATTAN,,40.73285364537798,-74.00752315985102,POINT (-74.007523159851 40.732853645378)
70098702,2026-08-17T15:51:40.000,Water Maintenance,Fire Hydrant Running,In Progress,DEP,Department of Environmental Protection,11233.0,BROOKLYN,BROOKLYN,MARION STREET,40.68184330409252,-73.91046174052325,POINT (-73.910461740523 40.681843304093)
70096421,2026-08-17T15:51:09.000,Sidewalk Condition,Broken Sidewalk,In Progress,DOT,Department of Transportation,10462.0,BRONX,BRONX,EAST TREMONT AVENUE,40.8418784042078,-73.85848092134542,POINT (-73.858480921345 40.841878404208)
70099902,2026-08-17T15:51:04.000,Dirty Condition,Trash,In Progress,DSNY,Department of Sanitation,10033.0,NEW YORK,MANHATTAN,WEST 187 STREET,40.85586722544144,-73.93849963918389,POINT (-73.938499639184 40.855867225441)
70095720,2026-08-17T15:50:55.000,Illegal Dumping,Removal Request,In Progress,DSNY,Department of Sanitation,10453.0,BRONX,BRONX,JEROME AVENUE,40.84631870013981,-73.91332703954058,POINT (-73.913327039541 40.84631870014)
70097355,2026-08-17T15:50:43.000,Sewer Maintenance,Flooding on Street,In Progress,DEP,Department of Environmental Protection,10172.0,,MANHATTAN,EAST 47 STREET,40.7553005625042,-73.97534387376678,POINT (-73.975343873767 40.755300562504)
70097843,2026-08-17T15:50:40.000,WATER LEAK,HEAVY FLOW,Open,HPD,Department of Housing Preservation and Development,10452.0,BRONX,BRONX,SHAKESPEARE AVENUE,40.83677418123001,-73.92331013513952,POINT (-73.92331013514 40.83677418123)
70096512,2026-08-17T15:50:30.000,WATER LEAK,HEAVY FLOW,Open,HPD,Department of Housing Preservation and Development,10466.0,BRONX,BRONX,EAST  225 STREET,40.88805858450903,-73.86123253946643,POINT (-73.861232539466 40.888058584509)
70097878,2026-08-17T15:50:28.000,UNSANITARY CONDITION,PESTS,Open,HPD,Department of Housing Preservation and Development,10466.0,BRONX,BRONX,EAST  224 STREET,40.88737303025494,-73.86174753073152,POINT (-73.861747530732 40.887373030255)
70093683,2026-08-17T15:50:28.000,UNSANITARY CONDITION,PESTS,Open,HPD,Department of Housing Preservation and Development,10466.0,BRONX,BRONX,EAST  224 STREET,40.88737303025494,-73.86174753073152,POINT (-73.861747530732 40.887373030255)
70101559,2026-08-17T15:50:07.000,Water Maintenance,Fire Hydrant Running,In Progress,DEP,Department of Environmental Protection,10451.0,BRONX,BRONX,GRAND CONCOURSE,40.82260144676584,-73.92478616035895,POINT (-73.924786160359 40.822601446766)
70097778,2026-08-17T15:49:00.000,Street Light Condition,Street Light Out,Open,DOT,Department of Transportation,11228.0,BROOKLYN,BROOKLYN,84 STREET,40.611814583366346,-74.0069332491503,POINT (-74.00693324915 40.611814583366)
70099266,2026-08-17T15:48:02.000,UNSANITARY CONDITION,MOLD,Open,HPD,Department of Housing Preservation and Development,11210.0,BROOKLYN,BROOKLYN,NOSTRAND AVENUE,40.63542192081139,-73.94791557833476,POINT (-73.947915578335 40.635421920811)
70095046,2026-08-17T15:48:02.000,WATER LEAK,SLOW LEAK,Open,HPD,Department of Housing Preservation and Development,11210.0,BROOKLYN,BROOKLYN,NOSTRAND AVENUE,40.63542192081139,-73.94791557833476,POINT (-73.947915578335 40.635421920811)
70092233,2026-08-17T15:47:28.000,WATER LEAK,SLOW LEAK,Open,HPD,Department of Housing Preservation and Development,10029.0,NEW YORK,MANHATTAN,1 AVENUE,40.78630439106765,-73.94246030132221,POINT (-73.942460301322 40.786304391068)
70096576,2026-08-17T15:47:28.000,UNSANITARY CONDITION,MOLD,Open,HPD,Department of Housing Preservation and Development,10029.0,NEW YORK,MANHATTAN,1 AVENUE,40.78630439106765,-73.94246030132221,POINT (-73.942460301322 40.786304391068)
70092280,2026-08-17T15:47:01.000,UNSANITARY CONDITION,PESTS,Open,HPD,Department of Housing Preservation and Development,11209.0,BROOKLYN,BROOKLYN,FT HAMILTON PARKWAY,40.62229782377688,-74.02185127028054,POINT (-74.021851270281 40.622297823777)
70101969,2026-08-17T15:47:00.000,Street Light Condition,Fixture/Luminaire Hanging,Open,DOT,Department of Transportation,10018.0,MANHATTAN,MANHATTAN,,40.75710646717883,-73.99730006116313,POINT (-73.997300061163 40.757106467179)
70099132,2026-08-17T15:47:00.000,Street Light Condition,Street Light Out,Open,DOT,Department of Transportation,10029.0,MANHATTAN,MANHATTAN,,40.790417554815285,-73.95183542387656,POINT (-73.951835423877 40.790417554815)
70098476,2026-08-17T15:46:18.000,Illegal Dumping,Removal Request,In Progress,DSNY,Department of Sanitation,11436.0,,QUEENS,130 AVENUE,40.670575036098455,-73.79422713823558,POINT (-73.794227138236 40.670575036098)
70102326,2026-08-17T15:46:12.000,Damaged Tree,Entire Tree Has Fallen Down,In Progress,DPR,Department of Parks and Recreation,10467.0,,BRONX,BAINBRIDGE AVENUE,40.88452273767353,-73.87760804413449,POINT (-73.877608044134 40.884522737674)
70092260,2026-08-17T15:44:46.000,UNSANITARY CONDITION,PESTS,Open,HPD,Department of Housing Preservation and Development,11373.0,ELMHURST,QUEENS,79 STREET,40.7468869000969,-73.88662354137725,POINT (-73.886623541377 40.746886900097)
70097879,2026-08-17T15:44:46.000,UNSANITARY CONDITION,PESTS,Open,HPD,Department of Housing Preservation and Development,11373.0,ELMHURST,QUEENS,79 STREET,40.7468869000969,-73.88662354137725,POINT (-73.886623541377 40.746886900097)
70096545,2026-08-17T15:44:37.000,UNSANITARY CONDITION,PESTS,Open,HPD,Department of Housing Preservation and Development,11203.0,BROOKLYN,BROOKLYN,EAST   53 STREET,40.65119606438898,-73.92740476536433,POINT (-73.927404765364 40.651196064389)
70100639,2026-08-17T15:44:37.000,UNSANITARY CONDITION,PESTS,Open,HPD,Department of Housing Preservation and Development,11203.0,BROOKLYN,BROOKLYN,EAST   53 STREET,40.65119606438898,-73.92740476536433,POINT (-73.927404765364 40.651196064389)
70097920,2026-08-17T15:44:31.000,UNSANITARY CONDITION,GARBAGE/RECYCLING STORAGE,Open,HPD,Department of Housing Preservation and Development,11238.0,BROOKLYN,BROOKLYN,ATLANTIC AVENUE,40.68139271981537,-73.96578792473652,POINT (-73.965787924737 40.681392719815)
70092244,2026-08-17T15:44:09.000,WATER LEAK,HEAVY FLOW,Open,HPD,Department of Housing Preservation and Development,10457.0,BRONX,BRONX,TIEBOUT AVENUE,40.8528036800108,-73.89890300897932,POINT (-73.898903008979 40.852803680011)
70096558,2026-08-17T15:44:07.000,UNSANITARY CONDITION,PESTS,Open,HPD,Department of Housing Preservation and Development,11203.0,BROOKLYN,BROOKLYN,EAST   52 STREET,40.65522627249909,-73.92879153644795,POINT (-73.928791536448 40.655226272499)
70093005,2026-08-17T15:44:00.000,Traffic Signal Condition,Controller,Closed,DOT,Department of Transportation,11203.0,BROOKLYN,BROOKLYN,,40.639319432554174,-73.93679314362308,POINT (-73.936793143623 40.639319432554)
70092918,2026-08-17T15:43:19.000,Dirty Condition,Trash,In Progress,DSNY,Department of Sanitation,10469.0,BRONX,BRONX,ASTOR AVENUE,40.85979968067991,-73.85063050713622,POINT (-73.850630507136 40.85979968068)
70092188,2026-08-17T15:42:28.000,Street Condition,"Rough, Pitted or Cracked Roads",In Progress,DOT,Department of Transportation,10031.0,,MANHATTAN,WEST 138 STREET,,,
70098716,2026-08-17T15:41:25.000,Sewer Maintenance,Catch Basin Clogged,In Progress,DEP,Department of Environmental Protection,11354.0,FLUSHING,QUEENS,PRINCE STREET,40.76002871700734,-73.83254581015969,POINT (-73.83254581016 40.760028717007)
70095717,2026-08-17T15:41:01.000,Illegal Dumping,Removal Request,In Progress,DSNY,Department of Sanitation,10475.0,,BRONX,BARTOW AVENUE,,,
70097765,2026-08-17T15:39:12.000,Sidewalk Condition,Broken Sidewalk,In Progress,DOT,Department of Transportation,11412.0,SAINT ALBANS,QUEENS,MANGIN AVENUE,40.69765753570228,-73.76811661883731,POINT (-73.768116618837 40.697657535702)
70094831,2026-08-17T15:39:10.000,Sidewalk Condition,Blocked - Construction,In Progress,DOT,Department of Transportation,11432.0,JAMAICA,QUEENS,162 STREET,40.70613076836897,-73.79881703559725,POINT (-73.798817035597 40.706130768369)
70101970,2026-08-17T15:39:05.000,Street Condition,"Rough, Pitted or Cracked Roads",In Progress,DOT,Department of Transportation,11235.0,,BROOKLYN,AVENUE X,40.593807303460345,-73.9406097760033,POINT (-73.940609776003 40.59380730346)
70098677,2026-08-17T15:38:56.000,Water Maintenance,Leak,In Progress,DEP,Department of Environmental Protection,10306.0,STATEN ISLAND,STATEN ISLAND,RUDYARD STREET,40.57335010640265,-74.10250262621074,POINT (-74.102502626211 40.573350106403)
70100127,2026-08-17T15:38:50.000,Water Maintenance,Fire Hydrant Leaking,In Progress,DEP,Department of Environmental Protection,11204.0,BROOKLYN,BROOKLYN,63 STREET,40.61316021594478,-73.97715403309057,POINT (-73.977154033091 40.613160215945)
70096250,2026-08-17T15:38:43.000,Sidewalk Condition,Defective Hardware,In Progress,DOT,Department of Transportation,10032.0,NEW YORK,MANHATTAN,WEST 156 STREET,40.83289683964847,-73.94402808434272,POINT (-73.944028084343 40.832896839648)
70095055,2026-08-17T15:37:51.000,WATER LEAK,HEAVY FLOW,Open,HPD,Department of Housing Preservation and Development,11373.0,ELMHURST,QUEENS,DENMAN STREET,40.74683401264711,-73.87528779170411,POINT (-73.875287791704 40.746834012647)
70101515,2026-08-17T15:37:51.000,Sewer Maintenance,Catch Basin Search,In Progress,DEP,Department of Environmental Protection,10001.0,NEW YORK,MANHATTAN,7 AVENUE,40.747549086491816,-73.993142850465,POINT (-73.993142850465 40.747549086492)
70091999,2026-08-17T15:36:40.000,Street Condition,Cave-in,In Progress,DOT,Department of Transportation,11355.0,FLUSHING,QUEENS,41 AVENUE,40.75697062580594,-73.83224307732146,POINT (-73.832243077321 40.756970625806)
70100124,2026-08-17T15:35:54.000,Water Maintenance,Fire Hydrant Running,Closed,DEP,Department of Environmental Protection,10034.0,NEW YORK,MANHATTAN,BROADWAY,40.8685352762629,-73.91840691672459,POINT (-73.918406916725 40.868535276263)
70093712,2026-08-17T15:35:26.000,UNSANITARY CONDITION,PESTS,Open,HPD,Department of Housing Preservation and Development,11226.0,BROOKLYN,BROOKLYN,CLARKSON AVENUE,40.65535593070498,-73.95106436172432,POINT (-73.951064361724 40.655355930705)
70092559,2026-08-17T15:35:16.000,Damaged Tree,Branch or Limb Has Fallen Down,In Progress,DPR,Department of Parks and Recreation,11215.0,BROOKLYN,BROOKLYN,HOWARD PLACE,40.65908658594568,-73.98035689115176,POINT (-73.980356891152 40.659086585946)
70097341,2026-08-17T15:35:02.000,Water Maintenance,Fire Hydrant Defective,Closed,DEP,Department of Environmental Protection,11369.0,EAST ELMHURST,QUEENS,108 STREET,40.75906226798546,-73.861234171421,POINT (-73.861234171421 40.759062267985)
70098145,2026-08-17T15:34:58.000,Damaged Tree,Branch or Limb Has Fallen Down,In Progress,DPR,Department of Parks and Recreation,11236.0,BROOKLYN,BROOKLYN,EAST 92 STREET,40.64979250989856,-73.91405083388274,POINT (-73.914050833883 40.649792509899)
70096537,2026-08-17T15:34:50.000,UNSANITARY CONDITION,PESTS,Open,HPD,Department of Housing Preservation and Development,10467.0,BRONX,BRONX,EAST  213 STREET,40.87806134026308,-73.86033852779497,POINT (-73.860338527795 40.878061340263)
70096231,2026-08-17T15:34:43.000,Street Condition,Cave-in,In Progress,DOT,Department of Transportation,10474.0,BRONX,BRONX,OAK POINT AVENUE,40.80916031746128,-73.89320034703468,POINT (-73.893200347035 40.809160317461)
70095002,2026-08-17T15:34:41.000,Street Condition,"Rough, Pitted or Cracked Roads",In Progress,DOT,Department of Transportation,10463.0,BRONX,BRONX,WEST 230 STREET,40.8773866529647,-73.90716452425653,POINT (-73.907164524257 40.877386652965)
70100148,2026-08-17T15:33:49.000,Sewer Maintenance,Backup,In Progress,DEP,Department of Environmental Protection,11412.0,SAINT ALBANS,QUEENS,200 STREET,40.68992617669078,-73.7500850547214,POINT (-73.750085054721 40.689926176691)
70096264,2026-08-17T15:33:42.000,Street Condition,Cave-in,In Progress,DOT,Department of Transportation,11418.0,RICHMOND HILL,QUEENS,90 AVENUE,40.69212449312343,-73.84514994960709,POINT (-73.845149949607 40.692124493123)
70102024,2026-08-17T15:33:13.000,WATER LEAK,HEAVY FLOW,Open,HPD,Department of Housing Preservation and Development,10458.0,BRONX,BRONX,PARK AVENUE,40.85752715452994,-73.89264911518981,POINT (-73.89264911519 40.85752715453)
70093590,2026-08-17T15:32:47.000,Sidewalk Condition,Broken Sidewalk,In Progress,DOT,Department of Transportation,11432.0,JAMAICA,QUEENS,84 DRIVE,40.712421806092905,-73.80848680725468,POINT (-73.808486807255 40.712421806093)
70094576,2026-08-17T15:32:16.000,Water Maintenance,Fire Hydrant Running,In Progress,DEP,Department of Environmental Protection,10034.0,NEW YORK,MANHATTAN,NAGLE AVENUE,40.8631598918365,-73.92052484796872,POINT (-73.920524847969 40.863159891837)
70092305,2026-08-17T15:32:06.000,UNSANITARY CONDITION,MOLD,Open,HPD,Department of Housing Preservation and Development,11221.0,BROOKLYN,BROOKLYN,GATES AVENUE,40.68734425614998,-73.94086540821745,POINT (-73.940865408217 40.68734425615)
70095054,2026-08-17T15:32:06.000,WATER LEAK,HEAVY FLOW,Open,HPD,Department of Housing Preservation and Development,11221.0,BROOKLYN,BROOKLYN,GATES AVENUE,40.68734425614998,-73.94086540821745,POINT (-73.940865408217 40.68734425615)
70093749,2026-08-17T15:31:59.000,UNSANITARY CONDITION,GARBAGE/RECYCLING STORAGE,Open,HPD,Department of Housing Preservation and Development,11209.0,BROOKLYN,BROOKLYN,FT HAMILTON PARKWAY,40.62229782377688,-74.02185127028054,POINT (-74.021851270281 40.622297823777)
70095092,2026-08-17T15:31:55.000,UNSANITARY CONDITION,PESTS,Open,HPD,Department of Housing Preservation and Development,10456.0,BRONX,BRONX,CLAY AVENUE,40.8297671428936,-73.91207303914179,POINT (-73.912073039142 40.829767142894)
70093735,2026-08-17T15:31:53.000,UNSANITARY CONDITION,MOLD,Open,HPD,Department of Housing Preservation and Development,10034.0,NEW YORK,MANHATTAN,VERMILYEA AVENUE,40.86571171120652,-73.92347561292443,POINT (-73.923475612924 40.865711711207)
70098940,2026-08-17T15:31:19.000,Street Condition,Cave-in,In Progress,DOT,Department of Transportation,11208.0,,BROOKLYN,MILFORD STREET,,,
70094575,2026-08-17T15:31:03.000,Water Maintenance,Fire Hydrant Running,In Progress,DEP,Department of Environmental Protection,10034.0,NEW YORK,MANHATTAN,VERMILYEA AVENUE,40.86734453983834,-73.91906278851496,POINT (-73.919062788515 40.867344539838)
70095779,2026-08-17T15:29:49.000,Street Condition,Pothole,Open,DOT,Department of Transportation,10469.0,BRONX,BRONX,TENBROECK AVENUE,,,
70094580,2026-08-17T15:29:37.000,Water Maintenance,Fire Hydrant Running,Closed,DEP,Department of Environmental Protection,10034.0,NEW YORK,MANHATTAN,SHERMAN AVENUE,40.8664163235416,-73.91834082252483,POINT (-73.918340822525 40.866416323542)
70093408,2026-08-17T15:29:30.000,Street Condition,Cave-in,In Progress,DOT,Department of Transportation,11208.0,BROOKLYN,BROOKLYN,SUTTER AVENUE,40.672024817842704,-73.8772734061349,POINT (-73.877273406135 40.672024817843)
70097572,2026-08-17T15:29:23.000,Street Condition,Defective Hardware,In Progress,DOT,Department of Transportation,11209.0,,BROOKLYN,RIDGE BOULEVARD,40.63210025148325,-74.03047233638604,POINT (-74.030472336386 40.632100251483)
70093410,2026-08-17T15:29:09.000,Street Condition,Cave-in,In Progress,DOT,Department of Transportation,11223.0,BROOKLYN,BROOKLYN,AVENUE S,40.60050514241775,-73.98415885868458,POINT (-73.984158858685 40.600505142418)
70102011,2026-08-17T15:29:04.000,WATER LEAK,SLOW LEAK,Open,HPD,Department of Housing Preservation and Development,11205.0,BROOKLYN,BROOKLYN,DE KALB AVENUE,40.690535982151005,-73.95872640786381,POINT (-73.958726407864 40.690535982151)
70093734,2026-08-17T15:29:04.000,UNSANITARY CONDITION,MOLD,Open,HPD,Department of Housing Preservation and Development,11205.0,BROOKLYN,BROOKLYN,DE KALB AVENUE,40.690535982151005,-73.95872640786381,POINT (-73.958726407864 40.690535982151)
70101803,2026-08-17T15:28:44.000,Street Condition,Cave-in,In Progress,DOT,Department of Transportation,11369.0,EAST ELMHURST,QUEENS,86 STREET,40.76059828324155,-73.88250676120367,POINT (-73.882506761204 40.760598283242)
70097348,2026-08-17T15:28:14.000,Water Maintenance,Fire Hydrant Running,In Progress,DEP,Department of Environmental Protection,10034.0,NEW YORK,MANHATTAN,SHERMAN AVENUE,40.866553289007165,-73.91796102829315,POINT (-73.917961028293 40.866553289007)
70094010,2026-08-17T15:27:35.000,Damaged Tree,Tree Alive - in Poor Condition,In Progress,DPR,Department of Parks and Recreation,10307.0,STATEN ISLAND,STATEN ISLAND,BREHAUT AVENUE,40.5130593054303,-74.23949321005661,POINT (-74.239493210057 40.51305930543)
70093425,2026-08-17T15:27:17.000,Street Condition,Cave-in,In Progress,DOT,Department of Transportation,11354.0,FLUSHING,QUEENS,25 ROAD,40.775755352622994,-73.84783309350813,POINT (-73.847833093508 40.775755352623)
70100133,2026-08-17T15:27:14.000,Sewer Maintenance,Catch Basin Sunken,In Progress,DEP,Department of Environmental Protection,11355.0,FLUSHING,QUEENS,41 AVENUE,40.75738913705016,-73.83126022138089,POINT (-73.831260221381 40.75738913705)
70093981,2026-08-17T15:26:49.000,Damaged Tree,Branch Cracked and Will Fall,In Progress,DPR,Department of Parks and Recreation,10011.0,NEW YORK,MANHATTAN,6 AVENUE,40.73917771436497,-73.99550010994352,POINT (-73.995500109944 40.739177714365)
70093166,2026-08-17T15:25:50.000,Water Maintenance,Fire Hydrant Running,In Progress,DEP,Department of Environmental Protection,10034.0,NEW YORK,MANHATTAN,BROADWAY,40.8685352762629,-73.91840691672459,POINT (-73.918406916725 40.868535276263)
70096230,2026-08-17T15:25:32.000,Street Condition,Line/Marking - After Repaving,In Progress,DOT,Department of Transportation,11004.0,GLEN OAKS,QUEENS,UNION TURNPIKE,40.745142220882094,-73.71554995120283,POINT (-73.715549951203 40.745142220882)
70096439,2026-08-17T15:24:00.000,Street Light Condition,Street Light Out,Open,DOT,Department of Transportation,11435.0,QUEENS,QUEENS,,40.68564591045665,-73.80323090123022,POINT (-73.80323090123 40.685645910457)
70093186,2026-08-17T15:23:47.000,Sewer Maintenance,Catch Basin Clogged,In Progress,DEP,Department of Environmental Protection,11355.0,FLUSHING,QUEENS,41 ROAD,40.75664489981949,-73.83098056371006,POINT (-73.83098056371 40.756644899819)
70097196,2026-08-17T15:23:22.000,Street Condition,Pothole,Closed,DOT,Department of Transportation,11358.0,QUEENS,QUEENS,45 DRIVE,,,
70097910,2026-08-17T15:23:03.000,UNSANITARY CONDITION,GARBAGE/RECYCLING STORAGE,Open,HPD,Department of Housing Preservation and Development,11212.0,BROOKLYN,BROOKLYN,RIVERDALE AVENUE,40.66144297453842,-73.90559799400036,POINT (-73.905597994 40.661442974538)
70091997,2026-08-17T15:22:18.000,Street Condition,Defective Hardware,In Progress,DOT,Department of Transportation,10016.0,,MANHATTAN,FDR DRIVE,40.74576963992774,-73.97042121185389,POINT (-73.970421211854 40.745769639928)
70094818,2026-08-17T15:22:01.000,Street Condition,Cave-in,In Progress,DOT,Department of Transportation,11208.0,BROOKLYN,BROOKLYN,LINCOLN AVENUE,40.67213337969547,-73.86631776624851,POINT (-73.866317766249 40.672133379695)
70101957,2026-08-17T15:22:00.000,Street Light Condition,Street Light Out,Open,DOT,Department of Transportation,11210.0,BROOKLYN,BROOKLYN,EAST   22 STREET,40.636721021923016,-73.95648257607468,POINT (-73.956482576075 40.636721021923)
70099561,2026-08-17T15:21:56.000,Damaged Tree,Branch or Limb Has Fallen Down,In Progress,DPR,Department of Parks and Recreation,10312.0,STATEN ISLAND,STATEN ISLAND,BERRY AVENUE,40.560733870840565,-74.17408415331214,POINT (-74.174084153312 40.560733870841)
70098574,2026-08-17T15:21:00.000,Traffic Signal Condition,Ped Lamp,Open,DOT,Department of Transportation,10017.0,MANHATTAN,MANHATTAN,,40.75112211258347,-73.97126339270125,POINT (-73.971263392701 40.751122112583)
70098557,2026-08-17T15:21:00.000,Traffic Signal Condition,Controller,Closed,DOT,Department of Transportation,11204.0,BROOKLYN,BROOKLYN,,40.61156113127647,-73.98381047441396,POINT (-73.983810474414 40.611561131276)
70094820,2026-08-17T15:20:49.000,Street Condition,Blocked - Construction,In Progress,DOT,Department of Transportation,11206.0,,BROOKLYN,LEONARD STREET,40.70917631197899,-73.94685161086898,POINT (-73.946851610869 40.709176311979)
70100968,2026-08-17T15:19:53.000,Damaged Tree,Entire Tree Has Fallen Down,In Progress,DPR,Department of Parks and Recreation,11426.0,BELLEROSE,QUEENS,254 STREET,40.73206065417585,-73.71223212042227,POINT (-73.712232120422 40.732060654176)
70097829,2026-08-17T15:19:28.000,WATER LEAK,SLOW LEAK,Open,HPD,Department of Housing Preservation and Development,10033.0,NEW YORK,MANHATTAN,WADSWORTH AVENUE,40.85309176254558,-73.93257039451625,POINT (-73.932570394516 40.853091762546)
70097361,2026-08-17T15:19:24.000,Sewer Maintenance,Catch Basin Sunken,In Progress,DEP,Department of Environmental Protection,11355.0,FLUSHING,QUEENS,41 ROAD,40.75664489981949,-73.83098056371006,POINT (-73.83098056371 40.756644899819)
70094531,2026-08-17T15:18:56.000,Damaged Tree,Branch or Limb Has Fallen Down,In Progress,DPR,Department of Parks and Recreation,,,Unspecified,,,,
70093013,2026-08-17T15:18:00.000,Traffic Signal Condition,Veh Signal Lamp,Open,DOT,Department of Transportation,11433.0,QUEENS,QUEENS,,40.70542600599204,-73.7825671206228,POINT (-73.782567120623 40.705426005992)
70101575,2026-08-17T15:17:42.000,Sewer Maintenance,Backup,Closed,DEP,Department of Environmental Protection,10466.0,BRONX,BRONX,EAST 235 STREET,40.89537211100776,-73.85809936841653,POINT (-73.858099368417 40.895372111008)
70096794,2026-08-17T15:17:20.000,Damaged Tree,Branch Cracked and Will Fall,In Progress,DPR,Department of Parks and Recreation,11207.0,BROOKLYN,BROOKLYN,HALSEY STREET,40.68664409211151,-73.91430260958248,POINT (-73.914302609582 40.686644092112)
70095683,2026-08-17T15:17:15.000,Dirty Condition,Trash,In Progress,DSNY,Department of Sanitation,10461.0,BRONX,BRONX,ZULETTE AVENUE,40.84213730427236,-73.83251260797026,POINT (-73.83251260797 40.842137304272)
70096572,2026-08-17T15:16:14.000,UNSANITARY CONDITION,MOLD,Open,HPD,Department of Housing Preservation and Development,10032.0,NEW YORK,MANHATTAN,FT WASHINGTON AVENUE,40.843901758942,-73.94127560587187,POINT (-73.941275605872 40.843901758942)
70097364,2026-08-17T15:15:32.000,Sewer Maintenance,Catch Basin Clogged,In Progress,DEP,Department of Environmental Protection,11355.0,FLUSHING,QUEENS,41 ROAD,40.75664489981949,-73.83098056371006,POINT (-73.83098056371 40.756644899819)
70100926,2026-08-17T15:15:15.000,Damaged Tree,Branch or Limb Has Fallen Down,In Progress,DPR,Department of Parks and Recreation,10452.0,BRONX,BRONX,NELSON AVENUE,40.83478688229176,-73.92735260908563,POINT (-73.927352609086 40.834786882292)
70096571,2026-08-17T15:15:01.000,UNSANITARY CONDITION,MOLD,Open,HPD,Department of Housing Preservation and Development,10031.0,NEW YORK,MANHATTAN,AMSTERDAM AVENUE,40.82237620852428,-73.94968418530969,POINT (-73.94968418531 40.822376208524)
70097118,2026-08-17T15:14:07.000,Illegal Dumping,Removal Request,In Progress,DSNY,Department of Sanitation,11231.0,BROOKLYN,BROOKLYN,COURT STREET,40.68322024584878,-73.99547504161978,POINT (-73.99547504162 40.683220245849)
70093582,2026-08-17T15:14:04.000,Sidewalk Condition,Sidewalk Violation,In Progress,DOT,Department of Transportation,11356.0,COLLEGE POINT,QUEENS,124 STREET,40.78641608240741,-73.84385092110415,POINT (-73.843850921104 40.786416082407)
70093185,2026-08-17T15:12:16.000,Sewer Maintenance,Catch Basin Clogged,In Progress,DEP,Department of Environmental Protection,11355.0,FLUSHING,QUEENS,41 ROAD,40.75608403271253,-73.83221643420565,POINT (-73.832216434206 40.756084032713)
70102114,2026-08-17T15:12:00.000,UNSANITARY CONDITION,GARBAGE/RECYCLING STORAGE,Open,HPD,Department of Housing Preservation and Development,10456.0,BRONX,BRONX,FULTON AVENUE,40.82970398772715,-73.90511355207128,POINT (-73.905113552071 40.829703987727)
70092229,2026-08-17T15:12:00.000,WATER LEAK,SLOW LEAK,Open,HPD,Department of Housing Preservation and Development,10456.0,BRONX,BRONX,FULTON AVENUE,40.82970398772715,-73.90511355207128,POINT (-73.905113552071 40.829703987727)
70100657,2026-08-17T15:12:00.000,UNSANITARY CONDITION,PESTS,Open,HPD,Department of Housing Preservation and Development,10456.0,BRONX,BRONX,FULTON AVENUE,40.82970398772715,-73.90511355207128,POINT (-73.905113552071 40.829703987727)
70099250,2026-08-17T15:11:55.000,UNSANITARY CONDITION,PESTS,Open,HPD,Department of Housing Preservation and Development,10040.0,NEW YORK,MANHATTAN,ELLWOOD STREET,40.86135399525456,-73.92912757452417,POINT (-73.929127574524 40.861353995255)
70095132,2026-08-17T15:11:54.000,UNSANITARY CONDITION,GARBAGE/RECYCLING STORAGE,Open,HPD,Department of Housing Preservation and Development,10468.0,BRONX,BRONX,JEROME AVENUE,40.871923565256566,-73.89022499554281,POINT (-73.890224995543 40.871923565257)
70099275,2026-08-17T15:11:54.000,UNSANITARY CONDITION,GARBAGE/RECYCLING STORAGE,Open,HPD,Department of Housing Preservation and Development,10468.0,BRONX,BRONX,JEROME AVENUE,40.871923565256566,-73.89022499554281,POINT (-73.890224995543 40.871923565257)
70095108,2026-08-17T15:11:54.000,UNSANITARY CONDITION,MOLD,Open,HPD,Department of Housing Preservation and Development,10040.0,NEW YORK,MANHATTAN,ELLWOOD STREET,40.86135399525456,-73.92912757452417,POINT (-73.929127574524 40.861353995255)
70097874,2026-08-17T15:11:54.000,UNSANITARY CONDITION,PESTS,Open,HPD,Department of Housing Preservation and Development,10040.0,NEW YORK,MANHATTAN,ELLWOOD STREET,40.86135399525456,-73.92912757452417,POINT (-73.929127574524 40.861353995255)
70094598,2026-08-17T15:11:26.000,Sewer Maintenance,Catch Basin Clogged,In Progress,DEP,Department of Environmental Protection,10453.0,BRONX,BRONX,JEROME AVENUE,40.84802225901839,-73.91213204170343,POINT (-73.912132041703 40.848022259018)
70096510,2026-08-17T15:11:15.000,WATER LEAK,HEAVY FLOW,Open,HPD,Department of Housing Preservation and Development,10453.0,BRONX,BRONX,RICHMAN PLAZA,40.85171876186146,-73.9227796198516,POINT (-73.922779619852 40.851718761861)
70098572,2026-08-17T15:11:00.000,Traffic Signal Condition,Pedestrian Signal,Closed,DOT,Department of Transportation,10028.0,MANHATTAN,MANHATTAN,,40.77949776479802,-73.95558406794517,POINT (-73.955584067945 40.779497764798)
70100356,2026-08-17T15:10:33.000,Street Condition,Defective Hardware,In Progress,DOT,Department of Transportation,10016.0,,MANHATTAN,FDR DRIVE,40.74576963992774,-73.97042121185389,POINT (-73.970421211854 40.745769639928)
70095334,2026-08-17T15:09:52.000,Damaged Tree,Branch or Limb Has Fallen Down,In Progress,DPR,Department of Parks and Recreation,11234.0,BROOKLYN,BROOKLYN,EAST 38 STREET,40.61281865213459,-73.93228003942944,POINT (-73.932280039429 40.612818652135)
70100654,2026-08-17T15:09:21.000,UNSANITARY CONDITION,PESTS,Open,HPD,Department of Housing Preservation and Development,10461.0,BRONX,BRONX,COLONIAL AVENUE,40.85474965723019,-73.82905035552574,POINT (-73.829050355526 40.85474965723)
70100605,2026-08-17T15:09:20.000,WATER LEAK,SLOW LEAK,Open,HPD,Department of Housing Preservation and Development,11354.0,FLUSHING,QUEENS,PARSONS BOULEVARD,40.76662240767543,-73.82388312211818,POINT (-73.823883122118 40.766622407675)
70094813,2026-08-17T15:09:16.000,Street Condition,Cave-in,Closed,DOT,Department of Transportation,10469.0,BRONX,BRONX,DEWITT PLACE,40.86916378558088,-73.84583683875832,POINT (-73.845836838758 40.869163785581)
70096254,2026-08-17T15:09:14.000,Street Condition,Failed Street Repair,In Progress,DOT,Department of Transportation,11433.0,,QUEENS,111 AVENUE,40.69446951905633,-73.78146330384405,POINT (-73.781463303844 40.694469519056)
70094574,2026-08-17T15:09:05.000,Water Maintenance,Fire Hydrant Running,In Progress,DEP,Department of Environmental Protection,10026.0,NEW YORK,MANHATTAN,ADAM C POWELL BOULEVARD,40.802648528357416,-73.95295352214427,POINT (-73.952953522144 40.802648528357)
70095953,2026-08-17T15:09:02.000,Water Maintenance,Leak,Closed,DEP,Department of Environmental Protection,11367.0,FLUSHING,QUEENS,MAIN STREET,40.7381389855122,-73.82494353775654,POINT (-73.824943537757 40.738138985512)
70094350,2026-08-17T15:09:01.000,Dirty Condition,Trash,In Progress,DSNY,Department of Sanitation,11207.0,,BROOKLYN,GEORGIA AVENUE,40.66447035167842,-73.89591914201297,POINT (-73.895919142013 40.664470351678)
70098721,2026-08-17T15:08:35.000,Sewer Maintenance,Catch Basin Clogged,In Progress,DEP,Department of Environmental Protection,11354.0,FLUSHING,QUEENS,COLLEGE POINT BOULEVARD,40.7600622647176,-73.83487037943397,POINT (-73.834870379434 40.760062264718)
70092988,2026-08-17T15:08:30.000,Street Condition,Pothole,Pending,DOT,Department of Transportation,10305.0,STATEN ISLAND,STATEN ISLAND,HYLAN BOULEVARD,,,
70101378,2026-08-17T15:08:12.000,Street Condition,Pothole,Closed,DOT,Department of Transportation,11105.0,QUEENS,QUEENS,41 STREET,,,
70094417,2026-08-17T15:06:43.000,Street Condition,Pothole,Closed,DOT,Department of Transportation,11435.0,QUEENS,QUEENS,JAMAICA AVENUE,,,
70100550,2026-08-17T15:06:00.000,Street Light Condition,Street Light Out,Open,DOT,Department of Transportation,10301.0,STATEN ISLAND,STATEN ISLAND,GLEN AVENUE,40.63492300249757,-74.09081920027583,POINT (-74.090819200276 40.634923002498)
70097217,2026-08-17T15:06:00.000,Traffic Signal Condition,Veh Signal Lamp,Closed,DOT,Department of Transportation,10022.0,MANHATTAN,MANHATTAN,,40.75613304872893,-73.96760481618084,POINT (-73.967604816181 40.756133048729)
70100667,2026-08-17T15:05:46.000,UNSANITARY CONDITION,PESTS,Open,HPD,Department of Housing Preservation and Development,11226.0,BROOKLYN,BROOKLYN,EAST   21 STREET,40.64083060154898,-73.95819144181125,POINT (-73.958191441811 40.640830601549)
70101327,2026-08-17T15:05:39.000,Dirty Condition,Trash,In Progress,DSNY,Department of Sanitation,10075.0,NEW YORK,MANHATTAN,EAST 78 STREET,40.77136386294468,-73.95246656850455,POINT (-73.952466568505 40.771363862945)
70095948,2026-08-17T15:05:36.000,Water Maintenance,Low Pressure,In Progress,DEP,Department of Environmental Protection,10310.0,STATEN ISLAND,STATEN ISLAND,LAWRENCE AVENUE,40.6234997085143,-74.10622158927055,POINT (-74.106221589271 40.623499708514)
70092315,2026-08-17T15:05:17.000,UNSANITARY CONDITION,GARBAGE/RECYCLING STORAGE,Open,HPD,Department of Housing Preservation and Development,10040.0,NEW YORK,MANHATTAN,ELLWOOD STREET,40.86135399525456,-73.92912757452417,POINT (-73.929127574524 40.861353995255)
70093701,2026-08-17T15:05:17.000,UNSANITARY CONDITION,PESTS,Open,HPD,Department of Housing Preservation and Development,10040.0,NEW YORK,MANHATTAN,ELLWOOD STREET,40.86135399525456,-73.92912757452417,POINT (-73.929127574524 40.861353995255)
70097897,2026-08-17T15:04:56.000,UNSANITARY CONDITION,MOLD,Open,HPD,Department of Housing Preservation and Development,11216.0,BROOKLYN,BROOKLYN,PUTNAM AVENUE,40.6841641907244,-73.948948369534,POINT (-73.948948369534 40.684164190724)
70095987,2026-08-17T15:04:54.000,Sewer Maintenance,Backup,In Progress,DEP,Department of Environmental Protection,11429.0,QUEENS VILLAGE,QUEENS,110 ROAD,40.707777174160405,-73.7409251646789,POINT (-73.740925164679 40.70777717416)
70093174,2026-08-17T15:04:52.000,Water Maintenance,Fire Hydrant Leaking,In Progress,DEP,Department of Environmental Protection,10033.0,NEW YORK,MANHATTAN,WEST 187 STREET,40.8525988554511,-73.92987792249868,POINT (-73.929877922499 40.852598855451)
70101377,2026-08-17T15:04:42.000,Street Condition,Pothole,Closed,DOT,Department of Transportation,11417.0,QUEENS,QUEENS,104 STREET,,,
70099274,2026-08-17T15:04:28.000,UNSANITARY CONDITION,GARBAGE/RECYCLING STORAGE,Open,HPD,Department of Housing Preservation and Development,10040.0,NEW YORK,MANHATTAN,BROADWAY,40.85855592949575,-73.93166109187804,POINT (-73.931661091878 40.858555929496)
70092987,2026-08-17T15:03:05.000,Street Condition,Pothole,Closed,DOT,Department of Transportation,11357.0,QUEENS,QUEENS,24 AVENUE,,,
70094568,2026-08-17T15:02:54.000,Water Maintenance,Dirty Water,In Progress,DEP,Department of Environmental Protection,10314.0,STATEN ISLAND,STATEN ISLAND,VILLA NOVA STREET,40.58485832680696,-74.15869840579347,POINT (-74.158698405793 40.584858326807)
70098556,2026-08-17T15:02:00.000,Traffic Signal Condition,Controller,Closed,DOT,Department of Transportation,,,BROOKLYN,,,,
70100528,2026-08-17T15:01:38.000,Sidewalk Condition,Broken Sidewalk,In Progress,DOT,Department of Transportation,11206.0,BROOKLYN,BROOKLYN,MYRTLE AVENUE,40.69650549565263,-73.9393246204601,POINT (-73.93932462046 40.696505495653)
70092282,2026-08-17T15:01:16.000,UNSANITARY CONDITION,PESTS,Open,HPD,Department of Housing Preservation and Development,10456.0,BRONX,BRONX,FULTON AVENUE,40.82970398772715,-73.90511355207128,POINT (-73.905113552071 40.829703987727)
70096535,2026-08-17T15:01:16.000,UNSANITARY CONDITION,PESTS,Open,HPD,Department of Housing Preservation and Development,11223.0,BROOKLYN,BROOKLYN,WEST STREET,40.589468235771015,-73.97003318249584,POINT (-73.970033182496 40.589468235771)
70092148,2026-08-17T15:01:14.000,Sidewalk Condition,Sidewalk Violation,In Progress,DOT,Department of Transportation,10308.0,STATEN ISLAND,STATEN ISLAND,AMBOY ROAD,40.54937945517578,-74.15221271622838,POINT (-74.152212716228 40.549379455176)
70095714,2026-08-17T14:59:58.000,Illegal Dumping,Removal Request,In Progress,DSNY,Department of Sanitation,10309.0,STATEN ISLAND,STATEN ISLAND,SEGUINE AVENUE,40.524426535587615,-74.2003375304643,POINT (-74.200337530464 40.524426535588)
70102655,2026-08-17T14:58:54.000,Dirty Condition,Syringes,In Progress,DSNY,Department of Sanitation,11208.0,BROOKLYN,BROOKLYN,SOUTH CONDUIT AVENUE,40.674814610481285,-73.8636229914725,POINT (-73.863622991472 40.674814610481)
70099141,2026-08-17T14:58:00.000,Street Light Condition,Street Light Out,Open,DOT,Department of Transportation,11385.0,QUEENS,QUEENS,GREENE AVENUE,,,
70093178,2026-08-17T14:57:44.000,Sewer Maintenance,Manhole Overflow,In Progress,DEP,Department of Environmental Protection,11229.0,,BROOKLYN,EAST 15 STREET,40.60874677483663,-73.95827996342706,POINT (-73.958279963427 40.608746774837)
70095986,2026-08-17T14:57:26.000,Sewer Maintenance,Catch Basin Clogged,In Progress,DEP,Department of Environmental Protection,11355.0,FLUSHING,QUEENS,KISSENA BOULEVARD,40.75841839438568,-73.82938061064586,POINT (-73.829380610646 40.758418394386)
70099126,2026-08-17T14:56:40.000,Sidewalk Condition,Sidewalk Violation,In Progress,DOT,Department of Transportation,11420.0,SOUTH OZONE PARK,QUEENS,116 AVENUE,40.67755860810105,-73.8107068087104,POINT (-73.81070680871 40.677558608101)
70093188,2026-08-17T14:54:53.000,Sewer Maintenance,Backup,In Progress,DEP,Department of Environmental Protection,11235.0,BROOKLYN,BROOKLYN,EAST 6 STREET,40.58753415408724,-73.96396741242445,POINT (-73.963967412424 40.587534154087)
70093706,2026-08-17T14:54:33.000,UNSANITARY CONDITION,PESTS,Open,HPD,Department of Housing Preservation and Development,10456.0,BRONX,BRONX,CLINTON AVENUE,40.83435355197847,-73.89868169657615,POINT (-73.898681696576 40.834353551978)
70097917,2026-08-17T14:54:23.000,UNSANITARY CONDITION,GARBAGE/RECYCLING STORAGE,Open,HPD,Department of Housing Preservation and Development,10461.0,BRONX,BRONX,BENSON STREET,40.84064939080307,-73.84405973476271,POINT (-73.844059734763 40.840649390803)
70098695,2026-08-17T14:53:16.000,Water Maintenance,Water in Basement,In Progress,DEP,Department of Environmental Protection,11236.0,BROOKLYN,BROOKLYN,GLENWOOD ROAD,40.64134229655271,-73.90821719252223,POINT (-73.908217192522 40.641342296553)
70092989,2026-08-17T14:53:01.000,Street Condition,Pothole,Closed,DOT,Department of Transportation,10309.0,STATEN ISLAND,STATEN ISLAND,ARTHUR KILL ROAD,,,
70098544,2026-08-17T14:53:00.000,Traffic Signal Condition,APS,Closed,DOT,Department of Transportation,10469.0,BRONX,BRONX,,40.88244834622546,-73.8566659457604,POINT (-73.85666594576 40.882448346225)
70092241,2026-08-17T14:52:07.000,WATER LEAK,HEAVY FLOW,Open,HPD,Department of Housing Preservation and Development,11207.0,BROOKLYN,BROOKLYN,PENNSYLVANIA AVENUE,40.67250168088518,-73.89603638764315,POINT (-73.896036387643 40.672501680885)
70099124,2026-08-17T14:52:07.000,Sidewalk Condition,Sidewalk Violation,In Progress,DOT,Department of Transportation,10473.0,BRONX,BRONX,HOWE AVENUE,40.81523339480576,-73.84824860708724,POINT (-73.848248607087 40.815233394806)
70100637,2026-08-17T14:51:37.000,UNSANITARY CONDITION,PESTS,Open,HPD,Department of Housing Preservation and Development,11427.0,QUEENS VILLAGE,QUEENS,WINCHESTER BOULEVARD,40.73768491933031,-73.73402127140984,POINT (-73.73402127141 40.73768491933)
70099242,2026-08-17T14:51:37.000,UNSANITARY CONDITION,PESTS,Open,HPD,Department of Housing Preservation and Development,11427.0,QUEENS VILLAGE,QUEENS,WINCHESTER BOULEVARD,40.73768491933031,-73.73402127140984,POINT (-73.73402127141 40.73768491933)
70096534,2026-08-17T14:51:37.000,UNSANITARY CONDITION,PESTS,Open,HPD,Department of Housing Preservation and Development,10452.0,BRONX,BRONX,MC CLELLAN STREET,40.833764410623225,-73.92098999262167,POINT (-73.920989992622 40.833764410623)
70096520,2026-08-17T14:51:37.000,WATER LEAK,DAMP SPOT,Open,HPD,Department of Housing Preservation and Development,10452.0,BRONX,BRONX,MC CLELLAN STREET,40.833764410623225,-73.92098999262167,POINT (-73.920989992622 40.833764410623)
70099268,2026-08-17T14:51:37.000,UNSANITARY CONDITION,MOLD,Open,HPD,Department of Housing Preservation and Development,10452.0,BRONX,BRONX,MC CLELLAN STREET,40.833764410623225,-73.92098999262167,POINT (-73.920989992622 40.833764410623)
70100607,2026-08-17T14:51:29.000,WATER LEAK,SLOW LEAK,Open,HPD,Department of Housing Preservation and Development,10305.0,STATEN ISLAND,STATEN ISLAND,MERLE PLACE,40.60673841475752,-74.06858893692736,POINT (-74.068588936927 40.606738414758)
70097903,2026-08-17T14:51:27.000,UNSANITARY CONDITION,MOLD,Open,HPD,Department of Housing Preservation and Development,11205.0,BROOKLYN,BROOKLYN,TAAFFE PLACE,40.69146677615553,-73.95962011741983,POINT (-73.95962011742 40.691466776156)
70100659,2026-08-17T14:51:26.000,UNSANITARY CONDITION,PESTS,Open,HPD,Department of Housing Preservation and Development,10039.0,NEW YORK,MANHATTAN,WEST  152 STREET,40.82692945691278,-73.93793379898436,POINT (-73.937933798984 40.826929456913)
70095116,2026-08-17T14:51:26.000,UNSANITARY CONDITION,MOLD,Open,HPD,Department of Housing Preservation and Development,10039.0,NEW YORK,MANHATTAN,WEST  152 STREET,40.82692945691278,-73.93793379898436,POINT (-73.937933798984 40.826929456913)
70091598,2026-08-17T14:51:23.000,Street Condition,Pothole,Closed,DOT,Department of Transportation,11001.0,QUEENS,QUEENS,,40.728021635398605,-73.7105538077066,POINT (-73.710553807707 40.728021635399)
70098718,2026-08-17T14:51:21.000,Sewer Maintenance,Catch Basin Clogged,In Progress,DEP,Department of Environmental Protection,11355.0,FLUSHING,QUEENS,KISSENA BOULEVARD,40.7575184420564,-73.82775499837497,POINT (-73.827754998375 40.757518442056)
70097753,2026-08-17T14:50:21.000,Sidewalk Condition,Sidewalk Violation,In Progress,DOT,Department of Transportation,11378.0,MASPETH,QUEENS,GRAND AVENUE,40.717799852300345,-73.9179493299779,POINT (-73.917949329978 40.7177998523)
70099904,2026-08-17T14:50:07.000,Dirty Condition,Trash,In Progress,DSNY,Department of Sanitation,11413.0,,QUEENS,MERRICK BOULEVARD,40.68011763639642,-73.7532368707747,POINT (-73.753236870775 40.680117636396)
70094982,2026-08-17T14:50:00.000,Street Light Condition,Street Light Out,Open,DOT,Department of Transportation,10472.0,BRONX,BRONX,,40.83400716442636,-73.87567006191708,POINT (-73.875670061917 40.834007164426)
70096447,2026-08-17T14:50:00.000,Street Light Condition,Street Light Out,Open,DOT,Department of Transportation,10306.0,STATEN ISLAND,STATEN ISLAND,EVA AVENUE,40.56003232153984,-74.11132468778318,POINT (-74.111324687783 40.56003232154)
70095815,2026-08-17T14:50:00.000,Traffic Signal Condition,Controller,Closed,DOT,Department of Transportation,,,BROOKLYN,,,,
70102070,2026-08-17T14:48:09.000,UNSANITARY CONDITION,PESTS,Open,HPD,Department of Housing Preservation and Development,10455.0,BRONX,BRONX,UNION AVENUE,40.818150152686165,-73.90352591733722,POINT (-73.903525917337 40.818150152686)
70093686,2026-08-17T14:48:09.000,UNSANITARY CONDITION,PESTS,Open,HPD,Department of Housing Preservation and Development,10455.0,BRONX,BRONX,UNION AVENUE,40.818150152686165,-73.90352591733722,POINT (-73.903525917337 40.818150152686)
70100546,2026-08-17T14:48:00.000,Street Light Condition,Street Light Out,Open,DOT,Department of Transportation,11208.0,BROOKLYN,BROOKLYN,RIDGEWOOD AVENUE,40.68318742473079,-73.88214198303329,POINT (-73.882141983033 40.683187424731)
70092154,2026-08-17T14:47:26.000,Sidewalk Condition,Sidewalk Violation,In Progress,DOT,Department of Transportation,11236.0,BROOKLYN,BROOKLYN,AVENUE N,40.63706007051784,-73.88912329913983,POINT (-73.88912329914 40.637060070518)
70095718,2026-08-17T14:46:17.000,Illegal Dumping,Removal Request,In Progress,DSNY,Department of Sanitation,10002.0,NEW YORK,MANHATTAN,FORSYTH STREET,40.71822137413943,-73.99292942154327,POINT (-73.992929421543 40.718221374139)
70095374,2026-08-17T14:46:06.000,Damaged Tree,Entire Tree Has Fallen Down,In Progress,DPR,Department of Parks and Recreation,11370.0,EAST ELMHURST,QUEENS,21 AVENUE,40.770557243510666,-73.89799532549773,POINT (-73.897995325498 40.770557243511)
70094828,2026-08-17T14:45:14.000,Street Condition,Cave-in,In Progress,DOT,Department of Transportation,11375.0,,QUEENS,68 DRIVE,40.72562805580088,-73.84584417904176,POINT (-73.845844179042 40.725628055801)
70102116,2026-08-17T14:45:12.000,UNSANITARY CONDITION,GARBAGE/RECYCLING STORAGE,Open,HPD,Department of Housing Preservation and Development,10035.0,NEW YORK,MANHATTAN,EAST  119 STREET,40.79851469831928,-73.93539230931917,POINT (-73.935392309319 40.798514698319)
70098555,2026-08-17T14:45:00.000,Traffic Signal Condition,Controller,Closed,DOT,Department of Transportation,,,BROOKLYN,,,,
70095085,2026-08-17T14:44:46.000,UNSANITARY CONDITION,PESTS,Open,HPD,Department of Housing Preservation and Development,10032.0,NEW YORK,MANHATTAN,WEST  158 STREET,40.83507129030031,-73.94535973777539,POINT (-73.945359737775 40.8350712903)
70092308,2026-08-17T14:44:44.000,UNSANITARY CONDITION,GARBAGE/RECYCLING STORAGE,Open,HPD,Department of Housing Preservation and Development,10460.0,BRONX,BRONX,EAST  178 STREET,40.84352446040918,-73.88493363308801,POINT (-73.884933633088 40.843524460409)
70096533,2026-08-17T14:44:44.000,UNSANITARY CONDITION,PESTS,Open,HPD,Department of Housing Preservation and Development,10460.0,BRONX,BRONX,EAST  178 STREET,40.84352446040918,-73.88493363308801,POINT (-73.884933633088 40.843524460409)
70098951,2026-08-17T14:43:48.000,Street Condition,Cave-in,In Progress,DOT,Department of Transportation,11375.0,,QUEENS,65 ROAD,40.73161501991197,-73.84632464784852,POINT (-73.846324647849 40.731615019912)
70101541,2026-08-17T14:43:29.000,Water Maintenance,Leak,Closed,DEP,Department of Environmental Protection,11101.0,LONG ISLAND CITY,QUEENS,VERNON BOULEVARD,40.74263802437878,-73.95410739650335,POINT (-73.954107396503 40.742638024379)
70100975,2026-08-17T14:42:47.000,Damaged Tree,Branch Cracked and Will Fall,In Progress,DPR,Department of Parks and Recreation,11101.0,,QUEENS,50 AVENUE,40.74213173333435,-73.95105475700636,POINT (-73.951054757006 40.742131733334)
70095719,2026-08-17T14:42:44.000,Illegal Dumping,Removal Request,In Progress,DSNY,Department of Sanitation,11222.0,BROOKLYN,BROOKLYN,PAIDGE AVENUE,40.736622528635245,-73.94992214696238,POINT (-73.949922146962 40.736622528635)
70092913,2026-08-17T14:42:34.000,Dirty Condition,Trash,In Progress,DSNY,Department of Sanitation,11204.0,,BROOKLYN,59 STREET,40.61728852151789,-73.97785140492111,POINT (-73.977851404921 40.617288521518)
70096585,2026-08-17T14:42:34.000,UNSANITARY CONDITION,GARBAGE/RECYCLING STORAGE,Open,HPD,Department of Housing Preservation and Development,10031.0,NEW YORK,MANHATTAN,RIVERSIDE DRIVE,40.82456287045771,-73.95416290429146,POINT (-73.954162904291 40.824562870458)
70094830,2026-08-17T14:42:17.000,Sidewalk Condition,Blocked - Construction,In Progress,DOT,Department of Transportation,11354.0,,QUEENS,31 ROAD,40.77022252606218,-73.83054536534182,POINT (-73.830545365342 40.770222526062)
70099967,2026-08-17T14:42:00.000,Traffic Signal Condition,Controller,Closed,DOT,Department of Transportation,11203.0,BROOKLYN,BROOKLYN,,40.65164646357137,-73.93232351597865,POINT (-73.932323515979 40.651646463571)
70102095,2026-08-17T14:41:43.000,UNSANITARY CONDITION,MOLD,Open,HPD,Department of Housing Preservation and Development,10460.0,BRONX,BRONX,EAST  178 STREET,40.84352446040918,-73.88493363308801,POINT (-73.884933633088 40.843524460409)
70102041,2026-08-17T14:41:43.000,UNSANITARY CONDITION,PESTS,Open,HPD,Department of Housing Preservation and Development,10460.0,BRONX,BRONX,EAST  178 STREET,40.84352446040918,-73.88493363308801,POINT (-73.884933633088 40.843524460409)
70096511,2026-08-17T14:41:43.000,WATER LEAK,HEAVY FLOW,Open,HPD,Department of Housing Preservation and Development,10460.0,BRONX,BRONX,EAST  178 STREET,40.84352446040918,-73.88493363308801,POINT (-73.884933633088 40.843524460409)
70100606,2026-08-17T14:41:43.000,WATER LEAK,SLOW LEAK,Open,HPD,Department of Housing Preservation and Development,10460.0,BRONX,BRONX,EAST  178 STREET,40.84352446040918,-73.88493363308801,POINT (-73.884933633088 40.843524460409)
70100633,2026-08-17T14:41:39.000,UNSANITARY CONDITION,PESTS,Open,HPD,Department of Housing Preservation and Development,11385.0,RIDGEWOOD,QUEENS,HANCOCK STREET,40.699534087794085,-73.9045450763632,POINT (-73.904545076363 40.699534087794)
70092232,2026-08-17T14:41:35.000,WATER LEAK,SLOW LEAK,Open,HPD,Department of Housing Preservation and Development,10459.0,BRONX,BRONX,FOX STREET,40.82753681682239,-73.89384293778974,POINT (-73.89384293779 40.827536816822)
70091613,2026-08-17T14:41:00.000,Traffic Signal Condition,Controller,Closed,DOT,Department of Transportation,11201.0,BROOKLYN,BROOKLYN,,40.692051682125,-73.98253964091832,POINT (-73.982539640918 40.692051682125)
70099942,2026-08-17T14:41:00.000,Street Condition,Pothole,Open,DOT,Department of Transportation,10463.0,BRONX,BRONX,,40.87892448779634,-73.90478656028658,POINT (-73.904786560287 40.878924487796)
70096420,2026-08-17T14:40:41.000,Sidewalk Condition,Broken Sidewalk,In Progress,DOT,Department of Transportation,11374.0,REGO PARK,QUEENS,64 AVENUE,40.7305481592761,-73.85766379125519,POINT (-73.857663791255 40.730548159276)
70101387,2026-08-17T14:40:00.000,Traffic Signal Condition,Controller,Closed,DOT,Department of Transportation,11201.0,BROOKLYN,BROOKLYN,,40.692051682125,-73.98253964091832,POINT (-73.982539640918 40.692051682125)
70093422,2026-08-17T14:39:41.000,Street Condition,Defective Hardware,In Progress,DOT,Department of Transportation,11106.0,ASTORIA,QUEENS,33 STREET,40.7629156910479,-73.92240246673165,POINT (-73.922402466732 40.762915691048)
70099892,2026-08-17T14:39:38.000,Illegal Dumping,Removal Request,In Progress,DSNY,Department of Sanitation,11238.0,BROOKLYN,BROOKLYN,CLASSON AVENUE,40.67698798974151,-73.95929720488063,POINT (-73.959297204881 40.676987989742)
70093416,2026-08-17T14:39:29.000,Street Condition,Blocked - Construction,In Progress,DOT,Department of Transportation,10022.0,NEW YORK,MANHATTAN,EAST 55 STREET,40.7574936940248,-73.9650449727491,POINT (-73.965044972749 40.757493694025)
70100940,2026-08-17T14:39:03.000,Damaged Tree,Entire Tree Has Fallen Down,In Progress,DPR,Department of Parks and Recreation,11201.0,,BROOKLYN,COLUMBIA HEIGHTS,40.70228811050451,-73.99445669300219,POINT (-73.994456693002 40.702288110505)
70097774,2026-08-17T14:39:00.000,Street Light Condition,Lamppost Base Door/Cover Open,Open,DOT,Department of Transportation,11378.0,QUEENS,QUEENS,,40.72972953266453,-73.91181897478721,POINT (-73.911818974787 40.729729532665)
70092986,2026-08-17T14:38:51.000,Street Condition,Pothole,Closed,DOT,Department of Transportation,11427.0,QUEENS,QUEENS,GRAND CENTRAL PARKWAY,,,
70097860,2026-08-17T14:38:27.000,UNSANITARY CONDITION,PESTS,Open,HPD,Department of Housing Preservation and Development,10458.0,BRONX,BRONX,VALENTINE AVENUE,40.86906094087358,-73.89032372746453,POINT (-73.890323727465 40.869060940874)
70097859,2026-08-17T14:38:24.000,UNSANITARY CONDITION,PESTS,Open,HPD,Department of Housing Preservation and Development,10472.0,BRONX,BRONX,ST LAWRENCE AVENUE,40.82842242793463,-73.86652771325149,POINT (-73.866527713251 40.828422427935)
70097094,2026-08-17T14:38:10.000,Dirty Condition,Debris from Car Accident,In Progress,DSNY,Department of Sanitation,11379.0,,QUEENS,ELIOT AVENUE,,,
70093744,2026-08-17T14:38:00.000,UNSANITARY CONDITION,GARBAGE/RECYCLING STORAGE,Open,HPD,Department of Housing Preservation and Development,11385.0,RIDGEWOOD,QUEENS,HANCOCK STREET,40.699534087794085,-73.9045450763632,POINT (-73.904545076363 40.699534087794)
70095984,2026-08-17T14:37:31.000,Sewer Maintenance,Catch Basin Clogged,In Progress,DEP,Department of Environmental Protection,11206.0,,BROOKLYN,HARRISON AVENUE,40.701593386315295,-73.94874748258447,POINT (-73.948747482584 40.701593386315)
70098464,2026-08-17T14:37:31.000,Illegal Dumping,Removal Request,In Progress,DSNY,Department of Sanitation,10013.0,,MANHATTAN,WATTS STREET,40.723450293161406,-74.00382779200886,POINT (-74.003827792009 40.723450293161)
70098935,2026-08-17T14:37:26.000,Street Condition,Cave-in,In Progress,DOT,Department of Transportation,10472.0,,BRONX,BRONX RIVER AVENUE,40.8283030307376,-73.8829509004282,POINT (-73.882950900428 40.828303030738)
70093398,2026-08-17T14:37:24.000,Street Condition,Cave-in,In Progress,DOT,Department of Transportation,10451.0,BRONX,BRONX,COURTLAND AVENUE,40.82303213144412,-73.91646826810349,POINT (-73.916468268103 40.823032131444)
70096258,2026-08-17T14:37:12.000,Street Condition,Cave-in,In Progress,DOT,Department of Transportation,11434.0,,QUEENS,126 AVENUE,40.68197293511323,-73.76629990904574,POINT (-73.766299909046 40.681972935113)
70093575,2026-08-17T14:35:04.000,Sidewalk Condition,Sidewalk Violation,In Progress,DOT,Department of Transportation,11378.0,MASPETH,QUEENS,GRAND AVENUE,40.717799852300345,-73.9179493299779,POINT (-73.917949329978 40.7177998523)
70091622,2026-08-17T14:35:00.000,Traffic Signal Condition,Support Bracket,Open,DOT,Department of Transportation,11373.0,QUEENS,QUEENS,,40.74234866237072,-73.86994080533073,POINT (-73.869940805331 40.742348662371)
70100352,2026-08-17T14:34:59.000,Street Condition,Blocked - Construction,In Progress,DOT,Department of Transportation,11210.0,BROOKLYN,BROOKLYN,BROOKLYN AVENUE,40.63606969581095,-73.9421827034399,POINT (-73.94218270344 40.636069695811)
70100668,2026-08-17T14:34:59.000,UNSANITARY CONDITION,PESTS,Open,HPD,Department of Housing Preservation and Development,11212.0,BROOKLYN,BROOKLYN,CLARKSON AVENUE,40.658837850707336,-73.92364805220555,POINT (-73.923648052206 40.658837850707)
70093702,2026-08-17T14:34:59.000,UNSANITARY CONDITION,PESTS,Open,HPD,Department of Housing Preservation and Development,11212.0,BROOKLYN,BROOKLYN,CLARKSON AVENUE,40.658837850707336,-73.92364805220555,POINT (-73.923648052206 40.658837850707)
70099281,2026-08-17T14:34:38.000,UNSANITARY CONDITION,GARBAGE/RECYCLING STORAGE,Open,HPD,Department of Housing Preservation and Development,10460.0,BRONX,BRONX,MAPES AVENUE,40.84821988152864,-73.884159238566,POINT (-73.884159238566 40.848219881529)
70099532,2026-08-17T14:34:35.000,Damaged Tree,Branch Cracked and Will Fall,In Progress,DPR,Department of Parks and Recreation,11215.0,BROOKLYN,BROOKLYN,4 AVENUE,40.67668385324724,-73.98354590751426,POINT (-73.983545907514 40.676683853247)
70091778,2026-08-17T14:34:28.000,Water Maintenance,Fire Hydrant Running,In Progress,DEP,Department of Environmental Protection,11379.0,MIDDLE VILLAGE,QUEENS,75 STREET,40.72570787697602,-73.88612561168912,POINT (-73.886125611689 40.725707876976)
70097876,2026-08-17T14:34:28.000,UNSANITARY CONDITION,PESTS,Open,HPD,Department of Housing Preservation and Development,11435.0,JAMAICA,QUEENS,148 STREET,40.70398276923525,-73.80751921525028,POINT (-73.80751921525 40.703982769235)
70096249,2026-08-17T14:34:24.000,Street Condition,Cave-in,In Progress,DOT,Department of Transportation,10002.0,NEW YORK,MANHATTAN,HENRY STREET,40.712932354567904,-73.99563534639827,POINT (-73.995635346398 40.712932354568)
70097570,2026-08-17T14:32:27.000,Street Condition,Cave-in,In Progress,DOT,Department of Transportation,10459.0,BRONX,BRONX,SOUTHERN BOULEVARD,40.819891545624266,-73.89251472852877,POINT (-73.892514728529 40.819891545624)
70100357,2026-08-17T14:31:52.000,Street Condition,Cave-in,In Progress,DOT,Department of Transportation,10014.0,NEW YORK,MANHATTAN,LEROY STREET,40.73035586263593,-74.00833469921147,POINT (-74.008334699211 40.730355862636)
70101576,2026-08-17T14:31:51.000,Sewer Maintenance,Backup,Closed,DEP,Department of Environmental Protection,10469.0,BRONX,BRONX,TENBROCK AVENUE,40.871552414641904,-73.85270847963884,POINT (-73.852708479639 40.871552414642)
70095960,2026-08-17T14:31:41.000,Water Maintenance,Dirty Water,In Progress,DEP,Department of Environmental Protection,10312.0,STATEN ISLAND,STATEN ISLAND,COLON STREET,40.531472697243935,-74.18720667590252,POINT (-74.187206675903 40.531472697244)
70101316,2026-08-17T14:31:22.000,Illegal Dumping,Removal Request,In Progress,DSNY,Department of Sanitation,11356.0,COLLEGE POINT,QUEENS,121 STREET,40.784751203582026,-73.84677255254181,POINT (-73.846772552542 40.784751203582)
70095044,2026-08-17T14:31:17.000,WATER LEAK,SLOW LEAK,Open,HPD,Department of Housing Preservation and Development,10031.0,NEW YORK,MANHATTAN,WEST  147 STREET,40.82679411875166,-73.94725991696063,POINT (-73.947259916961 40.826794118752)
70101337,2026-08-17T14:30:46.000,Illegal Dumping,Chronic Dumping,In Progress,DSNY,Department of Sanitation,10451.0,BRONX,BRONX,GRAND CONCOURSE,40.81420533657228,-73.92909830576362,POINT (-73.929098305764 40.814205336572)
70094305,2026-08-17T14:30:29.000,Dirty Condition,Trash,In Progress,DSNY,Department of Sanitation,10452.0,BRONX,BRONX,PLIMPTON AVENUE,40.84045289396455,-73.92452383510454,POINT (-73.924523835105 40.840452893965)
70096248,2026-08-17T14:30:12.000,Street Condition,Cave-in,In Progress,DOT,Department of Transportation,10013.0,NEW YORK,MANHATTAN,HESTER STREET,40.717977278089904,-73.99739183188917,POINT (-73.997391831889 40.71797727809)
70101538,2026-08-17T14:30:04.000,Water Maintenance,Leak,In Progress,DEP,Department of Environmental Protection,11224.0,BROOKLYN,BROOKLYN,WEST 36 STREET,40.5739145938261,-74.00158744310525,POINT (-74.001587443105 40.573914593826)
70099908,2026-08-17T14:30:03.000,Dirty Condition,Trash,In Progress,DSNY,Department of Sanitation,10007.0,NEW YORK,MANHATTAN,BROADWAY,40.71261379358207,-74.0076074466616,POINT (-74.007607446662 40.712613793582)
70101802,2026-08-17T14:29:50.000,Street Condition,Cave-in,In Progress,DOT,Department of Transportation,11421.0,WOODHAVEN,QUEENS,86 STREET,40.69357991602274,-73.85847835773126,POINT (-73.858478357731 40.693579916023)
70100126,2026-08-17T14:29:20.000,Water Maintenance,Fire Hydrant Leaking,In Progress,DEP,Department of Environmental Protection,11226.0,,BROOKLYN,NEWKIRK AVENUE,40.63776759376302,-73.95867257171854,POINT (-73.958672571719 40.637767593763)
70099973,2026-08-17T14:29:00.000,Traffic Signal Condition,Veh Signal Lamp,Closed,DOT,Department of Transportation,11411.0,QUEENS,QUEENS,,40.69431729966717,-73.7375191582575,POINT (-73.737519158257 40.694317299667)
70091986,2026-08-17T14:28:59.000,Street Condition,Defective Hardware,In Progress,DOT,Department of Transportation,10461.0,BRONX,BRONX,MAYFLOWER AVENUE,40.85075490636167,-73.83386446894218,POINT (-73.833864468942 40.850754906362)
70093161,2026-08-17T14:28:49.000,Water Maintenance,Fire Hydrant Running,In Progress,DEP,Department of Environmental Protection,10033.0,NEW YORK,MANHATTAN,WEST 174 STREET,40.84556385759401,-73.9389754154197,POINT (-73.93897541542 40.845563857594)
70095043,2026-08-17T14:28:13.000,WATER LEAK,SLOW LEAK,Open,HPD,Department of Housing Preservation and Development,11208.0,BROOKLYN,BROOKLYN,NEW LOTS AVENUE,40.66706350814031,-73.88107825706943,POINT (-73.881078257069 40.66706350814)
70093671,2026-08-17T14:28:13.000,WATER LEAK,DAMP SPOT,Open,HPD,Department of Housing Preservation and Development,11208.0,BROOKLYN,BROOKLYN,NEW LOTS AVENUE,40.66706350814031,-73.88107825706943,POINT (-73.881078257069 40.66706350814)
70093593,2026-08-17T14:28:00.000,Street Light Condition,Street Light Out,Open,DOT,Department of Transportation,11203.0,BROOKLYN,BROOKLYN,EAST   49 STREET,,,
70102093,2026-08-17T14:27:57.000,UNSANITARY CONDITION,MOLD,Open,HPD,Department of Housing Preservation and Development,11367.0,FLUSHING,QUEENS,73 TERRACE,40.72353674007712,-73.82306979568095,POINT (-73.823069795681 40.723536740077)
70099211,2026-08-17T14:27:55.000,WATER LEAK,HEAVY FLOW,Open,HPD,Department of Housing Preservation and Development,10456.0,BRONX,BRONX,FRANKLIN AVENUE,40.83005969548922,-73.90377966194463,POINT (-73.903779661945 40.830059695489)
70101324,2026-08-17T14:27:11.000,Dirty Condition,Trash,In Progress,DSNY,Department of Sanitation,11201.0,BROOKLYN,BROOKLYN,PEARL STREET,40.699452257479486,-73.9878319308472,POINT (-73.987831930847 40.699452257479)
70095975,2026-08-17T14:27:01.000,Water Maintenance,Fire Hydrant Leaning/Missing,In Progress,DEP,Department of Environmental Protection,10304.0,STATEN ISLAND,STATEN ISLAND,TROSSACH ROAD,40.627903997027744,-74.08437187787803,POINT (-74.084371877878 40.627903997028)
70097360,2026-08-17T14:26:44.000,Sewer Maintenance,Catch Basin Sunken,In Progress,DEP,Department of Environmental Protection,11354.0,FLUSHING,QUEENS,MAIN STREET,40.75844891241976,-73.82960071950586,POINT (-73.829600719506 40.75844891242)
70098485,2026-08-17T14:26:44.000,Dirty Condition,Trash,In Progress,DSNY,Department of Sanitation,11223.0,BROOKLYN,BROOKLYN,STILLWELL AVENUE,40.58919652715782,-73.98384109961704,POINT (-73.983841099617 40.589196527158)
70100082,2026-08-17T14:26:25.000,Dirty Condition,Trash,In Progress,DSNY,Department of Sanitation,10026.0,NEW YORK,MANHATTAN,ST NICHOLAS AVENUE,40.7994040427045,-73.95242126316704,POINT (-73.952421263167 40.799404042705)
70102039,2026-08-17T14:25:32.000,UNSANITARY CONDITION,PESTS,Open,HPD,Department of Housing Preservation and Development,11231.0,BROOKLYN,BROOKLYN,BAY STREET,40.67245520305293,-74.00543628355618,POINT (-74.005436283556 40.672455203053)
70095042,2026-08-17T14:25:30.000,WATER LEAK,SLOW LEAK,Open,HPD,Department of Housing Preservation and Development,11225.0,BROOKLYN,BROOKLYN,PRESIDENT STREET,40.66816642202017,-73.95250766978037,POINT (-73.95250766978 40.66816642202)
70095111,2026-08-17T14:25:24.000,UNSANITARY CONDITION,MOLD,Open,HPD,Department of Housing Preservation and Development,10044.0,NEW YORK,MANHATTAN,MAIN STREET,40.7618384501245,-73.94973352751494,POINT (-73.949733527515 40.761838450125)
70095783,2026-08-17T14:25:06.000,Street Condition,Pothole,Closed,DOT,Department of Transportation,11228.0,BROOKLYN,BROOKLYN,13 AVENUE,,,
70101379,2026-08-17T14:23:53.000,Street Condition,Pothole,Closed,DOT,Department of Transportation,10309.0,STATEN ISLAND,STATEN ISLAND,HARRIS LANE,,,
70098114,2026-08-17T14:23:46.000,Dirty Condition,Trash,In Progress,DSNY,Department of Sanitation,10463.0,BRONX,BRONX,KINGSBRIDGE AVENUE,40.8850120035361,-73.90127346237513,POINT (-73.901273462375 40.885012003536)
70091762,2026-08-17T14:23:23.000,Water Maintenance,Fire Hydrant Defective,Closed,DEP,Department of Environmental Protection,11365.0,FRESH MEADOWS,QUEENS,PARSONS BOULEVARD,40.73009934988612,-73.81090754397326,POINT (-73.810907543973 40.730099349886)
70093012,2026-08-17T14:23:00.000,Traffic Signal Condition,Veh Signal Lamp,Open,DOT,Department of Transportation,11219.0,BROOKLYN,BROOKLYN,,40.6292468422339,-74.00529946671485,POINT (-74.005299466715 40.629246842234)
70091625,2026-08-17T14:23:00.000,Traffic Signal Condition,Veh Signal Lamp,Open,DOT,Department of Transportation,11222.0,BROOKLYN,BROOKLYN,,40.72377195655605,-73.95079044511509,POINT (-73.950790445115 40.723771956556)
70096438,2026-08-17T14:23:00.000,Street Light Condition,Street Light Out,Open,DOT,Department of Transportation,11692.0,QUEENS,QUEENS,,40.59792601642768,-73.79281979877943,POINT (-73.792819798779 40.597926016428)
70098474,2026-08-17T14:22:53.000,Illegal Dumping,Removal Request,In Progress,DSNY,Department of Sanitation,11208.0,,BROOKLYN,NEW LOTS AVENUE,,,
70097854,2026-08-17T14:22:24.000,UNSANITARY CONDITION,PESTS,Open,HPD,Department of Housing Preservation and Development,11220.0,BROOKLYN,BROOKLYN,52 STREET,40.64453201716744,-74.01237065736271,POINT (-74.012370657363 40.644532017167)
70099259,2026-08-17T14:22:24.000,UNSANITARY CONDITION,MOLD,Open,HPD,Department of Housing Preservation and Development,11220.0,BROOKLYN,BROOKLYN,52 STREET,40.64453201716744,-74.01237065736271,POINT (-74.012370657363 40.644532017167)
70095785,2026-08-17T14:22:15.000,Street Condition,Pothole,Open,DOT,Department of Transportation,10013.0,MANHATTAN,MANHATTAN,LEONARD STREET,,,
70096432,2026-08-17T14:22:00.000,Street Light Condition,Lamppost Damaged,Open,DOT,Department of Transportation,10037.0,MANHATTAN,MANHATTAN,MADISON AVENUE,,,
70091624,2026-08-17T14:22:00.000,Traffic Signal Condition,Veh Signal Lamp,Open,DOT,Department of Transportation,11221.0,BROOKLYN,BROOKLYN,,40.689428226924,-73.9422229771636,POINT (-73.942222977164 40.689428226924)
70094997,2026-08-17T14:22:00.000,Street Light Condition,Street Light Out,Open,DOT,Department of Transportation,10303.0,STATEN ISLAND,STATEN ISLAND,VAN NAME AVENUE,40.63576559206459,-74.15300785282072,POINT (-74.153007852821 40.635765592065)
70094418,2026-08-17T14:21:56.000,Street Condition,Pothole,Closed,DOT,Department of Transportation,10309.0,STATEN ISLAND,STATEN ISLAND,HARRIS LANE,,,
70093160,2026-08-17T14:21:48.000,Water Maintenance,Fire Hydrant Running,In Progress,DEP,Department of Environmental Protection,11216.0,BROOKLYN,BROOKLYN,QUINCY STREET,40.68711773625114,-73.9493355298954,POINT (-73.949335529895 40.687117736251)
70095958,2026-08-17T14:21:48.000,Water Maintenance,Fire Hydrant Defective,In Progress,DEP,Department of Environmental Protection,11362.0,LITTLE NECK,QUEENS,OAK PARK DRIVE,40.746353681996574,-73.73199811507332,POINT (-73.731998115073 40.746353681997)
70100967,2026-08-17T14:19:24.000,Damaged Tree,Entire Tree Has Fallen Down,In Progress,DPR,Department of Parks and Recreation,11355.0,FLUSHING,QUEENS,QUINCE AVENUE,40.746883827331246,-73.8144544659197,POINT (-73.81445446592 40.746883827331)
70099883,2026-08-17T14:19:17.000,Illegal Dumping,Removal Request,In Progress,DSNY,Department of Sanitation,11379.0,,QUEENS,64 STREET,40.712557079628674,-73.89710294525496,POINT (-73.897102945255 40.712557079629)
70098564,2026-08-17T14:19:00.000,Traffic Signal Condition,Veh Signal Lens,Open,DOT,Department of Transportation,10033.0,MANHATTAN,MANHATTAN,,40.846105741337,-73.93607980465059,POINT (-73.936079804651 40.846105741337)
70097578,2026-08-17T14:18:43.000,Street Condition,Blocked - Construction,In Progress,DOT,Department of Transportation,11206.0,BROOKLYN,BROOKLYN,TOMPKINS AVENUE,40.69304485327872,-73.94585116225223,POINT (-73.945851162252 40.693044853279)
70101558,2026-08-17T14:18:33.000,Water Maintenance,Fire Hydrant Running,In Progress,DEP,Department of Environmental Protection,10014.0,NEW YORK,MANHATTAN,WEST 14 STREET,40.7412554167257,-74.00611672133329,POINT (-74.006116721333 40.741255416726)
70097121,2026-08-17T14:18:33.000,Illegal Dumping,Removal Request,In Progress,DSNY,Department of Sanitation,10462.0,BRONX,BRONX,LYDIG AVENUE,40.85445418317501,-73.86495363024099,POINT (-73.864953630241 40.854454183175)
70098137,2026-08-17T14:18:16.000,Damaged Tree,Tree Leaning/Uprooted,In Progress,DPR,Department of Parks and Recreation,11231.0,BROOKLYN,BROOKLYN,COURT STREET,40.682114122232086,-73.99600512293004,POINT (-73.99600512293 40.682114122232)
70097894,2026-08-17T14:17:07.000,UNSANITARY CONDITION,MOLD,Open,HPD,Department of Housing Preservation and Development,11225.0,BROOKLYN,BROOKLYN,KINGSTON AVENUE,40.6635040891728,-73.94274645441016,POINT (-73.94274645441 40.663504089173)
70092256,2026-08-17T14:17:07.000,UNSANITARY CONDITION,PESTS,Open,HPD,Department of Housing Preservation and Development,11225.0,BROOKLYN,BROOKLYN,KINGSTON AVENUE,40.6635040891728,-73.94274645441016,POINT (-73.94274645441 40.663504089173)
70092227,2026-08-17T14:17:07.000,WATER LEAK,SLOW LEAK,Open,HPD,Department of Housing Preservation and Development,11225.0,BROOKLYN,BROOKLYN,KINGSTON AVENUE,40.6635040891728,-73.94274645441016,POINT (-73.94274645441 40.663504089173)
70099978,2026-08-17T14:17:00.000,Traffic Signal Condition,Veh Sgnl Mult Lamps,Closed,DOT,Department of Transportation,11201.0,BROOKLYN,BROOKLYN,,40.692051682125,-73.98253964091832,POINT (-73.982539640918 40.692051682125)
70093165,2026-08-17T14:16:31.000,Water Maintenance,Fire Hydrant Running,In Progress,DEP,Department of Environmental Protection,11101.0,LONG ISLAND CITY,QUEENS,37 AVENUE,40.75997633571915,-73.94142901282316,POINT (-73.941429012823 40.759976335719)
70092916,2026-08-17T14:16:15.000,Dirty Condition,Trash,In Progress,DSNY,Department of Sanitation,11209.0,BROOKLYN,BROOKLYN,OVINGTON AVENUE,40.63085955441662,-74.01759206081081,POINT (-74.017592060811 40.630859554417)
70094591,2026-08-17T14:16:13.000,Sewer Maintenance,Flooding on Street,Closed,DEP,Department of Environmental Protection,11413.0,SPRINGFIELD GARDENS,QUEENS,225 STREET,40.6578550016216,-73.7572658067547,POINT (-73.757265806755 40.657855001622)
70096588,2026-08-17T14:15:11.000,UNSANITARY CONDITION,GARBAGE/RECYCLING STORAGE,Open,HPD,Department of Housing Preservation and Development,10031.0,NEW YORK,MANHATTAN,ST NICHOLAS PLACE,40.82853696054143,-73.94146261055029,POINT (-73.94146261055 40.828536960541)
70094433,2026-08-17T14:15:00.000,Traffic Signal Condition,Vehicle Signal,Closed,DOT,Department of Transportation,11233.0,BROOKLYN,BROOKLYN,,40.671899351230536,-73.92229927418927,POINT (-73.922299274189 40.671899351231)
70093675,2026-08-17T14:14:47.000,UNSANITARY CONDITION,PESTS,Open,HPD,Department of Housing Preservation and Development,10025.0,NEW YORK,MANHATTAN,CATHEDRAL PARKWAY,40.80333616261588,-73.96470665072458,POINT (-73.964706650725 40.803336162616)
70098478,2026-08-17T14:13:59.000,Illegal Dumping,Removal Request,In Progress,DSNY,Department of Sanitation,10036.0,NEW YORK,MANHATTAN,WEST 45 STREET,40.75955706339485,-73.98935145370989,POINT (-73.98935145371 40.759557063395)
70092563,2026-08-17T14:13:46.000,Damaged Tree,Branch Cracked and Will Fall,In Progress,DPR,Department of Parks and Recreation,11229.0,BROOKLYN,BROOKLYN,EAST 29 STREET,40.60670137281103,-73.94410608170395,POINT (-73.944106081704 40.606701372811)
70097137,2026-08-17T14:13:45.000,Dirty Condition,Trash,In Progress,DSNY,Department of Sanitation,10001.0,NEW YORK,MANHATTAN,6 AVENUE,40.74679679152155,-73.98995619385093,POINT (-73.989956193851 40.746796791522)
70097359,2026-08-17T14:13:21.000,Sewer Maintenance,Catch Basin Clogged,Closed,DEP,Department of Environmental Protection,11413.0,SPRINGFIELD GARDENS,QUEENS,225 STREET,40.6578550016216,-73.7572658067547,POINT (-73.757265806755 40.657855001622)
70101315,2026-08-17T14:13:14.000,Illegal Dumping,Removal Request,In Progress,DSNY,Department of Sanitation,10302.0,STATEN ISLAND,STATEN ISLAND,VELTMAN AVENUE,40.62476956724435,-74.13349010274943,POINT (-74.133490102749 40.624769567244)
70098462,2026-08-17T14:13:09.000,Illegal Dumping,Removal Request,In Progress,DSNY,Department of Sanitation,10465.0,BRONX,BRONX,RANDALL AVENUE,40.82955321771877,-73.81484545320286,POINT (-73.814845453203 40.829553217719)
70093977,2026-08-17T14:12:36.000,Damaged Tree,Tree Trunk Split,In Progress,DPR,Department of Parks and Recreation,10031.0,,MANHATTAN,WEST 153 STREET,40.83027009739812,-73.94392188861518,POINT (-73.943921888615 40.830270097398)
70097772,2026-08-17T14:12:00.000,Street Light Condition,Street Light Out,Open,DOT,Department of Transportation,10314.0,STATEN ISLAND,STATEN ISLAND,,40.59070847642687,-74.16578740066916,POINT (-74.165787400669 40.590708476427)
70097893,2026-08-17T14:11:48.000,UNSANITARY CONDITION,MOLD,Open,HPD,Department of Housing Preservation and Development,10453.0,BRONX,BRONX,DAVIDSON AVENUE,40.85676482542745,-73.90603290840414,POINT (-73.906032908404 40.856764825427)
70097823,2026-08-17T14:11:48.000,WATER LEAK,SLOW LEAK,Open,HPD,Department of Housing Preservation and Development,10453.0,BRONX,BRONX,DAVIDSON AVENUE,40.85676482542745,-73.90603290840414,POINT (-73.906032908404 40.856764825427)
70099207,2026-08-17T14:11:34.000,WATER LEAK,HEAVY FLOW,Open,HPD,Department of Housing Preservation and Development,11432.0,JAMAICA,QUEENS,HENLEY ROAD,40.71406830587671,-73.79092572379713,POINT (-73.790925723797 40.714068305877)
70092272,2026-08-17T14:11:34.000,UNSANITARY CONDITION,PESTS,Open,HPD,Department of Housing Preservation and Development,11432.0,JAMAICA,QUEENS,HENLEY ROAD,40.71406830587671,-73.79092572379713,POINT (-73.790925723797 40.714068305877)
70096501,2026-08-17T14:11:34.000,WATER LEAK,SLOW LEAK,Open,HPD,Department of Housing Preservation and Development,11432.0,JAMAICA,QUEENS,HENLEY ROAD,40.71406830587671,-73.79092572379713,POINT (-73.790925723797 40.714068305877)
70096530,2026-08-17T14:11:34.000,UNSANITARY CONDITION,PESTS,Open,HPD,Department of Housing Preservation and Development,11432.0,JAMAICA,QUEENS,HENLEY ROAD,40.71406830587671,-73.79092572379713,POINT (-73.790925723797 40.714068305877)
70094585,2026-08-17T14:11:31.000,Water Maintenance,Fire Hydrant Leaking,In Progress,DEP,Department of Environmental Protection,11372.0,JACKSON HEIGHTS,QUEENS,ROOSEVELT AVENUE,40.748348430547,-73.87720498349825,POINT (-73.877204983498 40.748348430547)
70098689,2026-08-17T14:10:59.000,Water Maintenance,Dirty Water,In Progress,DEP,Department of Environmental Protection,10031.0,NEW YORK,MANHATTAN,BROADWAY,40.82323098230642,-73.95243313188247,POINT (-73.952433131882 40.823230982306)
70093436,2026-08-17T14:10:59.000,Street Condition,Blocked - Construction,In Progress,DOT,Department of Transportation,11357.0,,QUEENS,MURRAY STREET,40.777446245120935,-73.81253509412835,POINT (-73.812535094128 40.777446245121)
70094356,2026-08-17T14:09:07.000,Dirty Condition,Trash,In Progress,DSNY,Department of Sanitation,10003.0,NEW YORK,MANHATTAN,3 AVENUE,40.73363265846228,-73.98692001277828,POINT (-73.986920012778 40.733632658462)
70095076,2026-08-17T14:08:56.000,UNSANITARY CONDITION,PESTS,Open,HPD,Department of Housing Preservation and Development,11221.0,BROOKLYN,BROOKLYN,LEXINGTON AVENUE,40.68854768858953,-73.94329467265212,POINT (-73.943294672652 40.68854768859)
70093646,2026-08-17T14:08:53.000,WATER LEAK,SLOW LEAK,Open,HPD,Department of Housing Preservation and Development,10460.0,BRONX,BRONX,HOE AVENUE,40.833126139190966,-73.88915792968363,POINT (-73.889157929684 40.833126139191)
70092254,2026-08-17T14:08:50.000,UNSANITARY CONDITION,PESTS,Open,HPD,Department of Housing Preservation and Development,10453.0,BRONX,BRONX,WALTON AVENUE,40.84737588254471,-73.91035097461715,POINT (-73.910350974617 40.847375882545)
70100650,2026-08-17T14:08:50.000,UNSANITARY CONDITION,PESTS,Open,HPD,Department of Housing Preservation and Development,10453.0,BRONX,BRONX,WALTON AVENUE,40.84737588254471,-73.91035097461715,POINT (-73.910350974617 40.847375882545)
70100675,2026-08-17T14:08:50.000,UNSANITARY CONDITION,MOLD,Open,HPD,Department of Housing Preservation and Development,10453.0,BRONX,BRONX,WALTON AVENUE,40.84737588254471,-73.91035097461715,POINT (-73.910350974617 40.847375882545)
70097195,2026-08-17T14:08:49.000,Street Condition,Pothole,Closed,DOT,Department of Transportation,11422.0,QUEENS,QUEENS,147 DRIVE,,,
70099195,2026-08-17T14:08:26.000,WATER LEAK,SLOW LEAK,Open,HPD,Department of Housing Preservation and Development,10027.0,NEW YORK,MANHATTAN,BROADWAY,40.81384679464595,-73.95965063190523,POINT (-73.959650631905 40.813846794646)
70095784,2026-08-17T14:08:22.000,Street Condition,Pothole,Open,DOT,Department of Transportation,10023.0,MANHATTAN,MANHATTAN,WEST   67 STREET,,,
70095814,2026-08-17T14:08:00.000,Traffic Signal Condition,Controller,Closed,DOT,Department of Transportation,11203.0,BROOKLYN,BROOKLYN,,40.639319432554174,-73.93679314362308,POINT (-73.936793143623 40.639319432554)
70092166,2026-08-17T14:08:00.000,Street Light Condition,Street Light Out,Open,DOT,Department of Transportation,10018.0,MANHATTAN,MANHATTAN,,40.75773225761817,-73.99685244814869,POINT (-73.996852448149 40.757732257618)
70102084,2026-08-17T14:06:37.000,UNSANITARY CONDITION,PESTS,Open,HPD,Department of Housing Preservation and Development,11210.0,BROOKLYN,BROOKLYN,NOSTRAND AVENUE,40.62602322459271,-73.9467413075762,POINT (-73.946741307576 40.626023224593)
70098484,2026-08-17T14:06:29.000,Dirty Condition,Trash,In Progress,DSNY,Department of Sanitation,10003.0,NEW YORK,MANHATTAN,EAST 14 STREET,40.73283384080331,-73.98611553449003,POINT (-73.98611553449 40.732833840803)
70095340,2026-08-17T14:06:16.000,Damaged Tree,Branch Cracked and Will Fall,In Progress,DPR,Department of Parks and Recreation,10027.0,NEW YORK,MANHATTAN,WEST 128 STREET,40.81218792226366,-73.94994476498698,POINT (-73.949944764987 40.812187922264)
70098944,2026-08-17T14:05:41.000,Street Condition,Defective Hardware,In Progress,DOT,Department of Transportation,10024.0,,MANHATTAN,COLUMBUS AVENUE,40.78580499436131,-73.97267119686593,POINT (-73.972671196866 40.785804994361)
70092293,2026-08-17T14:05:37.000,UNSANITARY CONDITION,MOLD,Open,HPD,Department of Housing Preservation and Development,11221.0,BROOKLYN,BROOKLYN,LEXINGTON AVENUE,40.68854768858953,-73.94329467265212,POINT (-73.943294672652 40.68854768859)
70092245,2026-08-17T14:05:37.000,WATER LEAK,DAMP SPOT,Open,HPD,Department of Housing Preservation and Development,11221.0,BROOKLYN,BROOKLYN,LEXINGTON AVENUE,40.68854768858953,-73.94329467265212,POINT (-73.943294672652 40.68854768859)
70098466,2026-08-17T14:05:25.000,Illegal Dumping,Removal Request,In Progress,DSNY,Department of Sanitation,10461.0,BRONX,BRONX,POPLAR STREET,40.84282495166919,-73.85377683375873,POINT (-73.853776833759 40.842824951669)
70091785,2026-08-17T14:04:40.000,Sewer Maintenance,Manhole Cover Missing,In Progress,DEP,Department of Environmental Protection,10024.0,,MANHATTAN,COLUMBUS AVENUE,40.78580499436131,-73.97267119686593,POINT (-73.972671196866 40.785804994361)
70095951,2026-08-17T14:04:35.000,Water Maintenance,Leak,In Progress,DEP,Department of Environmental Protection,11219.0,,BROOKLYN,14 AVENUE,40.62977655180999,-73.99399437040576,POINT (-73.993994370406 40.62977655181)
70099554,2026-08-17T14:04:23.000,Damaged Tree,Branch or Limb Has Fallen Down,In Progress,DPR,Department of Parks and Recreation,11355.0,FLUSHING,QUEENS,58 AVENUE,40.74380716522077,-73.81977162513522,POINT (-73.819771625135 40.743807165221)
70092966,2026-08-17T14:04:09.000,Street Condition,Pothole,Open,DOT,Department of Transportation,11226.0,BROOKLYN,BROOKLYN,EAST   22 STREET,,,
70101804,2026-08-17T14:03:58.000,Street Condition,Cave-in,In Progress,DOT,Department of Transportation,11423.0,,QUEENS,193 STREET,40.73019349662973,-73.77757568527421,POINT (-73.777575685274 40.73019349663)
70099915,2026-08-17T14:03:32.000,Dirty Condition,Trash,In Progress,DSNY,Department of Sanitation,10013.0,NEW YORK,MANHATTAN,BROADWAY,40.71876228369317,-74.002409788131,POINT (-74.002409788131 40.718762283693)
70097204,2026-08-17T14:03:00.000,Traffic Signal Condition,Controller,Closed,DOT,Department of Transportation,11220.0,BROOKLYN,BROOKLYN,,40.63905921983515,-74.03668015344574,POINT (-74.036680153446 40.639059219835)
70099895,2026-08-17T14:02:59.000,Illegal Dumping,Removal Request,In Progress,DSNY,Department of Sanitation,11212.0,,BROOKLYN,REMSEN AVENUE,40.65605186360107,-73.92359717960758,POINT (-73.923597179608 40.656051863601)
70091786,2026-08-17T14:02:29.000,Sewer Maintenance,Catch Basin Clogged,In Progress,DEP,Department of Environmental Protection,11355.0,FLUSHING,QUEENS,MAIN STREET,40.75522449712204,-73.82820128281985,POINT (-73.82820128282 40.755224497122)
70096244,2026-08-17T14:02:26.000,Street Condition,Dumpster - Construction Waste,In Progress,DOT,Department of Transportation,11204.0,BROOKLYN,BROOKLYN,BAY RIDGE PARKWAY,40.61014557280956,-73.99059622807027,POINT (-73.99059622807 40.61014557281)
70097833,2026-08-17T14:02:25.000,WATER LEAK,HEAVY FLOW,Open,HPD,Department of Housing Preservation and Development,10035.0,NEW YORK,MANHATTAN,2 AVENUE,40.79903670095796,-73.93629836912237,POINT (-73.936298369122 40.799036700958)
70097140,2026-08-17T14:02:05.000,Dirty Condition,Trash,In Progress,DSNY,Department of Sanitation,11372.0,JACKSON HEIGHTS,QUEENS,ROOSEVELT AVENUE,40.74803863153634,-73.88015054426788,POINT (-73.880150544268 40.748038631536)
70100364,2026-08-17T14:02:03.000,Street Condition,Plate Condition - Noisy,In Progress,DOT,Department of Transportation,11374.0,,QUEENS,WOODHAVEN BOULEVARD,40.71942662137827,-73.8646861079004,POINT (-73.8646861079 40.719426621378)
70099227,2026-08-17T14:01:52.000,UNSANITARY CONDITION,PESTS,Open,HPD,Department of Housing Preservation and Development,11226.0,BROOKLYN,BROOKLYN,EAST   19 STREET,40.64598645251581,-73.96146742601698,POINT (-73.961467426017 40.645986452516)
70091753,2026-08-17T14:01:51.000,Water Maintenance,Leak,In Progress,DEP,Department of Environmental Protection,10301.0,STATEN ISLAND,STATEN ISLAND,WINTER AVENUE,40.63914241999591,-74.08264215605163,POINT (-74.082642156052 40.639142419996)
70093967,2026-08-17T14:01:40.000,Damaged Tree,Entire Tree Has Fallen Down,In Progress,DPR,Department of Parks and Recreation,11230.0,BROOKLYN,BROOKLYN,AVENUE O,40.61145475014018,-73.97279659773946,POINT (-73.972796597739 40.61145475014)
70099535,2026-08-17T14:01:25.000,Damaged Tree,Branch or Limb Has Fallen Down,In Progress,DPR,Department of Parks and Recreation,10022.0,NEW YORK,MANHATTAN,BEEKMAN PLACE,40.7536179681653,-73.96457057162849,POINT (-73.964570571628 40.753617968165)
70094349,2026-08-17T14:01:05.000,Dirty Condition,Trash,In Progress,DSNY,Department of Sanitation,11216.0,,BROOKLYN,LAFAYETTE AVENUE,40.69024077371804,-73.94818647280042,POINT (-73.9481864728 40.690240773718)
70092190,2026-08-17T14:00:58.000,Street Condition,"Rough, Pitted or Cracked Roads",In Progress,DOT,Department of Transportation,11422.0,ROSEDALE,QUEENS,147 DRIVE,40.65619853820857,-73.74645953822333,POINT (-73.746459538223 40.656198538209)
70098172,2026-08-17T14:00:42.000,Damaged Tree,Tree Alive - in Poor Condition,In Progress,DPR,Department of Parks and Recreation,11365.0,FRESH MEADOWS,QUEENS,170 STREET,40.74841804392012,-73.79807578792509,POINT (-73.798075787925 40.74841804392)
70095721,2026-08-17T14:00:41.000,Illegal Dumping,Removal Request,In Progress,DSNY,Department of Sanitation,11215.0,BROOKLYN,BROOKLYN,9 STREET,40.67129116998339,-73.99069214908111,POINT (-73.990692149081 40.671291169983)
70101308,2026-08-17T14:00:21.000,Illegal Dumping,Removal Request,In Progress,DSNY,Department of Sanitation,11221.0,,BROOKLYN,BROADWAY,40.6927604557095,-73.9277814197015,POINT (-73.927781419701 40.69276045571)
70096246,2026-08-17T14:00:06.000,Street Condition,Defective Hardware,In Progress,DOT,Department of Transportation,10024.0,,MANHATTAN,WEST 85 STREET,40.78580499436131,-73.97267119686593,POINT (-73.972671196866 40.785804994361)
70092313,2026-08-17T14:00:01.000,UNSANITARY CONDITION,GARBAGE/RECYCLING STORAGE,Open,HPD,Department of Housing Preservation and Development,11694.0,FAR ROCKAWAY,QUEENS,SHORE FRONT PARKWAY,40.58097946225889,-73.82583067556563,POINT (-73.825830675566 40.580979462259)
70094593,2026-08-17T13:59:57.000,Sewer Maintenance,Manhole Cover Missing,Closed,DEP,Department of Environmental Protection,10456.0,,BRONX,EAST 160 STREET,40.82094423644022,-73.9068133175247,POINT (-73.906813317525 40.82094423644)
70102033,2026-08-17T13:59:42.000,UNSANITARY CONDITION,PESTS,Open,HPD,Department of Housing Preservation and Development,10457.0,BRONX,BRONX,RYER AVENUE,40.85469856568777,-73.90009664163529,POINT (-73.900096641635 40.854698565688)
70099251,2026-08-17T13:59:42.000,UNSANITARY CONDITION,PESTS,Open,HPD,Department of Housing Preservation and Development,10457.0,BRONX,BRONX,RYER AVENUE,40.85469856568777,-73.90009664163529,POINT (-73.900096641635 40.854698565688)
70096550,2026-08-17T13:59:42.000,UNSANITARY CONDITION,PESTS,Open,HPD,Department of Housing Preservation and Development,10457.0,BRONX,BRONX,RYER AVENUE,40.85469856568777,-73.90009664163529,POINT (-73.900096641635 40.854698565688)
70100673,2026-08-17T13:59:42.000,UNSANITARY CONDITION,MOLD,Open,HPD,Department of Housing Preservation and Development,10457.0,BRONX,BRONX,RYER AVENUE,40.85469856568777,-73.90009664163529,POINT (-73.900096641635 40.854698565688)
70097575,2026-08-17T13:57:39.000,Street Condition,Cave-in,In Progress,DOT,Department of Transportation,11232.0,,BROOKLYN,27 STREET,40.66056220378517,-74.0011894255518,POINT (-74.001189425552 40.660562203785)
70098497,2026-08-17T13:57:36.000,Dirty Condition,Trash,In Progress,DSNY,Department of Sanitation,10305.0,STATEN ISLAND,STATEN ISLAND,HYLAN BOULEVARD,40.58454221615551,-74.0942933031123,POINT (-74.094293303112 40.584542216156)
70099944,2026-08-17T13:57:11.000,Street Condition,Pothole,Open,DOT,Department of Transportation,11232.0,BROOKLYN,BROOKLYN,43 STREET,,,
70091759,2026-08-17T13:56:53.000,Water Maintenance,Fire Hydrant Defective,In Progress,DEP,Department of Environmental Protection,10308.0,STATEN ISLAND,STATEN ISLAND,ARTHUR KILL ROAD,40.56322141202492,-74.15639758538101,POINT (-74.156397585381 40.563221412025)
70097756,2026-08-17T13:56:23.000,Sidewalk Condition,Sidewalk Violation,In Progress,DOT,Department of Transportation,11368.0,CORONA,QUEENS,108 STREET,40.754466550158334,-73.86039914423796,POINT (-73.860399144238 40.754466550158)
70095131,2026-08-17T13:55:56.000,UNSANITARY CONDITION,GARBAGE/RECYCLING STORAGE,Open,HPD,Department of Housing Preservation and Development,11356.0,COLLEGE POINT,QUEENS,110 STREET,40.78437985139936,-73.85681206386693,POINT (-73.856812063867 40.784379851399)
70102064,2026-08-17T13:55:55.000,UNSANITARY CONDITION,PESTS,Open,HPD,Department of Housing Preservation and Development,11233.0,BROOKLYN,BROOKLYN,PACIFIC STREET,40.675352248794255,-73.90742052265036,POINT (-73.90742052265 40.675352248794)
70097822,2026-08-17T13:55:55.000,WATER LEAK,SLOW LEAK,Open,HPD,Department of Housing Preservation and Development,11233.0,BROOKLYN,BROOKLYN,PACIFIC STREET,40.675352248794255,-73.90742052265036,POINT (-73.90742052265 40.675352248794)
70099277,2026-08-17T13:55:55.000,UNSANITARY CONDITION,GARBAGE/RECYCLING STORAGE,Open,HPD,Department of Housing Preservation and Development,10458.0,BRONX,BRONX,EAST  187 STREET,40.854671533097545,-73.88575660653835,POINT (-73.885756606538 40.854671533098)
70095130,2026-08-17T13:55:55.000,UNSANITARY CONDITION,GARBAGE/RECYCLING STORAGE,Open,HPD,Department of Housing Preservation and Development,11233.0,BROOKLYN,BROOKLYN,PACIFIC STREET,40.675352248794255,-73.90742052265036,POINT (-73.90742052265 40.675352248794)
70102015,2026-08-17T13:55:52.000,WATER LEAK,HEAVY FLOW,Open,HPD,Department of Housing Preservation and Development,10462.0,BRONX,BRONX,BARNES AVENUE,40.85601732268384,-73.86381175775772,POINT (-73.863811757758 40.856017322684)
70097870,2026-08-17T13:55:50.000,UNSANITARY CONDITION,PESTS,Open,HPD,Department of Housing Preservation and Development,11233.0,BROOKLYN,BROOKLYN,PACIFIC STREET,40.675352248794255,-73.90742052265036,POINT (-73.90742052265 40.675352248794)
70096529,2026-08-17T13:55:50.000,UNSANITARY CONDITION,PESTS,Open,HPD,Department of Housing Preservation and Development,11233.0,BROOKLYN,BROOKLYN,PACIFIC STREET,40.675352248794255,-73.90742052265036,POINT (-73.90742052265 40.675352248794)
70097141,2026-08-17T13:55:50.000,Dirty Condition,Trash,In Progress,DSNY,Department of Sanitation,11372.0,JACKSON HEIGHTS,QUEENS,ROOSEVELT AVENUE,40.74803863153634,-73.88015054426788,POINT (-73.880150544268 40.748038631536)
70097372,2026-08-17T13:55:42.000,Sewer Maintenance,Catch Basin Clogged,In Progress,DEP,Department of Environmental Protection,11236.0,BROOKLYN,BROOKLYN,EAST 93 STREET,40.64358019985258,-73.90593676250539,POINT (-73.905936762505 40.643580199853)
70098100,2026-08-17T13:55:22.000,Sidewalk Condition,Pedestrian Ramp Defective,In Progress,DOT,Department of Transportation,11237.0,BROOKLYN,BROOKLYN,WYCKOFF AVENUE,40.70346665465181,-73.91789123190965,POINT (-73.91789123191 40.703466654652)
70098690,2026-08-17T13:54:59.000,Water Maintenance,Dirty Water,In Progress,DEP,Department of Environmental Protection,11428.0,QUEENS VILLAGE,QUEENS,220 STREET,40.72455170599583,-73.737829404315,POINT (-73.737829404315 40.724551705996)
70098501,2026-08-17T13:54:25.000,Dirty Condition,Trash,In Progress,DSNY,Department of Sanitation,11221.0,BROOKLYN,BROOKLYN,BROADWAY,40.69295279266525,-73.92810575785663,POINT (-73.928105757857 40.692952792665)
70102032,2026-08-17T13:53:41.000,UNSANITARY CONDITION,PESTS,Open,HPD,Department of Housing Preservation and Development,11213.0,BROOKLYN,BROOKLYN,EASTERN PARKWAY,40.66899216781332,-73.93481123570182,POINT (-73.934811235702 40.668992167813)
70095082,2026-08-17T13:53:41.000,UNSANITARY CONDITION,PESTS,Open,HPD,Department of Housing Preservation and Development,11213.0,BROOKLYN,BROOKLYN,EASTERN PARKWAY,40.66899216781332,-73.93481123570182,POINT (-73.934811235702 40.668992167813)
70097832,2026-08-17T13:53:23.000,WATER LEAK,HEAVY FLOW,Open,HPD,Department of Housing Preservation and Development,10457.0,BRONX,BRONX,EAST  182 STREET,40.84979950662325,-73.88558063093323,POINT (-73.885580630933 40.849799506623)
70101394,2026-08-17T13:53:00.000,Traffic Signal Condition,Controller,Closed,DOT,Department of Transportation,,,BROOKLYN,,,,
70094988,2026-08-17T13:53:00.000,Street Light Condition,Multiple Street Lights Out,Open,DOT,Department of Transportation,10032.0,MANHATTAN,MANHATTAN,J HOOD WRIGHT PARK,40.84536978963485,-73.9405189140908,POINT (-73.940518914091 40.845369789635)
70092004,2026-08-17T13:52:55.000,Street Condition,Cave-in,In Progress,DOT,Department of Transportation,10312.0,STATEN ISLAND,STATEN ISLAND,DOGWOOD DRIVE,40.5519826192073,-74.1982718644593,POINT (-74.198271864459 40.551982619207)
70095129,2026-08-17T13:52:53.000,UNSANITARY CONDITION,GARBAGE/RECYCLING STORAGE,Open,HPD,Department of Housing Preservation and Development,11412.0,SAINT ALBANS,QUEENS,203 STREET,40.70753405131528,-73.75525261524402,POINT (-73.755252615244 40.707534051315)
70092002,2026-08-17T13:52:51.000,Street Condition,Defective Hardware,In Progress,DOT,Department of Transportation,10312.0,STATEN ISLAND,STATEN ISLAND,DOGWOOD DRIVE,40.5519826192073,-74.1982718644593,POINT (-74.198271864459 40.551982619207)
70097212,2026-08-17T13:52:00.000,Traffic Signal Condition,Controller,Closed,DOT,Department of Transportation,11214.0,BROOKLYN,BROOKLYN,,40.59726736508086,-73.99865686311435,POINT (-73.998656863114 40.597267365081)
70101546,2026-08-17T13:51:58.000,Water Maintenance,Fire Hydrant Defective,In Progress,DEP,Department of Environmental Protection,10456.0,BRONX,BRONX,EAST 166 STREET,40.82938291897504,-73.9121205219494,POINT (-73.912120521949 40.829382918975)
70094416,2026-08-17T13:51:46.000,Street Condition,Pothole,Closed,DOT,Department of Transportation,11356.0,QUEENS,QUEENS,121 STREET,,,
70093162,2026-08-17T13:51:42.000,Water Maintenance,Fire Hydrant Running,In Progress,DEP,Department of Environmental Protection,11205.0,BROOKLYN,BROOKLYN,NOSTRAND AVENUE,40.6957514471779,-73.95264669402812,POINT (-73.952646694028 40.695751447178)
70094810,2026-08-17T13:51:02.000,Street Condition,Cave-in,In Progress,DOT,Department of Transportation,10466.0,BRONX,BRONX,PITMAN AVENUE,40.895627950525416,-73.84988083690934,POINT (-73.849880836909 40.895627950525)
70102087,2026-08-17T13:49:56.000,UNSANITARY CONDITION,MOLD,Open,HPD,Department of Housing Preservation and Development,10455.0,BRONX,BRONX,CAULDWELL AVENUE,40.81660434543448,-73.90964819566086,POINT (-73.909648195661 40.816604345434)
70100703,2026-08-17T13:49:45.000,UNSANITARY CONDITION,GARBAGE/RECYCLING STORAGE,Open,HPD,Department of Housing Preservation and Development,11201.0,BROOKLYN,BROOKLYN,COURT STREET,40.68598691657264,-73.99416238121428,POINT (-73.994162381214 40.685986916573)
70098437,2026-08-17T13:49:37.000,Dirty Condition,Dirt or Gravel,In Progress,DSNY,Department of Sanitation,11369.0,EAST ELMHURST,QUEENS,94 STREET,40.76528467102057,-73.87571532161161,POINT (-73.875715321612 40.765284671021)
70100107,2026-08-17T13:49:19.000,Water Maintenance,No Water,In Progress,DEP,Department of Environmental Protection,10474.0,BRONX,BRONX,COSTER STREET,40.80718773773055,-73.88553467848686,POINT (-73.885534678487 40.807187737731)
70097371,2026-08-17T13:48:51.000,Sewer Maintenance,Catch Basin Clogged,In Progress,DEP,Department of Environmental Protection,11238.0,BROOKLYN,BROOKLYN,FRANKLIN AVENUE,40.678180469804346,-73.95526578243992,POINT (-73.95526578244 40.678180469804)
70095123,2026-08-17T13:48:48.000,UNSANITARY CONDITION,GARBAGE/RECYCLING STORAGE,Open,HPD,Department of Housing Preservation and Development,10458.0,BRONX,BRONX,EAST  187 STREET,40.854671533097545,-73.88575660653835,POINT (-73.885756606538 40.854671533098)
70102004,2026-08-17T13:48:47.000,WATER LEAK,SLOW LEAK,Open,HPD,Department of Housing Preservation and Development,11208.0,BROOKLYN,BROOKLYN,AUTUMN AVENUE,40.67243652715474,-73.86737341358652,POINT (-73.867373413587 40.672436527155)
70102086,2026-08-17T13:48:47.000,UNSANITARY CONDITION,MOLD,Open,HPD,Department of Housing Preservation and Development,11208.0,BROOKLYN,BROOKLYN,AUTUMN AVENUE,40.67243652715474,-73.86737341358652,POINT (-73.867373413587 40.672436527155)
70097211,2026-08-17T13:48:00.000,Traffic Signal Condition,Controller,Closed,DOT,Department of Transportation,,,BROOKLYN,,,,
70098684,2026-08-17T13:47:41.000,Water Maintenance,Fire Hydrant Running Full,In Progress,DEP,Department of Environmental Protection,10456.0,,BRONX,EAST 168 STREET,40.835412752838025,-73.91538665464199,POINT (-73.915386654642 40.835412752838)
70098465,2026-08-17T13:47:21.000,Illegal Dumping,Removal Request,In Progress,DSNY,Department of Sanitation,10457.0,BRONX,BRONX,EAST 174 STREET,40.84460515019013,-73.9052621688916,POINT (-73.905262168892 40.84460515019)
70101961,2026-08-17T13:47:00.000,Street Light Condition,Street Light Out,Open,DOT,Department of Transportation,11697.0,BREEZY POINT,QUEENS,ROCKAWAY POINT BOULEVARD,40.56022507449108,-73.92288621752685,POINT (-73.922886217527 40.560225074491)
70098470,2026-08-17T13:46:33.000,Illegal Dumping,Removal Request,In Progress,DSNY,Department of Sanitation,11236.0,BROOKLYN,BROOKLYN,FLATLANDS AVENUE,40.64217787205183,-73.90294437301368,POINT (-73.902944373014 40.642177872052)
70097821,2026-08-17T13:46:16.000,WATER LEAK,SLOW LEAK,Open,HPD,Department of Housing Preservation and Development,10456.0,BRONX,BRONX,BOSTON ROAD,40.82914486082958,-73.90277283121831,POINT (-73.902772831218 40.82914486083)
70095103,2026-08-17T13:46:16.000,UNSANITARY CONDITION,MOLD,Open,HPD,Department of Housing Preservation and Development,10456.0,BRONX,BRONX,BOSTON ROAD,40.82914486082958,-73.90277283121831,POINT (-73.902772831218 40.82914486083)
70094335,2026-08-17T13:45:50.000,Illegal Dumping,Removal Request,In Progress,DSNY,Department of Sanitation,11372.0,JACKSON HEIGHTS,QUEENS,ROOSEVELT AVENUE,40.74766896105237,-73.8836772373263,POINT (-73.883677237326 40.747668961052)
70092554,2026-08-17T13:45:43.000,Damaged Tree,Entire Tree Has Fallen Down,In Progress,DPR,Department of Parks and Recreation,11210.0,BROOKLYN,BROOKLYN,EAST 35 STREET,40.636965032825366,-73.94325923848007,POINT (-73.94325923848 40.636965032825)
70102108,2026-08-17T13:45:29.000,UNSANITARY CONDITION,GARBAGE/RECYCLING STORAGE,Open,HPD,Department of Housing Preservation and Development,11226.0,BROOKLYN,BROOKLYN,LENOX ROAD,40.65370873659166,-73.9571274139967,POINT (-73.957127413997 40.653708736592)
70093714,2026-08-17T13:45:29.000,UNSANITARY CONDITION,PESTS,Open,HPD,Department of Housing Preservation and Development,11226.0,BROOKLYN,BROOKLYN,LENOX ROAD,40.65370873659166,-73.9571274139967,POINT (-73.957127413997 40.653708736592)
70092292,2026-08-17T13:45:02.000,UNSANITARY CONDITION,MOLD,Open,HPD,Department of Housing Preservation and Development,11239.0,BROOKLYN,BROOKLYN,PENNSYLVANIA AVENUE,40.64899937930429,-73.88306005592133,POINT (-73.883060055921 40.648999379304)
70097831,2026-08-17T13:45:02.000,WATER LEAK,HEAVY FLOW,Open,HPD,Department of Housing Preservation and Development,11239.0,BROOKLYN,BROOKLYN,PENNSYLVANIA AVENUE,40.64899937930429,-73.88306005592133,POINT (-73.883060055921 40.648999379304)
70093697,2026-08-17T13:44:57.000,UNSANITARY CONDITION,PESTS,Open,HPD,Department of Housing Preservation and Development,11220.0,BROOKLYN,BROOKLYN,5 AVENUE,40.63817442147631,-74.01753994257062,POINT (-74.017539942571 40.638174421476)
70097373,2026-08-17T13:44:41.000,Sewer Maintenance,Catch Basin Clogged,In Progress,DEP,Department of Environmental Protection,10472.0,,BRONX,WESTCHESTER AVENUE,40.832922043105725,-73.8627243422393,POINT (-73.862724342239 40.832922043106)
70102699,2026-08-17T13:43:30.000,Illegal Dumping,Removal Request,In Progress,DSNY,Department of Sanitation,10003.0,NEW YORK,MANHATTAN,3 AVENUE,40.73358325698322,-73.98695610517251,POINT (-73.986956105173 40.733583256983)
70099256,2026-08-17T13:42:45.000,UNSANITARY CONDITION,MOLD,Open,HPD,Department of Housing Preservation and Development,11226.0,BROOKLYN,BROOKLYN,LENOX ROAD,40.65370873659166,-73.9571274139967,POINT (-73.957127413997 40.653708736592)
70100602,2026-08-17T13:42:45.000,WATER LEAK,SLOW LEAK,Open,HPD,Department of Housing Preservation and Development,11226.0,BROOKLYN,BROOKLYN,LENOX ROAD,40.65370873659166,-73.9571274139967,POINT (-73.957127413997 40.653708736592)
70099248,2026-08-17T13:42:45.000,UNSANITARY CONDITION,PESTS,Open,HPD,Department of Housing Preservation and Development,11226.0,BROOKLYN,BROOKLYN,LENOX ROAD,40.65370873659166,-73.9571274139967,POINT (-73.957127413997 40.653708736592)
70101323,2026-08-17T13:42:21.000,Dirty Condition,Trash,In Progress,DSNY,Department of Sanitation,10003.0,NEW YORK,MANHATTAN,2 AVENUE,40.72835459469513,-73.98783386936478,POINT (-73.987833869365 40.728354594695)
70100115,2026-08-17T13:42:17.000,Water Maintenance,Dirty Water,In Progress,DEP,Department of Environmental Protection,10312.0,STATEN ISLAND,STATEN ISLAND,RETFORD AVENUE,40.533797364032125,-74.15613086948696,POINT (-74.156130869487 40.533797364032)
70094000,2026-08-17T13:41:57.000,Damaged Tree,Branch or Limb Has Fallen Down,In Progress,DPR,Department of Parks and Recreation,11379.0,MIDDLE VILLAGE,QUEENS,79 STREET,40.72218361164637,-73.87809016886483,POINT (-73.878090168865 40.722183611646)
70099531,2026-08-17T13:41:40.000,Damaged Tree,Branch Cracked and Will Fall,In Progress,DPR,Department of Parks and Recreation,11221.0,BROOKLYN,BROOKLYN,BROADWAY,40.6877673712144,-73.91901393612447,POINT (-73.919013936124 40.687767371214)
70093661,2026-08-17T13:41:39.000,WATER LEAK,HEAVY FLOW,Open,HPD,Department of Housing Preservation and Development,10014.0,NEW YORK,MANHATTAN,WEST   10 STREET,40.73383088371856,-74.00567582925375,POINT (-74.005675829254 40.733830883719)
70100688,2026-08-17T13:41:39.000,UNSANITARY CONDITION,MOLD,Open,HPD,Department of Housing Preservation and Development,10014.0,NEW YORK,MANHATTAN,WEST   10 STREET,40.73383088371856,-74.00567582925375,POINT (-74.005675829254 40.733830883719)
70102047,2026-08-17T13:41:32.000,UNSANITARY CONDITION,PESTS,Open,HPD,Department of Housing Preservation and Development,11225.0,BROOKLYN,BROOKLYN,MAPLE STREET,40.66079889972485,-73.95122616815513,POINT (-73.951226168155 40.660798899725)
70095088,2026-08-17T13:41:32.000,UNSANITARY CONDITION,PESTS,Open,HPD,Department of Housing Preservation and Development,11225.0,BROOKLYN,BROOKLYN,MAPLE STREET,40.66079889972485,-73.95122616815513,POINT (-73.951226168155 40.660798899725)
70100638,2026-08-17T13:41:14.000,UNSANITARY CONDITION,PESTS,Open,HPD,Department of Housing Preservation and Development,11102.0,ASTORIA,QUEENS,21 STREET,40.77156979077409,-73.92647927553604,POINT (-73.926479275536 40.771569790774)
70100646,2026-08-17T13:41:14.000,UNSANITARY CONDITION,PESTS,Open,HPD,Department of Housing Preservation and Development,10468.0,BRONX,BRONX,MORRIS AVENUE,40.85838886328308,-73.90174678802464,POINT (-73.901746788025 40.858388863283)
70101539,2026-08-17T13:40:51.000,Water Maintenance,Leak,In Progress,DEP,Department of Environmental Protection,10305.0,STATEN ISLAND,STATEN ISLAND,LINWOOD AVENUE,40.59748522480066,-74.07378995742165,POINT (-74.073789957422 40.597485224801)
70099905,2026-08-17T13:40:40.000,Dirty Condition,Trash,In Progress,DSNY,Department of Sanitation,11236.0,BROOKLYN,BROOKLYN,DITMAS AVENUE,40.65109602038154,-73.91011739761375,POINT (-73.910117397614 40.651096020382)
70095731,2026-08-17T13:40:06.000,Dirty Condition,Trash,In Progress,DSNY,Department of Sanitation,10456.0,BRONX,BRONX,COLLEGE AVENUE,40.8338627489671,-73.912721708028,POINT (-73.912721708028 40.833862748967)
70093145,2026-08-17T13:39:25.000,Water Maintenance,Leak,Closed,DEP,Department of Environmental Protection,11236.0,BROOKLYN,BROOKLYN,PAERDEGAT 3 STREET,40.63193533317444,-73.91097904782262,POINT (-73.910979047823 40.631935333174)
70102046,2026-08-17T13:38:32.000,UNSANITARY CONDITION,PESTS,Open,HPD,Department of Housing Preservation and Development,10033.0,NEW YORK,MANHATTAN,WEST  180 STREET,40.84769537081459,-73.93205538249164,POINT (-73.932055382492 40.847695370815)
70102102,2026-08-17T13:38:28.000,UNSANITARY CONDITION,MOLD,Open,HPD,Department of Housing Preservation and Development,10455.0,BRONX,BRONX,AVENUE ST JOHN,40.81493242826917,-73.90244316439193,POINT (-73.902443164392 40.814932428269)
70095087,2026-08-17T13:38:28.000,UNSANITARY CONDITION,PESTS,Open,HPD,Department of Housing Preservation and Development,10455.0,BRONX,BRONX,AVENUE ST JOHN,40.81493242826917,-73.90244316439193,POINT (-73.902443164392 40.814932428269)
70095980,2026-08-17T13:38:20.000,Sewer Maintenance,Flooding on Street,In Progress,DEP,Department of Environmental Protection,11222.0,,BROOKLYN,BAYARD STREET,40.719009537386526,-73.95018068961288,POINT (-73.950180689613 40.719009537387)
70091777,2026-08-17T13:38:03.000,Water Maintenance,Fire Hydrant Running,In Progress,DEP,Department of Environmental Protection,11237.0,,BROOKLYN,KNICKERBOCKER AVENUE,40.70024639259754,-73.92088135260646,POINT (-73.920881352606 40.700246392598)
70095746,2026-08-17T13:38:01.000,Dirty Condition,Trash,In Progress,DSNY,Department of Sanitation,11426.0,,QUEENS,BRADDOCK AVENUE,40.72666977799194,-73.72914404321274,POINT (-73.729144043213 40.726669777992)
70092985,2026-08-17T13:37:50.000,Street Condition,Pothole,Closed,DOT,Department of Transportation,11103.0,QUEENS,QUEENS,45 STREET,,,
70097752,2026-08-17T13:37:26.000,Sidewalk Condition,Sidewalk Violation,In Progress,DOT,Department of Transportation,11205.0,BROOKLYN,BROOKLYN,WASHINGTON AVENUE,40.69301438451649,-73.96682772302894,POINT (-73.966827723029 40.693014384516)
70101941,2026-08-17T13:36:50.000,Sidewalk Condition,Sidewalk Violation,In Progress,DOT,Department of Transportation,11368.0,CORONA,QUEENS,38 AVENUE,40.75158104170528,-73.86203296247673,POINT (-73.862032962477 40.751581041705)
70098956,2026-08-17T13:35:34.000,Street Condition,Cave-in,In Progress,DOT,Department of Transportation,11412.0,SAINT ALBANS,QUEENS,202 STREET,40.70867617463944,-73.7566875890043,POINT (-73.756687589004 40.708676174639)
70098704,2026-08-17T13:35:27.000,Water Maintenance,Fire Hydrant Running,In Progress,DEP,Department of Environmental Protection,10453.0,BRONX,BRONX,WALTON AVENUE,40.85103052283964,-73.90868331324992,POINT (-73.90868331325 40.85103052284)
70101540,2026-08-17T13:34:05.000,Water Maintenance,Leak,Closed,DEP,Department of Environmental Protection,11367.0,FLUSHING,QUEENS,MAIN STREET,40.7381389855122,-73.82494353775654,POINT (-73.824943537757 40.738138985512)
70093000,2026-08-17T13:34:00.000,Traffic Signal Condition,Controller,Closed,DOT,Department of Transportation,,,BROOKLYN,,,,
70100927,2026-08-17T13:33:36.000,Damaged Tree,Branch or Limb Has Fallen Down,In Progress,DPR,Department of Parks and Recreation,10471.0,BRONX,BRONX,FIELDSTON ROAD,40.90841200097965,-73.89991821624324,POINT (-73.899918216243 40.90841200098)
70098500,2026-08-17T13:33:15.000,Dirty Condition,Trash,In Progress,DSNY,Department of Sanitation,11249.0,BROOKLYN,BROOKLYN,KENT AVENUE,40.71985676295589,-73.96223280387149,POINT (-73.962232803871 40.719856762956)
70097844,2026-08-17T13:32:57.000,WATER LEAK,HEAVY FLOW,Open,HPD,Department of Housing Preservation and Development,11226.0,BROOKLYN,BROOKLYN,LENOX ROAD,40.65391056381976,-73.95380443229466,POINT (-73.953804432295 40.65391056382)
70096261,2026-08-17T13:32:43.000,Street Condition,Cave-in,In Progress,DOT,Department of Transportation,11385.0,,QUEENS,FRESH POND ROAD,40.7126973856682,-73.90059444155973,POINT (-73.90059444156 40.712697385668)
70100113,2026-08-17T13:32:15.000,Water Maintenance,Fire Hydrant Defective,In Progress,DEP,Department of Environmental Protection,10310.0,STATEN ISLAND,STATEN ISLAND,PELTON AVENUE,40.6416322079107,-74.11157973513488,POINT (-74.111579735135 40.641632207911)
70095372,2026-08-17T13:31:58.000,Damaged Tree,Tree Alive - in Poor Condition,In Progress,DPR,Department of Parks and Recreation,11694.0,FAR ROCKAWAY,QUEENS,BEACH 148 STREET,40.57070489049657,-73.86388953888623,POINT (-73.863889538886 40.570704890497)
70099276,2026-08-17T13:31:55.000,UNSANITARY CONDITION,GARBAGE/RECYCLING STORAGE,Open,HPD,Department of Housing Preservation and Development,11385.0,RIDGEWOOD,QUEENS,FAIRVIEW AVENUE,40.70890600779365,-73.90953808284148,POINT (-73.909538082841 40.708906007794)
70102045,2026-08-17T13:31:53.000,UNSANITARY CONDITION,PESTS,Open,HPD,Department of Housing Preservation and Development,10030.0,NEW YORK,MANHATTAN,WEST  133 STREET,40.813323754258455,-73.94299328077234,POINT (-73.942993280772 40.813323754258)
70092281,2026-08-17T13:31:53.000,UNSANITARY CONDITION,PESTS,Open,HPD,Department of Housing Preservation and Development,10030.0,NEW YORK,MANHATTAN,WEST  133 STREET,40.813323754258455,-73.94299328077234,POINT (-73.942993280772 40.813323754258)
70100660,2026-08-17T13:31:52.000,UNSANITARY CONDITION,PESTS,Open,HPD,Department of Housing Preservation and Development,11692.0,ARVERNE,QUEENS,DE COSTA AVENUE,40.59822543257175,-73.7991349616592,POINT (-73.799134961659 40.598225432572)
70099229,2026-08-17T13:31:52.000,UNSANITARY CONDITION,PESTS,Open,HPD,Department of Housing Preservation and Development,11692.0,ARVERNE,QUEENS,DE COSTA AVENUE,40.59822543257175,-73.7991349616592,POINT (-73.799134961659 40.598225432572)
70096544,2026-08-17T13:31:52.000,UNSANITARY CONDITION,PESTS,Open,HPD,Department of Housing Preservation and Development,11692.0,ARVERNE,QUEENS,DE COSTA AVENUE,40.59822543257175,-73.7991349616592,POINT (-73.799134961659 40.598225432572)
70097156,2026-08-17T13:30:27.000,Dirty Condition,Dog Waste,In Progress,DSNY,Department of Sanitation,11207.0,BROOKLYN,BROOKLYN,JAMAICA AVENUE,40.67963102984994,-73.89430191458975,POINT (-73.89430191459 40.67963102985)
70094566,2026-08-17T13:30:22.000,Water Maintenance,Fire Hydrant Running Full,In Progress,DEP,Department of Environmental Protection,10033.0,NEW YORK,MANHATTAN,WEST 180 STREET,40.848940423338256,-73.93500718030211,POINT (-73.935007180302 40.848940423338)
70099202,2026-08-17T13:29:25.000,WATER LEAK,SLOW LEAK,Open,HPD,Department of Housing Preservation and Development,11205.0,BROOKLYN,BROOKLYN,KENT AVENUE,40.69194958986621,-73.95886977349292,POINT (-73.958869773493 40.691949589866)
70102021,2026-08-17T13:29:06.000,WATER LEAK,HEAVY FLOW,Open,HPD,Department of Housing Preservation and Development,10467.0,BRONX,BRONX,DECATUR AVENUE,40.876558757466825,-73.87355105173786,POINT (-73.873551051738 40.876558757467)
70094999,2026-08-17T13:28:00.000,Street Light Condition,Street Light Out,Open,DOT,Department of Transportation,11412.0,SAINT ALBANS,QUEENS,202 STREET,40.70867617463944,-73.7566875890043,POINT (-73.756687589004 40.708676174639)
70094366,2026-08-17T13:27:33.000,Dirty Condition,Trash,In Progress,DSNY,Department of Sanitation,11236.0,BROOKLYN,BROOKLYN,DITMAS AVENUE,40.649204373558526,-73.91304976070404,POINT (-73.913049760704 40.649204373559)
70100525,2026-08-17T13:27:24.000,Sidewalk Condition,Sidewalk Violation,In Progress,DOT,Department of Transportation,11416.0,OZONE PARK,QUEENS,82 PLACE,40.68517002258207,-73.85855389667415,POINT (-73.858553896674 40.685170022582)
70098703,2026-08-17T13:27:03.000,Water Maintenance,Fire Hydrant Running,In Progress,DEP,Department of Environmental Protection,10463.0,BRONX,BRONX,BROADWAY,40.88117930050996,-73.90319578330761,POINT (-73.903195783308 40.88117930051)
70092302,2026-08-17T13:26:46.000,UNSANITARY CONDITION,MOLD,Open,HPD,Department of Housing Preservation and Development,10027.0,NEW YORK,MANHATTAN,AMSTERDAM AVENUE,40.81384269043013,-73.95593685955293,POINT (-73.955936859553 40.81384269043)
70096513,2026-08-17T13:26:46.000,WATER LEAK,HEAVY FLOW,Open,HPD,Department of Housing Preservation and Development,10027.0,NEW YORK,MANHATTAN,AMSTERDAM AVENUE,40.81384269043013,-73.95593685955293,POINT (-73.955936859553 40.81384269043)
70100636,2026-08-17T13:26:46.000,UNSANITARY CONDITION,PESTS,Open,HPD,Department of Housing Preservation and Development,10027.0,NEW YORK,MANHATTAN,AMSTERDAM AVENUE,40.81384269043013,-73.95593685955293,POINT (-73.955936859553 40.81384269043)
70093716,2026-08-17T13:26:46.000,UNSANITARY CONDITION,PESTS,Open,HPD,Department of Housing Preservation and Development,10027.0,NEW YORK,MANHATTAN,AMSTERDAM AVENUE,40.81384269043013,-73.95593685955293,POINT (-73.955936859553 40.81384269043)
70102670,2026-08-17T13:26:10.000,Dirty Condition,Dirt or Gravel,In Progress,DSNY,Department of Sanitation,11223.0,BROOKLYN,BROOKLYN,WEST 8 STREET,40.59472928663968,-73.97914436134818,POINT (-73.979144361348 40.59472928664)
70097826,2026-08-17T13:26:06.000,WATER LEAK,SLOW LEAK,Open,HPD,Department of Housing Preservation and Development,11203.0,BROOKLYN,BROOKLYN,CHURCH AVENUE,40.65109805061132,-73.94349948544463,POINT (-73.943499485445 40.651098050611)
70097862,2026-08-17T13:25:54.000,UNSANITARY CONDITION,PESTS,Open,HPD,Department of Housing Preservation and Development,10457.0,BRONX,BRONX,TOPPING AVENUE,40.844106075539486,-73.90582670524574,POINT (-73.905826705246 40.844106075539)
70096578,2026-08-17T13:25:44.000,UNSANITARY CONDITION,MOLD,Open,HPD,Department of Housing Preservation and Development,11385.0,RIDGEWOOD,QUEENS,SENECA AVENUE,40.70221475215643,-73.90670518240584,POINT (-73.906705182406 40.702214752156)
70093673,2026-08-17T13:25:44.000,WATER LEAK,DAMP SPOT,Open,HPD,Department of Housing Preservation and Development,11385.0,RIDGEWOOD,QUEENS,SENECA AVENUE,40.70221475215643,-73.90670518240584,POINT (-73.906705182406 40.702214752156)
70101568,2026-08-17T13:25:13.000,Sewer Maintenance,Catch Basin Clogged,In Progress,DEP,Department of Environmental Protection,11422.0,ROSEDALE,QUEENS,147 AVENUE,40.65758344826303,-73.73496416574488,POINT (-73.734964165745 40.657583448263)
70100925,2026-08-17T13:24:59.000,Damaged Tree,Branch or Limb Has Fallen Down,In Progress,DPR,Department of Parks and Recreation,10454.0,,BRONX,EAST 139 STREET,40.80555896354336,-73.91240844065862,POINT (-73.912408440659 40.805558963543)
70094436,2026-08-17T13:24:00.000,Traffic Signal Condition,Veh Signal Lamp,Open,DOT,Department of Transportation,,,QUEENS,,,,
70093424,2026-08-17T13:23:51.000,Street Condition,Cave-in,In Progress,DOT,Department of Transportation,11412.0,SAINT ALBANS,QUEENS,202 STREET,40.70867617463944,-73.7566875890043,POINT (-73.756687589004 40.708676174639)
70096791,2026-08-17T13:23:47.000,Damaged Tree,Entire Tree Has Fallen Down,In Progress,DPR,Department of Parks and Recreation,11222.0,BROOKLYN,BROOKLYN,JAVA STREET,40.73203879533227,-73.94993641629233,POINT (-73.949936416292 40.732038795332)
70098510,2026-08-17T13:23:19.000,Illegal Dumping,Chronic Dumping,In Progress,DSNY,Department of Sanitation,11429.0,,QUEENS,JAMAICA AVENUE,40.718501839602936,-73.73525943158317,POINT (-73.735259431583 40.718501839603)
70101573,2026-08-17T13:22:35.000,Sewer Maintenance,Catch Basin Clogged,In Progress,DEP,Department of Environmental Protection,10022.0,,MANHATTAN,EAST 57 STREET,40.7616096551409,-73.97074988778279,POINT (-73.970749887783 40.761609655141)
70102071,2026-08-17T13:22:31.000,UNSANITARY CONDITION,PESTS,Open,HPD,Department of Housing Preservation and Development,11226.0,BROOKLYN,BROOKLYN,EAST   28 STREET,40.64404180938087,-73.95077357500985,POINT (-73.95077357501 40.644041809381)
70099265,2026-08-17T13:22:31.000,UNSANITARY CONDITION,MOLD,Open,HPD,Department of Housing Preservation and Development,11226.0,BROOKLYN,BROOKLYN,EAST   28 STREET,40.64404180938087,-73.95077357500985,POINT (-73.95077357501 40.644041809381)
70102097,2026-08-17T13:22:30.000,UNSANITARY CONDITION,MOLD,Open,HPD,Department of Housing Preservation and Development,11372.0,JACKSON HEIGHTS,QUEENS,72 STREET,40.74835679206369,-73.89390775751221,POINT (-73.893907757512 40.748356792064)
70102043,2026-08-17T13:22:30.000,UNSANITARY CONDITION,PESTS,Open,HPD,Department of Housing Preservation and Development,11372.0,JACKSON HEIGHTS,QUEENS,72 STREET,40.74835679206369,-73.89390775751221,POINT (-73.893907757512 40.748356792064)
70093704,2026-08-17T13:22:30.000,UNSANITARY CONDITION,PESTS,Open,HPD,Department of Housing Preservation and Development,11372.0,JACKSON HEIGHTS,QUEENS,72 STREET,40.74835679206369,-73.89390775751221,POINT (-73.893907757512 40.748356792064)
70094355,2026-08-17T13:22:12.000,Dirty Condition,Trash,In Progress,DSNY,Department of Sanitation,11106.0,,QUEENS,37 AVENUE,40.75739308866063,-73.93546468109808,POINT (-73.935464681098 40.757393088661)
70094435,2026-08-17T13:22:00.000,Traffic Signal Condition,Veh Signal Lamp,Open,DOT,Department of Transportation,11372.0,QUEENS,QUEENS,,40.75053015622816,-73.87687613470698,POINT (-73.876876134707 40.750530156228)
70099530,2026-08-17T13:21:53.000,Damaged Tree,Branch Cracked and Will Fall,In Progress,DPR,Department of Parks and Recreation,11215.0,BROOKLYN,BROOKLYN,CARROLL STREET,40.672647467540216,-73.97487694309577,POINT (-73.974876943096 40.67264746754)
70094307,2026-08-17T13:21:27.000,Dirty Condition,Dirt or Gravel,In Progress,DSNY,Department of Sanitation,11223.0,BROOKLYN,BROOKLYN,WEST 8 STREET,40.5952398367894,-73.97924142332182,POINT (-73.979241423322 40.595239836789)
70100966,2026-08-17T13:21:27.000,Damaged Tree,Tree Alive - in Poor Condition,In Progress,DPR,Department of Parks and Recreation,11372.0,JACKSON HEIGHTS,QUEENS,84 STREET,40.75326761236792,-73.8830466545145,POINT (-73.883046654514 40.753267612368)
70094343,2026-08-17T13:20:51.000,Illegal Dumping,Removal Request,In Progress,DSNY,Department of Sanitation,11101.0,LONG ISLAND CITY,QUEENS,22 STREET,40.75422022846048,-73.94069414940759,POINT (-73.940694149408 40.75422022846)
70098463,2026-08-17T13:20:16.000,Illegal Dumping,Removal Request,In Progress,DSNY,Department of Sanitation,11373.0,ELMHURST,QUEENS,91 STREET,40.74130998948527,-73.87383661153251,POINT (-73.873836611533 40.741309989485)
70102042,2026-08-17T13:19:59.000,UNSANITARY CONDITION,PESTS,Open,HPD,Department of Housing Preservation and Development,10457.0,BRONX,BRONX,EAST  181 STREET,40.85421257200531,-73.89988771228349,POINT (-73.899887712283 40.854212572005)
70092153,2026-08-17T13:19:44.000,Sidewalk Condition,Sidewalk Violation,In Progress,DOT,Department of Transportation,11419.0,SOUTH RICHMOND HILL,QUEENS,109 STREET,40.68516628147562,-73.83321696453646,POINT (-73.833216964536 40.685166281476)
70095133,2026-08-17T13:19:34.000,UNSANITARY CONDITION,GARBAGE/RECYCLING STORAGE,Open,HPD,Department of Housing Preservation and Development,10455.0,BRONX,BRONX,EAST  156 STREET,40.81826801201134,-73.90666171188592,POINT (-73.906661711886 40.818268012011)
70093605,2026-08-17T13:19:34.000,Street Condition,"Rough, Pitted or Cracked Roads",Closed,DOT,Department of Transportation,10012.0,NEW YORK,MANHATTAN,BOWERY,40.71987928164935,-73.99423517069647,POINT (-73.994235170696 40.719879281649)
70092316,2026-08-17T13:19:34.000,UNSANITARY CONDITION,GARBAGE/RECYCLING STORAGE,Open,HPD,Department of Housing Preservation and Development,11213.0,BROOKLYN,BROOKLYN,PRESIDENT STREET,40.66691658877669,-73.92927289517696,POINT (-73.929272895177 40.666916588777)
70093703,2026-08-17T13:19:33.000,UNSANITARY CONDITION,PESTS,Open,HPD,Department of Housing Preservation and Development,10455.0,BRONX,BRONX,EAST  156 STREET,40.81826801201134,-73.90666171188592,POINT (-73.906661711886 40.818268012011)
70093682,2026-08-17T13:19:33.000,UNSANITARY CONDITION,PESTS,Open,HPD,Department of Housing Preservation and Development,10455.0,BRONX,BRONX,EAST  156 STREET,40.81826801201134,-73.90666171188592,POINT (-73.906661711886 40.818268012011)
70097901,2026-08-17T13:19:33.000,UNSANITARY CONDITION,MOLD,Open,HPD,Department of Housing Preservation and Development,10455.0,BRONX,BRONX,EAST  156 STREET,40.81826801201134,-73.90666171188592,POINT (-73.906661711886 40.818268012011)
70099236,2026-08-17T13:19:33.000,UNSANITARY CONDITION,PESTS,Open,HPD,Department of Housing Preservation and Development,10455.0,BRONX,BRONX,EAST  156 STREET,40.81826801201134,-73.90666171188592,POINT (-73.906661711886 40.818268012011)
70096562,2026-08-17T13:19:31.000,UNSANITARY CONDITION,PESTS,Open,HPD,Department of Housing Preservation and Development,11234.0,BROOKLYN,BROOKLYN,EAST   41 STREET,40.62416420210858,-73.93455962599572,POINT (-73.934559625996 40.624164202109)
70092240,2026-08-17T13:19:28.000,WATER LEAK,HEAVY FLOW,Open,HPD,Department of Housing Preservation and Development,10468.0,BRONX,BRONX,UNIVERSITY AVENUE,40.861233408768975,-73.9062905039923,POINT (-73.906290503992 40.861233408769)
70095380,2026-08-17T13:19:23.000,Damaged Tree,Branch or Limb Has Fallen Down,In Progress,DPR,Department of Parks and Recreation,11377.0,WOODSIDE,QUEENS,58 STREET,40.74719501539158,-73.90566775977622,POINT (-73.905667759776 40.747195015392)
70096441,2026-08-17T13:19:00.000,Street Light Condition,Lamppost Leaning,Open,DOT,Department of Transportation,10305.0,STATEN ISLAND,STATEN ISLAND,,40.60669304967983,-74.0793679189944,POINT (-74.079367918994 40.60669304968)
70099146,2026-08-17T13:18:03.000,Street Condition,"Rough, Pitted or Cracked Roads",In Progress,DOT,Department of Transportation,11201.0,BROOKLYN,BROOKLYN,FLATBUSH AVENUE EXTENSION,40.69678673861067,-73.98487887545113,POINT (-73.984878875451 40.696786738611)
70097340,2026-08-17T13:18:01.000,Water Maintenance,Fire Hydrant Running Full,In Progress,DEP,Department of Environmental Protection,10453.0,BRONX,BRONX,MONTGOMERY AVENUE,40.850831636673455,-73.91795511673453,POINT (-73.917955116735 40.850831636673)
70093951,2026-08-17T13:18:00.000,Damaged Tree,Branch or Limb Has Fallen Down,In Progress,DPR,Department of Parks and Recreation,10472.0,BRONX,BRONX,THERIOT AVENUE,40.829248213328405,-73.86385932197882,POINT (-73.863859321979 40.829248213328)
70099889,2026-08-17T13:17:37.000,Illegal Dumping,Removal Request,In Progress,DSNY,Department of Sanitation,11373.0,ELMHURST,QUEENS,91 STREET,40.74130998948527,-73.87383661153251,POINT (-73.873836611533 40.741309989485)
70098480,2026-08-17T13:17:15.000,Dirty Condition,Trash,In Progress,DSNY,Department of Sanitation,11229.0,BROOKLYN,BROOKLYN,EAST 22 STREET,40.59880973926913,-73.94928730627187,POINT (-73.949287306272 40.598809739269)
70102096,2026-08-17T13:16:37.000,UNSANITARY CONDITION,MOLD,Open,HPD,Department of Housing Preservation and Development,10473.0,BRONX,BRONX,THIERIOT AVENUE,40.82415532063795,-73.8626448718532,POINT (-73.862644871853 40.824155320638)
70097861,2026-08-17T13:16:37.000,UNSANITARY CONDITION,PESTS,Open,HPD,Department of Housing Preservation and Development,10473.0,BRONX,BRONX,THIERIOT AVENUE,40.82415532063795,-73.8626448718532,POINT (-73.862644871853 40.824155320638)
70099264,2026-08-17T13:16:15.000,UNSANITARY CONDITION,MOLD,Open,HPD,Department of Housing Preservation and Development,10027.0,NEW YORK,MANHATTAN,WEST  126 STREET,40.81586602942811,-73.95721081405173,POINT (-73.957210814052 40.815866029428)
70093681,2026-08-17T13:16:15.000,UNSANITARY CONDITION,PESTS,Open,HPD,Department of Housing Preservation and Development,10027.0,NEW YORK,MANHATTAN,WEST  126 STREET,40.81586602942811,-73.95721081405173,POINT (-73.957210814052 40.815866029428)
70095115,2026-08-17T13:16:02.000,UNSANITARY CONDITION,MOLD,Open,HPD,Department of Housing Preservation and Development,11207.0,BROOKLYN,BROOKLYN,COZINE AVENUE,40.656710493591646,-73.88137062544227,POINT (-73.881370625442 40.656710493592)
70094442,2026-08-17T13:16:00.000,Traffic Signal Condition,Ped Multiple Lamps,Open,DOT,Department of Transportation,11237.0,BROOKLYN,BROOKLYN,,40.7034061874588,-73.91777589397384,POINT (-73.917775893974 40.703406187459)
70093576,2026-08-17T13:15:24.000,Sidewalk Condition,Sidewalk Violation,In Progress,DOT,Department of Transportation,11370.0,EAST ELMHURST,QUEENS,78 STREET,40.75996335763932,-73.88994386682901,POINT (-73.889943866829 40.759963357639)
70097376,2026-08-17T13:14:59.000,Sewer Maintenance,Backup,In Progress,DEP,Department of Environmental Protection,11222.0,BROOKLYN,BROOKLYN,VANDERVOORT AVENUE,40.7213468607047,-73.93655661491758,POINT (-73.936556614918 40.721346860705)
70095764,2026-08-17T13:14:28.000,Illegal Dumping,Chronic Dumping,In Progress,DSNY,Department of Sanitation,11426.0,,QUEENS,BRADDOCK AVENUE,40.72473418758062,-73.72315212508245,POINT (-73.723152125082 40.724734187581)
70101778,2026-08-17T13:13:59.000,Street Condition,Line/Marking - After Repaving,In Progress,DOT,Department of Transportation,11220.0,,BROOKLYN,2 AVENUE,40.639446181578194,-74.02695178144887,POINT (-74.026951781449 40.639446181578)
70092299,2026-08-17T13:13:29.000,UNSANITARY CONDITION,MOLD,Open,HPD,Department of Housing Preservation and Development,10456.0,BRONX,BRONX,CROTONA PARK SOUTH,40.8349635605769,-73.89946134199383,POINT (-73.899461341994 40.834963560577)
70097842,2026-08-17T13:13:29.000,WATER LEAK,HEAVY FLOW,Open,HPD,Department of Housing Preservation and Development,10456.0,BRONX,BRONX,CROTONA PARK SOUTH,40.8349635605769,-73.89946134199383,POINT (-73.899461341994 40.834963560577)
70092298,2026-08-17T13:13:25.000,UNSANITARY CONDITION,MOLD,Open,HPD,Department of Housing Preservation and Development,10010.0,NEW YORK,MANHATTAN,WATERSIDE PLAZA,40.73774206105882,-73.97379871839594,POINT (-73.973798718396 40.737742061059)
70100621,2026-08-17T13:13:22.000,WATER LEAK,DAMP SPOT,Open,HPD,Department of Housing Preservation and Development,10458.0,BRONX,BRONX,VALENTINE AVENUE,40.86967236616312,-73.88965020680602,POINT (-73.889650206806 40.869672366163)
70096456,2026-08-17T13:13:00.000,Street Condition,"Rough, Pitted or Cracked Roads",In Progress,DOT,Department of Transportation,11413.0,,QUEENS,147 AVENUE,40.65774336398056,-73.749996578254,POINT (-73.749996578254 40.657743363981)
70092191,2026-08-17T13:12:55.000,Street Condition,"Rough, Pitted or Cracked Roads",In Progress,DOT,Department of Transportation,11422.0,,QUEENS,147 AVENUE,40.65740589843868,-73.7450601378565,POINT (-73.745060137856 40.657405898439)
70095071,2026-08-17T13:12:27.000,UNSANITARY CONDITION,PESTS,Open,HPD,Department of Housing Preservation and Development,11215.0,BROOKLYN,BROOKLYN,PRESIDENT STREET,40.67602754342504,-73.98151276160088,POINT (-73.981512761601 40.676027543425)
70092279,2026-08-17T13:12:27.000,UNSANITARY CONDITION,PESTS,Open,HPD,Department of Housing Preservation and Development,11215.0,BROOKLYN,BROOKLYN,PRESIDENT STREET,40.67602754342504,-73.98151276160088,POINT (-73.981512761601 40.676027543425)
70095114,2026-08-17T13:12:27.000,UNSANITARY CONDITION,MOLD,Open,HPD,Department of Housing Preservation and Development,11215.0,BROOKLYN,BROOKLYN,PRESIDENT STREET,40.67602754342504,-73.98151276160088,POINT (-73.981512761601 40.676027543425)
70095382,2026-08-17T13:11:36.000,Damaged Tree,Branch Cracked and Will Fall,In Progress,DPR,Department of Parks and Recreation,11368.0,CORONA,QUEENS,41 AVENUE,40.74929053601412,-73.86088278618416,POINT (-73.860882786184 40.749290536014)
70096241,2026-08-17T13:10:30.000,Sidewalk Condition,Cellar Door Open/Unprotected,In Progress,DOT,Department of Transportation,11209.0,BROOKLYN,BROOKLYN,5 AVENUE,40.63088623267627,-74.02205583447682,POINT (-74.022055834477 40.630886232676)
70102008,2026-08-17T13:09:47.000,WATER LEAK,SLOW LEAK,Open,HPD,Department of Housing Preservation and Development,11211.0,BROOKLYN,BROOKLYN,SOUTH    5 STREET,40.7093484590181,-73.95829995934284,POINT (-73.958299959343 40.709348459018)
70093672,2026-08-17T13:09:41.000,WATER LEAK,DAMP SPOT,Open,HPD,Department of Housing Preservation and Development,11228.0,BROOKLYN,BROOKLYN,7 AVENUE,40.62207313337177,-74.0197366809446,POINT (-74.019736680945 40.622073133372)
70093660,2026-08-17T13:09:41.000,WATER LEAK,HEAVY FLOW,Open,HPD,Department of Housing Preservation and Development,10458.0,BRONX,BRONX,WEBSTER AVENUE,40.857427591890215,-73.89481104058125,POINT (-73.894811040581 40.85742759189)
70099263,2026-08-17T13:09:41.000,UNSANITARY CONDITION,MOLD,Open,HPD,Department of Housing Preservation and Development,11228.0,BROOKLYN,BROOKLYN,7 AVENUE,40.62207313337177,-74.0197366809446,POINT (-74.019736680945 40.622073133372)
70097877,2026-08-17T13:09:40.000,UNSANITARY CONDITION,PESTS,Open,HPD,Department of Housing Preservation and Development,11209.0,BROOKLYN,BROOKLYN,FT HAMILTON PARKWAY,40.62229782377688,-74.02185127028054,POINT (-74.021851270281 40.622297823777)
70097900,2026-08-17T13:09:39.000,UNSANITARY CONDITION,MOLD,Open,HPD,Department of Housing Preservation and Development,11373.0,ELMHURST,QUEENS,LAYTON STREET,40.744282216484834,-73.88395381445368,POINT (-73.883953814454 40.744282216485)
70100106,2026-08-17T13:09:24.000,Water Maintenance,Water Main Break,Closed,DEP,Department of Environmental Protection,11355.0,,QUEENS,DELAWARE AVENUE,40.75814798502109,-73.81088928174933,POINT (-73.810889281749 40.758147985021)
70101516,2026-08-17T13:09:08.000,Sewer Maintenance,Catch Basin Search,In Progress,DEP,Department of Environmental Protection,11219.0,BROOKLYN,BROOKLYN,NEW UTRECHT AVENUE,40.639910325314986,-73.99435017558476,POINT (-73.994350175585 40.639910325315)
70098511,2026-08-17T13:08:47.000,Illegal Dumping,Chronic Dumping,In Progress,DSNY,Department of Sanitation,11208.0,BROOKLYN,BROOKLYN,HOLLY STREET,40.66695359329651,-73.87078351882327,POINT (-73.870783518823 40.666953593297)
70099907,2026-08-17T13:07:41.000,Dirty Condition,Trash,In Progress,DSNY,Department of Sanitation,11102.0,ASTORIA,QUEENS,30 ROAD,40.7675283031481,-73.92457759892275,POINT (-73.924577598923 40.767528303148)
70097123,2026-08-17T13:07:28.000,Illegal Dumping,Removal Request,In Progress,DSNY,Department of Sanitation,11355.0,,QUEENS,133 STREET,40.748106379002216,-73.8312548612288,POINT (-73.831254861229 40.748106379002)
70099899,2026-08-17T13:06:51.000,Dirty Condition,Trash,In Progress,DSNY,Department of Sanitation,11416.0,OZONE PARK,QUEENS,101 AVENUE,40.67941694459023,-73.86306917292178,POINT (-73.863069172922 40.67941694459)
70098708,2026-08-17T13:06:38.000,Water Maintenance,Fire Hydrant Leaning/Missing,In Progress,DEP,Department of Environmental Protection,11221.0,BROOKLYN,BROOKLYN,MYRTLE AVENUE,40.6974150059532,-73.93132138382238,POINT (-73.931321383822 40.697415005953)
70099223,2026-08-17T13:06:23.000,UNSANITARY CONDITION,SEWAGE,Open,HPD,Department of Housing Preservation and Development,11234.0,BROOKLYN,BROOKLYN,EAST   63 STREET,40.611405862525366,-73.90948652029338,POINT (-73.909486520293 40.611405862525)
70099176,2026-08-17T13:06:23.000,UNSANITARY CONDITION,SEWAGE,Open,HPD,Department of Housing Preservation and Development,11234.0,BROOKLYN,BROOKLYN,EAST   63 STREET,40.611405862525366,-73.90948652029338,POINT (-73.909486520293 40.611405862525)
70097841,2026-08-17T13:06:23.000,WATER LEAK,HEAVY FLOW,Open,HPD,Department of Housing Preservation and Development,11234.0,BROOKLYN,BROOKLYN,EAST   63 STREET,40.611405862525366,-73.90948652029338,POINT (-73.909486520293 40.611405862525)
70102007,2026-08-17T13:06:05.000,WATER LEAK,SLOW LEAK,Open,HPD,Department of Housing Preservation and Development,11226.0,BROOKLYN,BROOKLYN,EAST   19 STREET,40.642003506826605,-73.96069140943182,POINT (-73.960691409432 40.642003506827)
70099135,2026-08-17T13:06:00.000,Street Light Condition,Street Light Out,Open,DOT,Department of Transportation,11234.0,BROOKLYN,BROOKLYN,,40.636526464844486,-73.92101815212433,POINT (-73.921018152124 40.636526464844)
70099221,2026-08-17T13:05:46.000,WATER LEAK,DAMP SPOT,Open,HPD,Department of Housing Preservation and Development,11206.0,BROOKLYN,BROOKLYN,WILLOUGHBY AVENUE,40.69441934477992,-73.94451216399109,POINT (-73.944512163991 40.69441934478)
70096554,2026-08-17T13:05:46.000,UNSANITARY CONDITION,PESTS,Open,HPD,Department of Housing Preservation and Development,11206.0,BROOKLYN,BROOKLYN,WILLOUGHBY AVENUE,40.69441934477992,-73.94451216399109,POINT (-73.944512163991 40.69441934478)
70097899,2026-08-17T13:05:45.000,UNSANITARY CONDITION,MOLD,Open,HPD,Department of Housing Preservation and Development,11206.0,BROOKLYN,BROOKLYN,WILLOUGHBY AVENUE,40.69441934477992,-73.94451216399109,POINT (-73.944512163991 40.69441934478)
70098121,2026-08-17T13:05:37.000,Damaged Tree,Branch or Limb Has Fallen Down,In Progress,DPR,Department of Parks and Recreation,10471.0,,BRONX,FARADAY AVENUE,40.904834341528506,-73.89837890162165,POINT (-73.898378901622 40.904834341529)
70093151,2026-08-17T13:05:12.000,Water Maintenance,Dirty Water,In Progress,DEP,Department of Environmental Protection,10452.0,BRONX,BRONX,JEROME AVENUE,40.83871434541044,-73.91879404623288,POINT (-73.918794046233 40.83871434541)
70097194,2026-08-17T13:04:56.000,Street Condition,Pothole,Closed,DOT,Department of Transportation,11105.0,QUEENS,QUEENS,ASTORIA BOULEVARD,,,
70095965,2026-08-17T13:04:46.000,Water Maintenance,Water Main Break,In Progress,DEP,Department of Environmental Protection,11207.0,BROOKLYN,BROOKLYN,SCHENCK COURT,40.68156303950469,-73.89102509681624,POINT (-73.891025096816 40.681563039505)
70100120,2026-08-17T13:04:06.000,Water Maintenance,Fire Hydrant Running,In Progress,DEP,Department of Environmental Protection,10458.0,,BRONX,DECATUR AVENUE,40.86295430159382,-73.89065555944714,POINT (-73.890655559447 40.862954301594)
70099959,2026-08-17T13:04:05.000,Street Condition,Pothole,Closed,DOT,Department of Transportation,11415.0,QUEENS,QUEENS,GRENFELL STREET,,,
70102707,2026-08-17T13:03:24.000,Illegal Dumping,Removal Request,In Progress,DSNY,Department of Sanitation,11229.0,BROOKLYN,BROOKLYN,AVENUE S,40.60469322999635,-73.94630455858292,POINT (-73.946304558583 40.604693229996)
70092171,2026-08-17T13:03:00.000,Street Light Condition,Lamppost Knocked Down,Open,DOT,Department of Transportation,10001.0,MANHATTAN,MANHATTAN,,40.74678841620879,-73.98845124841567,POINT (-73.988451248416 40.746788416209)
70097336,2026-08-17T13:02:58.000,Water Maintenance,Fire Hydrant Running Full,In Progress,DEP,Department of Environmental Protection,10458.0,,BRONX,DECATUR AVENUE,40.86295430159382,-73.89065555944714,POINT (-73.890655559447 40.862954301594)
70099262,2026-08-17T13:02:54.000,UNSANITARY CONDITION,MOLD,Open,HPD,Department of Housing Preservation and Development,10040.0,NEW YORK,MANHATTAN,THAYER STREET,40.8642129837618,-73.92753738525039,POINT (-73.92753738525 40.864212983762)
70095045,2026-08-17T13:02:49.000,WATER LEAK,SLOW LEAK,Open,HPD,Department of Housing Preservation and Development,11238.0,BROOKLYN,BROOKLYN,CLASSON AVENUE,40.682268721061966,-73.95869907526588,POINT (-73.958699075266 40.682268721062)
70100709,2026-08-17T13:02:45.000,UNSANITARY CONDITION,GARBAGE/RECYCLING STORAGE,Open,HPD,Department of Housing Preservation and Development,10455.0,BRONX,BRONX,UNION AVENUE,40.81725553183427,-73.9037150802771,POINT (-73.903715080277 40.817255531834)
70098140,2026-08-17T13:02:17.000,Damaged Tree,Entire Tree Has Fallen Down,In Progress,DPR,Department of Parks and Recreation,11234.0,BROOKLYN,BROOKLYN,EAST 58 STREET,40.63721546543981,-73.92110381008007,POINT (-73.92110381008 40.63721546544)
70092185,2026-08-17T13:02:00.000,Street Light Condition,Street Light Out,Open,DOT,Department of Transportation,11368.0,CORONA,QUEENS,LEWIS AVENUE,40.7409435976662,-73.85851127332361,POINT (-73.858511273324 40.740943597666)
70101391,2026-08-17T13:01:00.000,Traffic Signal Condition,Controller,Closed,DOT,Department of Transportation,11417.0,QUEENS,QUEENS,,40.68108933774796,-73.84633291843679,POINT (-73.846332918437 40.681089337748)
70100142,2026-08-17T13:00:55.000,Sewer Maintenance,Catch Basin Clogged,In Progress,DEP,Department of Environmental Protection,11355.0,FLUSHING,QUEENS,MAIN STREET,40.75522449712204,-73.82820128281985,POINT (-73.82820128282 40.755224497122)
70095797,2026-08-17T13:00:42.000,Street Condition,Pothole,Closed,DOT,Department of Transportation,11427.0,QUEENS,QUEENS,,40.73523092188976,-73.73873999682945,POINT (-73.738739996829 40.73523092189)
70092583,2026-08-17T13:00:33.000,Damaged Tree,Branch or Limb Has Fallen Down,In Progress,DPR,Department of Parks and Recreation,11691.0,FAR ROCKAWAY,QUEENS,BEACH 12 STREET,40.59676208283157,-73.74622071211787,POINT (-73.746220712118 40.596762082832)
70100112,2026-08-17T13:00:02.000,Water Maintenance,Fire Hydrant Running Full,In Progress,DEP,Department of Environmental Protection,11207.0,BROOKLYN,BROOKLYN,COVERT STREET,40.689615409304885,-73.90907024708595,POINT (-73.909070247086 40.689615409305)
70098685,2026-08-17T12:59:58.000,Water Maintenance,Fire Hydrant Running Full,In Progress,DEP,Department of Environmental Protection,10460.0,,BRONX,BOSTON ROAD,40.84261725713864,-73.87817667269202,POINT (-73.878176672692 40.842617257139)
70092231,2026-08-17T12:59:54.000,WATER LEAK,SLOW LEAK,Open,HPD,Department of Housing Preservation and Development,10453.0,BRONX,BRONX,MORRIS AVENUE,40.85761801143528,-73.90222872194933,POINT (-73.902228721949 40.857618011435)
70093730,2026-08-17T12:59:54.000,UNSANITARY CONDITION,MOLD,Open,HPD,Department of Housing Preservation and Development,10453.0,BRONX,BRONX,MORRIS AVENUE,40.85761801143528,-73.90222872194933,POINT (-73.902228721949 40.857618011435)
70100645,2026-08-17T12:59:46.000,UNSANITARY CONDITION,PESTS,Open,HPD,Department of Housing Preservation and Development,11209.0,BROOKLYN,BROOKLYN,5 AVENUE,40.627852991274345,-74.02331932835739,POINT (-74.023319328357 40.627852991274)
70096574,2026-08-17T12:59:46.000,UNSANITARY CONDITION,MOLD,Open,HPD,Department of Housing Preservation and Development,11209.0,BROOKLYN,BROOKLYN,5 AVENUE,40.627852991274345,-74.02331932835739,POINT (-74.023319328357 40.627852991274)
70100365,2026-08-17T12:59:26.000,Street Condition,Failed Street Repair,In Progress,DOT,Department of Transportation,11429.0,,QUEENS,108 AVENUE,40.70731140754032,-73.72936336870018,POINT (-73.7293633687 40.70731140754)
70099958,2026-08-17T12:59:08.000,Street Condition,Pothole,Closed,DOT,Department of Transportation,11434.0,QUEENS,QUEENS,175 STREET,,,
70101953,2026-08-17T12:59:00.000,Street Light Condition,Multiple Street Lights Out,Open,DOT,Department of Transportation,11370.0,QUEENS,QUEENS,80 STREET,,,
70098679,2026-08-17T12:58:48.000,Water Maintenance,Leak,In Progress,DEP,Department of Environmental Protection,11366.0,FRESH MEADOWS,QUEENS,193 STREET,40.73110287795673,-73.77802366822775,POINT (-73.778023668228 40.731102877957)
70092905,2026-08-17T12:58:28.000,Illegal Dumping,Removal Request,In Progress,DSNY,Department of Sanitation,11435.0,JAMAICA,QUEENS,SUTPHIN BOULEVARD,40.69379050523013,-73.80053111975421,POINT (-73.800531119754 40.69379050523)
70101781,2026-08-17T12:58:08.000,Sidewalk Condition,Defective Hardware,In Progress,DOT,Department of Transportation,10455.0,,BRONX,EAST 149 STREET,40.81212603460825,-73.90418129247784,POINT (-73.904181292478 40.812126034608)
70091814,2026-08-17T12:57:54.000,Street Condition,Guard Rail - Street,In Progress,DOT,Department of Transportation,11105.0,ASTORIA,QUEENS,ASTORIA BLVD NORTH,40.76866424655479,-73.90545684145111,POINT (-73.905456841451 40.768664246555)
70098681,2026-08-17T12:57:29.000,Water Maintenance,Leak,In Progress,DEP,Department of Environmental Protection,11205.0,BROOKLYN,BROOKLYN,VANDERBILT AVENUE,40.69482958854672,-73.97015892335044,POINT (-73.97015892335 40.694829588547)
70100939,2026-08-17T12:57:26.000,Damaged Tree,Tree Alive - in Poor Condition,In Progress,DPR,Department of Parks and Recreation,11217.0,BROOKLYN,BROOKLYN,SOUTH OXFORD STREET,40.68387041984703,-73.97298699661825,POINT (-73.972986996618 40.683870419847)
70102712,2026-08-17T12:57:02.000,Dirty Condition,Trash,In Progress,DSNY,Department of Sanitation,11106.0,ASTORIA,QUEENS,31 STREET,40.75734545862626,-73.92914439131204,POINT (-73.929144391312 40.757345458626)
70094996,2026-08-17T12:57:00.000,Street Light Condition,Street Light Out,Open,DOT,Department of Transportation,10301.0,STATEN ISLAND,STATEN ISLAND,PENBROKE AVENUE,40.63591885391349,-74.1012836414219,POINT (-74.101283641422 40.635918853913)
70099228,2026-08-17T12:56:55.000,UNSANITARY CONDITION,PESTS,Open,HPD,Department of Housing Preservation and Development,11209.0,BROOKLYN,BROOKLYN,4 AVENUE,40.61809912524724,-74.03028224130318,POINT (-74.030282241303 40.618099125247)
70102040,2026-08-17T12:56:45.000,UNSANITARY CONDITION,PESTS,Open,HPD,Department of Housing Preservation and Development,10457.0,BRONX,BRONX,GRAND CONCOURSE,40.84604983556564,-73.90989735084884,POINT (-73.909897350849 40.846049835566)
70096553,2026-08-17T12:56:45.000,UNSANITARY CONDITION,PESTS,Open,HPD,Department of Housing Preservation and Development,10457.0,BRONX,BRONX,GRAND CONCOURSE,40.84604983556564,-73.90989735084884,POINT (-73.909897350849 40.846049835566)
70100539,2026-08-17T12:56:00.000,Street Light Condition,Street Light Out,Open,DOT,Department of Transportation,,,BRONX,,,,
70099549,2026-08-17T12:55:41.000,Damaged Tree,Entire Tree Has Fallen Down,In Progress,DPR,Department of Parks and Recreation,11374.0,REGO PARK,QUEENS,64 ROAD,40.72365092263173,-73.86018589912453,POINT (-73.860185899125 40.723650922632)
70096434,2026-08-17T12:55:00.000,Street Light Condition,Street Light Out,Open,DOT,Department of Transportation,10453.0,BRONX,BRONX,,40.85601483609933,-73.91212871236853,POINT (-73.912128712369 40.856014836099)
70100354,2026-08-17T12:54:59.000,Sidewalk Condition,Blocked - Construction,In Progress,DOT,Department of Transportation,11216.0,,BROOKLYN,GREENE AVENUE,40.68840033885293,-73.95117352620218,POINT (-73.951173526202 40.688400338853)
70094334,2026-08-17T12:54:34.000,Illegal Dumping,Removal Request,In Progress,DSNY,Department of Sanitation,11435.0,JAMAICA,QUEENS,SUTPHIN BOULEVARD,40.69379050523013,-73.80053111975421,POINT (-73.800531119754 40.69379050523)
70095947,2026-08-17T12:54:31.000,Water Maintenance,Low Pressure,In Progress,DEP,Department of Environmental Protection,10309.0,STATEN ISLAND,STATEN ISLAND,WIRT AVENUE,40.54726959818814,-74.219490971006,POINT (-74.219490971006 40.547269598188)
70097839,2026-08-17T12:54:11.000,WATER LEAK,HEAVY FLOW,Open,HPD,Department of Housing Preservation and Development,10468.0,BRONX,BRONX,GRAND CONCOURSE,40.864726292871325,-73.89540688095796,POINT (-73.895406880958 40.864726292871)
70100685,2026-08-17T12:54:11.000,UNSANITARY CONDITION,MOLD,Open,HPD,Department of Housing Preservation and Development,10468.0,BRONX,BRONX,GRAND CONCOURSE,40.864726292871325,-73.89540688095796,POINT (-73.895406880958 40.864726292871)
70101571,2026-08-17T12:53:50.000,Sewer Maintenance,Catch Basin Clogged,In Progress,DEP,Department of Environmental Protection,10023.0,NEW YORK,MANHATTAN,WEST 61 STREET,40.77208389420595,-73.9876598041889,POINT (-73.987659804189 40.772083894206)
70101777,2026-08-17T12:53:10.000,Street Condition,Line/Marking - After Repaving,In Progress,DOT,Department of Transportation,10019.0,,MANHATTAN,7 AVENUE,40.76552015180097,-73.98003670045067,POINT (-73.980036700451 40.765520151801)
70093137,2026-08-17T12:53:07.000,Water Maintenance,Water Main Break,Closed,DEP,Department of Environmental Protection,10308.0,STATEN ISLAND,STATEN ISLAND,ACACIA AVENUE,40.54390897971844,-74.15225782418281,POINT (-74.152257824183 40.543908979718)
70096792,2026-08-17T12:52:43.000,Damaged Tree,Branch or Limb Has Fallen Down,In Progress,DPR,Department of Parks and Recreation,11229.0,BROOKLYN,BROOKLYN,EAST 29 STREET,40.60475512140235,-73.9437151685405,POINT (-73.94371516854 40.604755121402)
70092152,2026-08-17T12:51:56.000,Sidewalk Condition,Sidewalk Violation,In Progress,DOT,Department of Transportation,10029.0,NEW YORK,MANHATTAN,1 AVENUE,40.79575910716821,-73.93560084715894,POINT (-73.935600847159 40.795759107168)
70096455,2026-08-17T12:51:55.000,Street Condition,"Rough, Pitted or Cracked Roads",In Progress,DOT,Department of Transportation,11691.0,,QUEENS,BEACH 8 STREET,40.600208923426415,-73.74345998917101,POINT (-73.743459989171 40.600208923426)
70097758,2026-08-17T12:51:45.000,Sidewalk Condition,Sidewalk Violation,In Progress,DOT,Department of Transportation,11207.0,BROOKLYN,BROOKLYN,ATLANTIC AVENUE,40.67561734803115,-73.89951409209583,POINT (-73.899514092096 40.675617348031)
70100526,2026-08-17T12:51:27.000,Sidewalk Condition,Sidewalk Violation,In Progress,DOT,Department of Transportation,10310.0,STATEN ISLAND,STATEN ISLAND,PELTON AVENUE,40.63596805533143,-74.11044973312455,POINT (-74.110449733125 40.635968055331)
70102704,2026-08-17T12:51:18.000,Illegal Dumping,Removal Request,In Progress,DSNY,Department of Sanitation,11427.0,QUEENS VILLAGE,QUEENS,212 PLACE,40.72493959289898,-73.75312502195507,POINT (-73.753125021955 40.724939592899)
70093972,2026-08-17T12:50:48.000,Damaged Tree,Branch or Limb Has Fallen Down,In Progress,DPR,Department of Parks and Recreation,11208.0,BROOKLYN,BROOKLYN,HALE AVENUE,40.68237325468974,-73.88047768003283,POINT (-73.880477680033 40.68237325469)
70091756,2026-08-17T12:50:23.000,Water Maintenance,Leak,Closed,DEP,Department of Environmental Protection,11367.0,FLUSHING,QUEENS,MAIN STREET,40.7381389855122,-73.82494353775654,POINT (-73.824943537757 40.738138985512)
70102069,2026-08-17T12:50:11.000,UNSANITARY CONDITION,PESTS,Open,HPD,Department of Housing Preservation and Development,10452.0,BRONX,BRONX,SHAKESPEARE AVENUE,40.84586461824544,-73.91922988389246,POINT (-73.919229883892 40.845864618245)
70102068,2026-08-17T12:50:00.000,UNSANITARY CONDITION,PESTS,Open,HPD,Department of Housing Preservation and Development,11212.0,BROOKLYN,BROOKLYN,CLARKSON AVENUE,40.6582592921451,-73.92454255519011,POINT (-73.92454255519 40.658259292145)
70095112,2026-08-17T12:50:00.000,UNSANITARY CONDITION,MOLD,Open,HPD,Department of Housing Preservation and Development,11212.0,BROOKLYN,BROOKLYN,CLARKSON AVENUE,40.6582592921451,-73.92454255519011,POINT (-73.92454255519 40.658259292145)
70094375,2026-08-17T12:49:41.000,Dirty Condition,Trash,In Progress,DSNY,Department of Sanitation,10457.0,BRONX,BRONX,ANTHONY AVENUE,40.84279054282815,-73.9048310497004,POINT (-73.9048310497 40.842790542828)
70101563,2026-08-17T12:49:26.000,Sewer Maintenance,Odor,In Progress,DEP,Department of Environmental Protection,10301.0,STATEN ISLAND,STATEN ISLAND,HENDRICKS AVENUE,40.64064432008514,-74.08194138327141,POINT (-74.081941383271 40.640644320085)
70099136,2026-08-17T12:49:00.000,Street Light Condition,Street Light Out,Open,DOT,Department of Transportation,10306.0,STATEN ISLAND,STATEN ISLAND,,40.57559075347378,-74.10150533789046,POINT (-74.10150533789 40.575590753474)
70102299,2026-08-17T12:48:51.000,Sidewalk Condition,Pedestrian Ramp Defective,In Progress,DOT,Department of Transportation,11385.0,,QUEENS,64 STREET,40.7057339712009,-73.89448775242246,POINT (-73.894487752422 40.705733971201)
70096418,2026-08-17T12:48:25.000,Sidewalk Condition,Sidewalk Violation,In Progress,DOT,Department of Transportation,10310.0,STATEN ISLAND,STATEN ISLAND,PELTON AVENUE,40.63581163026902,-74.11042065033595,POINT (-74.110420650336 40.635811630269)
70097869,2026-08-17T12:47:22.000,UNSANITARY CONDITION,PESTS,Open,HPD,Department of Housing Preservation and Development,10473.0,BRONX,BRONX,NOBLE AVENUE,40.81886061037756,-73.86720805132938,POINT (-73.867208051329 40.818860610378)
70099206,2026-08-17T12:47:22.000,WATER LEAK,HEAVY FLOW,Open,HPD,Department of Housing Preservation and Development,10473.0,BRONX,BRONX,NOBLE AVENUE,40.81886061037756,-73.86720805132938,POINT (-73.867208051329 40.818860610378)
70092270,2026-08-17T12:47:12.000,UNSANITARY CONDITION,PESTS,Open,HPD,Department of Housing Preservation and Development,10033.0,NEW YORK,MANHATTAN,PINEHURST AVENUE,40.85001341890072,-73.93972316718485,POINT (-73.939723167185 40.850013418901)
70100672,2026-08-17T12:47:12.000,UNSANITARY CONDITION,MOLD,Open,HPD,Department of Housing Preservation and Development,10033.0,NEW YORK,MANHATTAN,PINEHURST AVENUE,40.85001341890072,-73.93972316718485,POINT (-73.939723167185 40.850013418901)
70096566,2026-08-17T12:47:09.000,UNSANITARY CONDITION,MOLD,Open,HPD,Department of Housing Preservation and Development,10011.0,NEW YORK,MANHATTAN,WEST   17 STREET,40.74421968693871,-74.00716355874454,POINT (-74.007163558745 40.744219686939)
70099218,2026-08-17T12:47:09.000,WATER LEAK,DAMP SPOT,Open,HPD,Department of Housing Preservation and Development,10011.0,NEW YORK,MANHATTAN,WEST   17 STREET,40.74421968693871,-74.00716355874454,POINT (-74.007163558745 40.744219686939)
70095081,2026-08-17T12:47:06.000,UNSANITARY CONDITION,PESTS,Open,HPD,Department of Housing Preservation and Development,11693.0,FAR ROCKAWAY,QUEENS,BEACH   85 STREET,40.59027978564404,-73.81078859080138,POINT (-73.810788590801 40.590279785644)
70100972,2026-08-17T12:47:06.000,Damaged Tree,Branch or Limb Has Fallen Down,In Progress,DPR,Department of Parks and Recreation,11414.0,HOWARD BEACH,QUEENS,161 AVENUE,40.65637904578074,-73.8351414420293,POINT (-73.835141442029 40.656379045781)
70101554,2026-08-17T12:46:44.000,Water Maintenance,Fire Hydrant Running,In Progress,DEP,Department of Environmental Protection,10026.0,NEW YORK,MANHATTAN,WEST 110 STREET,40.7986084337293,-73.95330672154118,POINT (-73.953306721541 40.798608433729)
70093585,2026-08-17T12:46:41.000,Sidewalk Condition,Sidewalk Violation,In Progress,DOT,Department of Transportation,10027.0,NEW YORK,MANHATTAN,WEST 125 STREET,40.80970948245686,-73.95004777606187,POINT (-73.950047776062 40.809709482457)
70098493,2026-08-17T12:46:06.000,Dirty Condition,Trash,In Progress,DSNY,Department of Sanitation,10001.0,NEW YORK,MANHATTAN,10 AVENUE,40.75129586104617,-74.00155196849364,POINT (-74.001551968494 40.751295861046)
70092161,2026-08-17T12:46:05.000,Sidewalk Condition,Broken Sidewalk,In Progress,DOT,Department of Transportation,11428.0,QUEENS VILLAGE,QUEENS,217 STREET,40.72442250819236,-73.7438404897924,POINT (-73.743840489792 40.724422508192)
70101956,2026-08-17T12:46:00.000,Street Light Condition,Street Light Out,Open,DOT,Department of Transportation,11215.0,BROOKLYN,BROOKLYN,GARFIELD PLACE,40.67098674755826,-73.97428636777754,POINT (-73.974286367778 40.670986747558)
70097764,2026-08-17T12:45:41.000,Sidewalk Condition,Broken Sidewalk,In Progress,DOT,Department of Transportation,11421.0,WOODHAVEN,QUEENS,91 AVENUE,40.68998935496944,-73.84951085474756,POINT (-73.849510854748 40.689989354969)
70096793,2026-08-17T12:45:26.000,Damaged Tree,Branch Cracked and Will Fall,In Progress,DPR,Department of Parks and Recreation,11210.0,BROOKLYN,BROOKLYN,EAST 32 STREET,40.620924751484125,-73.94380959889573,POINT (-73.943809598896 40.620924751484)
70092155,2026-08-17T12:45:09.000,Sidewalk Condition,Sidewalk Violation,In Progress,DOT,Department of Transportation,10310.0,STATEN ISLAND,STATEN ISLAND,PELTON AVENUE,40.63592963526303,-74.11044246355026,POINT (-74.11044246355 40.635929635263)
70091608,2026-08-17T12:45:00.000,Traffic Signal Condition,Controller,Closed,DOT,Department of Transportation,11233.0,BROOKLYN,BROOKLYN,,40.67811587037565,-73.92171158281286,POINT (-73.921711582813 40.678115870376)
70095811,2026-08-17T12:45:00.000,Traffic Signal Condition,Controller,Closed,DOT,Department of Transportation,10463.0,BRONX,BRONX,,40.8746385103204,-73.90973566879792,POINT (-73.909735668798 40.87463851032)
70095331,2026-08-17T12:44:39.000,Damaged Tree,Branch or Limb Has Fallen Down,In Progress,DPR,Department of Parks and Recreation,11210.0,BROOKLYN,BROOKLYN,AVENUE H,40.63196365861648,-73.94251411334807,POINT (-73.942514113348 40.631963658616)
70102062,2026-08-17T12:44:28.000,UNSANITARY CONDITION,PESTS,Open,HPD,Department of Housing Preservation and Development,11693.0,FAR ROCKAWAY,QUEENS,BEACH   85 STREET,40.59027978564404,-73.81078859080138,POINT (-73.810788590801 40.590279785644)
70095824,2026-08-17T12:42:00.000,Traffic Signal Condition,Vehicle Signal,Closed,DOT,Department of Transportation,11203.0,BROOKLYN,BROOKLYN,,40.639319432554174,-73.93679314362308,POINT (-73.936793143623 40.639319432554)
70095780,2026-08-17T12:41:17.000,Street Condition,Pothole,Open,DOT,Department of Transportation,11219.0,BROOKLYN,BROOKLYN,60 STREET,,,
70101940,2026-08-17T12:41:16.000,Sidewalk Condition,Sidewalk Violation,In Progress,DOT,Department of Transportation,11210.0,BROOKLYN,BROOKLYN,EAST 21 STREET,40.62869229664332,-73.9559077927308,POINT (-73.955907792731 40.628692296643)
70102060,2026-08-17T12:41:10.000,UNSANITARY CONDITION,PESTS,Open,HPD,Department of Housing Preservation and Development,10027.0,NEW YORK,MANHATTAN,AMSTERDAM AVENUE,40.817343949772905,-73.95338389635391,POINT (-73.953383896354 40.817343949773)
70093722,2026-08-17T12:41:09.000,UNSANITARY CONDITION,MOLD,Open,HPD,Department of Housing Preservation and Development,10467.0,BRONX,BRONX,PERRY AVENUE,40.87701635819317,-73.87537267430177,POINT (-73.875372674302 40.877016358193)
70096443,2026-08-17T12:41:00.000,Street Light Condition,Street Light Out,Open,DOT,Department of Transportation,10457.0,BRONX,BRONX,EAST  179 STREET,40.84716684113379,-73.89073572751985,POINT (-73.89073572752 40.847166841134)
70097210,2026-08-17T12:41:00.000,Traffic Signal Condition,Controller,Closed,DOT,Department of Transportation,11209.0,BROOKLYN,BROOKLYN,,40.63363818631363,-74.03692577157068,POINT (-74.036925771571 40.633638186314)
70097868,2026-08-17T12:40:59.000,UNSANITARY CONDITION,PESTS,Open,HPD,Department of Housing Preservation and Development,10012.0,NEW YORK,MANHATTAN,MOTT STREET,40.7213175945462,-73.9955734679552,POINT (-73.995573467955 40.721317594546)
70094399,2026-08-17T12:40:56.000,Street Condition,Pothole,Open,DOT,Department of Transportation,10469.0,BRONX,BRONX,DEWITT PLACE,,,
70099948,2026-08-17T12:40:51.000,Street Condition,Pothole,Pending,DOT,Department of Transportation,10014.0,MANHATTAN,MANHATTAN,COMMERCE STREET,,,
70096560,2026-08-17T12:40:50.000,UNSANITARY CONDITION,PESTS,Open,HPD,Department of Housing Preservation and Development,10031.0,NEW YORK,MANHATTAN,WEST  149 STREET,40.82825412420984,-73.9468612852639,POINT (-73.946861285264 40.82825412421)
70093644,2026-08-17T12:40:50.000,WATER LEAK,SLOW LEAK,Open,HPD,Department of Housing Preservation and Development,10031.0,NEW YORK,MANHATTAN,WEST  149 STREET,40.82825412420984,-73.9468612852639,POINT (-73.946861285264 40.82825412421)
70091790,2026-08-17T12:40:43.000,Sewer Maintenance,Backup,Closed,DEP,Department of Environmental Protection,10453.0,BRONX,BRONX,CRESTON AVENUE,40.85368904676198,-73.90395513624917,POINT (-73.903955136249 40.853689046762)
70102014,2026-08-17T12:38:30.000,WATER LEAK,HEAVY FLOW,Open,HPD,Department of Housing Preservation and Development,10455.0,BRONX,BRONX,EAST  152 STREET,40.818110781326304,-73.91637328547242,POINT (-73.916373285472 40.818110781326)
70096485,2026-08-17T12:38:27.000,UNSANITARY CONDITION,SEWAGE,Open,HPD,Department of Housing Preservation and Development,11692.0,ARVERNE,QUEENS,BEACH   64 STREET,40.59550636191712,-73.79352226430979,POINT (-73.79352226431 40.595506361917)
70096524,2026-08-17T12:38:13.000,UNSANITARY CONDITION,PESTS,Open,HPD,Department of Housing Preservation and Development,11214.0,BROOKLYN,BROOKLYN,NEW UTRECHT AVENUE,40.611573247646994,-74.00082118186488,POINT (-74.000821181865 40.611573247647)
70099235,2026-08-17T12:38:13.000,UNSANITARY CONDITION,PESTS,Open,HPD,Department of Housing Preservation and Development,11214.0,BROOKLYN,BROOKLYN,NEW UTRECHT AVENUE,40.611573247646994,-74.00082118186488,POINT (-74.000821181865 40.611573247647)
70102059,2026-08-17T12:38:06.000,UNSANITARY CONDITION,PESTS,Open,HPD,Department of Housing Preservation and Development,11420.0,SOUTH OZONE PARK,QUEENS,109 AVENUE,40.68256526508143,-73.82111254112209,POINT (-73.821112541122 40.682565265081)
70100623,2026-08-17T12:38:06.000,UNSANITARY CONDITION,PESTS,Open,HPD,Department of Housing Preservation and Development,11420.0,SOUTH OZONE PARK,QUEENS,109 AVENUE,40.68256526508143,-73.82111254112209,POINT (-73.821112541122 40.682565265081)
70095102,2026-08-17T12:38:06.000,UNSANITARY CONDITION,MOLD,Open,HPD,Department of Housing Preservation and Development,11420.0,SOUTH OZONE PARK,QUEENS,109 AVENUE,40.68256526508143,-73.82111254112209,POINT (-73.821112541122 40.682565265081)
70101966,2026-08-17T12:38:00.000,Street Light Condition,Multiple Street Lights Out,Open,DOT,Department of Transportation,11418.0,RICHMOND HILL,QUEENS,110 STREET,40.695973568718166,-73.83783476736633,POINT (-73.837834767366 40.695973568718)
70093004,2026-08-17T12:38:00.000,Traffic Signal Condition,Controller,Closed,DOT,Department of Transportation,11203.0,BROOKLYN,BROOKLYN,,40.639319432554174,-73.93679314362308,POINT (-73.936793143623 40.639319432554)
70096523,2026-08-17T12:37:29.000,UNSANITARY CONDITION,PESTS,Open,HPD,Department of Housing Preservation and Development,10453.0,BRONX,BRONX,RICHMAN PLAZA,40.85171876186146,-73.9227796198516,POINT (-73.922779619852 40.851718761861)
70092582,2026-08-17T12:37:01.000,Damaged Tree,Tree Alive - in Poor Condition,In Progress,DPR,Department of Parks and Recreation,11361.0,BAYSIDE,QUEENS,216 STREET,40.76476438949785,-73.76681081797783,POINT (-73.766810817978 40.764764389498)
70094829,2026-08-17T12:36:43.000,Sidewalk Condition,Blocked - Construction,In Progress,DOT,Department of Transportation,11354.0,FLUSHING,QUEENS,37 AVENUE,40.76052483889089,-73.8339740182018,POINT (-73.833974018202 40.760524838891)
70091597,2026-08-17T12:36:22.000,Street Condition,Pothole,Closed,DOT,Department of Transportation,11416.0,QUEENS,QUEENS,WOODHAVEN BOULEVARD,,,
70100538,2026-08-17T12:36:00.000,Street Light Condition,Street Light Out,Open,DOT,Department of Transportation,10467.0,BRONX,BRONX,,40.88448749116443,-73.86565931279593,POINT (-73.865659312796 40.884487491164)
70095053,2026-08-17T12:35:35.000,WATER LEAK,HEAVY FLOW,Open,HPD,Department of Housing Preservation and Development,10471.0,BRONX,BRONX,MANH COLLEGE PARKWAY,40.889246274137165,-73.90036299364604,POINT (-73.900362993646 40.889246274137)
70101783,2026-08-17T12:35:03.000,Street Condition,Cave-in,Closed,DOT,Department of Transportation,10458.0,BRONX,BRONX,BAINBRIDGE AVENUE,40.87112987869143,-73.88413017428744,POINT (-73.884130174287 40.871129878691)
70093136,2026-08-17T12:34:28.000,Water Maintenance,Water Main Break,Closed,DEP,Department of Environmental Protection,10018.0,NEW YORK,MANHATTAN,7 AVENUE,40.75369970922627,-73.98863773689432,POINT (-73.988637736894 40.753699709226)
70092180,2026-08-17T12:34:00.000,Street Light Condition,Street Light Out,Open,DOT,Department of Transportation,10306.0,STATEN ISLAND,STATEN ISLAND,CORONA AVENUE,40.56306340482064,-74.14061531668143,POINT (-74.140615316681 40.563063404821)
70098562,2026-08-17T12:34:00.000,Traffic Signal Condition,Controller,Closed,DOT,Department of Transportation,10314.0,STATEN ISLAND,STATEN ISLAND,,40.59070847642687,-74.16578740066916,POINT (-74.165787400669 40.590708476427)
70093177,2026-08-17T12:32:54.000,Sewer Maintenance,Flooding on Street,In Progress,DEP,Department of Environmental Protection,11206.0,,BROOKLYN,HARRISON AVENUE,40.701593386315295,-73.94874748258447,POINT (-73.948747482584 40.701593386315)
70091584,2026-08-17T12:32:26.000,Street Condition,Pothole,Open,DOT,Department of Transportation,11206.0,BROOKLYN,BROOKLYN,BROADWAY,,,
70093595,2026-08-17T12:32:00.000,Street Light Condition,Street Light Out,Open,DOT,Department of Transportation,11213.0,BROOKLYN,BROOKLYN,,40.66879788262019,-73.9311201452519,POINT (-73.931120145252 40.66879788262)
70102089,2026-08-17T12:31:59.000,UNSANITARY CONDITION,MOLD,Open,HPD,Department of Housing Preservation and Development,10462.0,BRONX,BRONX,WEST AVENUE,40.83677416995037,-73.86150936103039,POINT (-73.86150936103 40.83677416995)
70101570,2026-08-17T12:31:47.000,Sewer Maintenance,Catch Basin Clogged,In Progress,DEP,Department of Environmental Protection,11206.0,,BROOKLYN,HARRISON AVENUE,40.701593386315295,-73.94874748258447,POINT (-73.948747482584 40.701593386315)
70092290,2026-08-17T12:31:33.000,UNSANITARY CONDITION,PESTS,Open,HPD,Department of Housing Preservation and Development,10306.0,STATEN ISLAND,STATEN ISLAND,ROMA AVENUE,40.56187869059029,-74.10346755195457,POINT (-74.103467551955 40.56187869059)
70102348,2026-08-17T12:31:31.000,Damaged Tree,Tree Alive - in Poor Condition,In Progress,DPR,Department of Parks and Recreation,11207.0,BROOKLYN,BROOKLYN,WYONA STREET,40.66245316767312,-73.89025973820623,POINT (-73.890259738206 40.662453167673)
70094565,2026-08-17T12:30:49.000,Water Maintenance,Leak,Closed,DEP,Department of Environmental Protection,11204.0,BROOKLYN,BROOKLYN,56 STREET,40.626652593408885,-73.98880706790916,POINT (-73.988807067909 40.626652593409)
70095962,2026-08-17T12:29:33.000,Water Maintenance,Dirty Water,In Progress,DEP,Department of Environmental Protection,11231.0,BROOKLYN,BROOKLYN,CHEEVER PLACE,40.68622585744998,-73.99927525288476,POINT (-73.999275252885 40.68622585745)
70100367,2026-08-17T12:28:33.000,Street Condition,Defective Hardware,In Progress,DOT,Department of Transportation,11377.0,WOODSIDE,QUEENS,QUEENS BOULEVARD,40.74165349266677,-73.90582717153806,POINT (-73.905827171538 40.741653492667)
70099921,2026-08-17T12:28:17.000,Dirty Condition,Dog Waste,In Progress,DSNY,Department of Sanitation,10463.0,,BRONX,MARBLE HILL AVENUE,40.87466151769141,-73.91108799438194,POINT (-73.911087994382 40.874661517691)
70097347,2026-08-17T12:27:43.000,Water Maintenance,Fire Hydrant Running,In Progress,DEP,Department of Environmental Protection,11368.0,CORONA,QUEENS,99 STREET,40.75329331098835,-73.86868865126667,POINT (-73.868688651267 40.753293310988)
70094592,2026-08-17T12:27:39.000,Sewer Maintenance,Manhole Overflow,In Progress,DEP,Department of Environmental Protection,11355.0,,QUEENS,DELAWARE AVENUE,40.75814798502109,-73.81088928174933,POINT (-73.810889281749 40.758147985021)
70101784,2026-08-17T12:27:13.000,Street Condition,Failed Street Repair,In Progress,DOT,Department of Transportation,11228.0,BROOKLYN,BROOKLYN,15 AVENUE,40.60880310170645,-74.01223438181255,POINT (-74.012234381813 40.608803101706)
70092963,2026-08-17T12:27:07.000,Street Condition,Pothole,Closed,DOT,Department of Transportation,10458.0,BRONX,BRONX,BAINBRIDGE AVENUE,,,
70092184,2026-08-17T12:27:00.000,Street Light Condition,Street Light Out,Open,DOT,Department of Transportation,11364.0,QUEENS,QUEENS,230 STREET,,,
70097583,2026-08-17T12:26:34.000,Street Condition,Cave-in,In Progress,DOT,Department of Transportation,11417.0,OZONE PARK,QUEENS,107 AVENUE,40.68120999885639,-73.83438420618147,POINT (-73.834384206181 40.681209998856)
70099896,2026-08-17T12:26:33.000,Illegal Dumping,Removal Request,In Progress,DSNY,Department of Sanitation,11220.0,BROOKLYN,BROOKLYN,63 STREET,40.63848707916331,-74.01909657586387,POINT (-74.019096575864 40.638487079163)
70092538,2026-08-17T12:26:21.000,Damaged Tree,Branch or Limb Has Fallen Down,In Progress,DPR,Department of Parks and Recreation,10469.0,BRONX,BRONX,BURKE AVENUE,40.87126233822361,-73.85777116591365,POINT (-73.857771165914 40.871262338224)
70093015,2026-08-17T12:26:00.000,Traffic Signal Condition,Veh Sgnl Mult Lamps,Closed,DOT,Department of Transportation,10314.0,STATEN ISLAND,STATEN ISLAND,,40.59070847642687,-74.16578740066916,POINT (-74.165787400669 40.590708476427)
70092912,2026-08-17T12:25:53.000,Dirty Condition,Trash,In Progress,DSNY,Department of Sanitation,11229.0,BROOKLYN,BROOKLYN,EAST 22 STREET,40.59880973926913,-73.94928730627187,POINT (-73.949287306272 40.598809739269)
70093158,2026-08-17T12:25:50.000,Water Maintenance,Water Main Break,In Progress,DEP,Department of Environmental Protection,11219.0,BROOKLYN,BROOKLYN,56 STREET,40.63047378353803,-73.99516878618971,POINT (-73.99516878619 40.630473783538)
70102113,2026-08-17T12:25:48.000,UNSANITARY CONDITION,GARBAGE/RECYCLING STORAGE,Open,HPD,Department of Housing Preservation and Development,10452.0,BRONX,BRONX,UNDERCLIFF AVENUE,40.84414499529663,-73.92524249963296,POINT (-73.925242499633 40.844144995297)
70095124,2026-08-17T12:25:48.000,UNSANITARY CONDITION,GARBAGE/RECYCLING STORAGE,Open,HPD,Department of Housing Preservation and Development,10452.0,BRONX,BRONX,UNDERCLIFF AVENUE,40.84414499529663,-73.92524249963296,POINT (-73.925242499633 40.844144995297)
70091596,2026-08-17T12:25:34.000,Street Condition,Pothole,Closed,DOT,Department of Transportation,11364.0,QUEENS,QUEENS,SPRINGFIELD BOULEVARD,,,
70100544,2026-08-17T12:25:00.000,Street Light Condition,Street Light Out,Open,DOT,Department of Transportation,10456.0,BRONX,BRONX,CAULDWELL AVENUE,40.81915608979364,-73.90857530936417,POINT (-73.908575309364 40.819156089794)
70093402,2026-08-17T12:23:54.000,Street Condition,Failed Street Repair,In Progress,DOT,Department of Transportation,11228.0,BROOKLYN,BROOKLYN,15 AVENUE,40.610414465248525,-74.01052751286058,POINT (-74.010527512861 40.610414465249)
70099524,2026-08-17T12:23:10.000,Damaged Tree,Tree Leaning/Uprooted,In Progress,DPR,Department of Parks and Recreation,11230.0,BROOKLYN,BROOKLYN,AVENUE O,40.61201606201688,-73.96751627834794,POINT (-73.967516278348 40.612016062017)
70095823,2026-08-17T12:23:00.000,Traffic Signal Condition,Vehicle Signal,Closed,DOT,Department of Transportation,11214.0,BROOKLYN,BROOKLYN,,40.59726736508086,-73.99865686311435,POINT (-73.998656863114 40.597267365081)
70093173,2026-08-17T12:22:58.000,Water Maintenance,Fire Hydrant Leaking,In Progress,DEP,Department of Environmental Protection,10467.0,BRONX,BRONX,ROCHAMBEAU AVENUE,40.875731807777385,-73.88053147969606,POINT (-73.880531479696 40.875731807777)
70095377,2026-08-17T12:22:52.000,Damaged Tree,Branch or Limb Has Fallen Down,In Progress,DPR,Department of Parks and Recreation,11414.0,HOWARD BEACH,QUEENS,161 AVENUE,40.65639552476811,-73.83514860950845,POINT (-73.835148609508 40.656395524768)
70099261,2026-08-17T12:22:36.000,UNSANITARY CONDITION,MOLD,Open,HPD,Department of Housing Preservation and Development,11218.0,BROOKLYN,BROOKLYN,BEVERLY ROAD,40.64360414797274,-73.97145743787904,POINT (-73.971457437879 40.643604147973)
70093677,2026-08-17T12:22:36.000,UNSANITARY CONDITION,PESTS,Open,HPD,Department of Housing Preservation and Development,11218.0,BROOKLYN,BROOKLYN,BEVERLY ROAD,40.64360414797274,-73.97145743787904,POINT (-73.971457437879 40.643604147973)
70093647,2026-08-17T12:22:36.000,WATER LEAK,SLOW LEAK,Open,HPD,Department of Housing Preservation and Development,11218.0,BROOKLYN,BROOKLYN,BEVERLY ROAD,40.64360414797274,-73.97145743787904,POINT (-73.971457437879 40.643604147973)
70093727,2026-08-17T12:22:27.000,UNSANITARY CONDITION,MOLD,Open,HPD,Department of Housing Preservation and Development,11212.0,BROOKLYN,BROOKLYN,HOWARD AVENUE,40.66456590901274,-73.91919349614328,POINT (-73.919193496143 40.664565909013)
70097888,2026-08-17T12:22:27.000,UNSANITARY CONDITION,PESTS,Open,HPD,Department of Housing Preservation and Development,11212.0,BROOKLYN,BROOKLYN,HOWARD AVENUE,40.66456590901274,-73.91919349614328,POINT (-73.919193496143 40.664565909013)
70093676,2026-08-17T12:22:27.000,UNSANITARY CONDITION,PESTS,Open,HPD,Department of Housing Preservation and Development,11212.0,BROOKLYN,BROOKLYN,HOWARD AVENUE,40.66456590901274,-73.91919349614328,POINT (-73.919193496143 40.664565909013)
70096816,2026-08-17T12:22:21.000,Damaged Tree,Branch Cracked and Will Fall,In Progress,DPR,Department of Parks and Recreation,11361.0,BAYSIDE,QUEENS,CORBETT ROAD,40.76999856224972,-73.76677804950066,POINT (-73.766778049501 40.76999856225)
70102017,2026-08-17T12:22:15.000,WATER LEAK,HEAVY FLOW,Open,HPD,Department of Housing Preservation and Development,11224.0,BROOKLYN,BROOKLYN,WEST   36 STREET,40.575877122865606,-74.00195826399771,POINT (-74.001958263998 40.575877122866)
70099548,2026-08-17T12:22:11.000,Damaged Tree,Tree Trunk Split,In Progress,DPR,Department of Parks and Recreation,11377.0,WOODSIDE,QUEENS,45 STREET,40.736117799088575,-73.92106608835869,POINT (-73.921066088359 40.736117799089)
70102016,2026-08-17T12:22:06.000,WATER LEAK,HEAVY FLOW,Open,HPD,Department of Housing Preservation and Development,11206.0,BROOKLYN,BROOKLYN,HART STREET,40.694069023323344,-73.9410217197937,POINT (-73.941021719794 40.694069023323)
70098946,2026-08-17T12:21:24.000,Street Condition,Cave-in,In Progress,DOT,Department of Transportation,10001.0,NEW YORK,MANHATTAN,WEST 30 STREET,40.7476669251882,-73.99052628979736,POINT (-73.990526289797 40.747666925188)
70094809,2026-08-17T12:21:06.000,Street Condition,Line/Marking - Faded,In Progress,DOT,Department of Transportation,11213.0,BROOKLYN,BROOKLYN,UTICA AVENUE,40.677201902894296,-73.93031471168747,POINT (-73.930314711687 40.677201902894)
70096232,2026-08-17T12:20:23.000,Street Condition,Failed Street Repair,In Progress,DOT,Department of Transportation,11228.0,BROOKLYN,BROOKLYN,15 AVENUE,40.61085641592727,-74.0100953862116,POINT (-74.010095386212 40.610856415927)
70100946,2026-08-17T12:20:20.000,Damaged Tree,Branch or Limb Has Fallen Down,In Progress,DPR,Department of Parks and Recreation,11208.0,BROOKLYN,BROOKLYN,HALE AVENUE,40.68237325468974,-73.88047768003283,POINT (-73.880477680033 40.68237325469)
70100151,2026-08-17T12:19:37.000,Sewer Maintenance,Backup,Closed,DEP,Department of Environmental Protection,10465.0,BRONX,BRONX,LOGAN AVENUE,40.827396409060334,-73.82039435633497,POINT (-73.820394356335 40.82739640906)
70098958,2026-08-17T12:19:08.000,Street Condition,Blocked - Construction,In Progress,DOT,Department of Transportation,11373.0,ELMHURST,QUEENS,47 AVENUE,40.7400462505274,-73.88588819689103,POINT (-73.885888196891 40.740046250527)
70099144,2026-08-17T12:19:00.000,Street Light Condition,Lamppost Base Door/Cover Missing,Assigned,DOT,Department of Transportation,11375.0,QUEENS,QUEENS,LONG ISL EXPY,40.73768294057921,-73.8520481629813,POINT (-73.852048162981 40.737682940579)
70099852,2026-08-17T12:18:22.000,Dirty Condition,Trash,In Progress,DSNY,Department of Sanitation,10466.0,BRONX,BRONX,BARNES AVENUE,40.88885697407048,-73.85648575949051,POINT (-73.856485759491 40.88885697407)
70099976,2026-08-17T12:18:00.000,Traffic Signal Condition,Veh Signal Lamp,Open,DOT,Department of Transportation,10036.0,MANHATTAN,MANHATTAN,,40.76212660568181,-73.99738649324702,POINT (-73.997386493247 40.762126605682)
70097126,2026-08-17T12:16:55.000,Dirty Condition,Trash,In Progress,DSNY,Department of Sanitation,10035.0,NEW YORK,MANHATTAN,THIRD AVENUE,40.79998758630794,-73.93852598296485,POINT (-73.938525982965 40.799987586308)
70102035,2026-08-17T12:16:09.000,UNSANITARY CONDITION,PESTS,Open,HPD,Department of Housing Preservation and Development,11226.0,BROOKLYN,BROOKLYN,EAST   21 STREET,40.64127254993023,-73.95829565997418,POINT (-73.958295659974 40.64127254993)
70095099,2026-08-17T12:16:09.000,UNSANITARY CONDITION,PESTS,Open,HPD,Department of Housing Preservation and Development,11226.0,BROOKLYN,BROOKLYN,EAST   21 STREET,40.64127254993023,-73.95829565997418,POINT (-73.958295659974 40.64127254993)
70097887,2026-08-17T12:16:09.000,UNSANITARY CONDITION,PESTS,Open,HPD,Department of Housing Preservation and Development,11226.0,BROOKLYN,BROOKLYN,EAST   21 STREET,40.64127254993023,-73.95829565997418,POINT (-73.958295659974 40.64127254993)
70091626,2026-08-17T12:16:00.000,Traffic Signal Condition,Post,Closed,DOT,Department of Transportation,10036.0,MANHATTAN,MANHATTAN,,40.76311474214564,-73.99964984265736,POINT (-73.999649842657 40.763114742146)
70092276,2026-08-17T12:16:00.000,UNSANITARY CONDITION,PESTS,Open,HPD,Department of Housing Preservation and Development,10011.0,NEW YORK,MANHATTAN,WEST   21 STREET,40.74423088871256,-73.99997112922946,POINT (-73.999971129229 40.744230888713)
70099280,2026-08-17T12:15:57.000,UNSANITARY CONDITION,GARBAGE/RECYCLING STORAGE,Open,HPD,Department of Housing Preservation and Development,10457.0,BRONX,BRONX,RYER AVENUE,40.851680378265726,-73.90124341327365,POINT (-73.901243413274 40.851680378266)
70097908,2026-08-17T12:15:57.000,UNSANITARY CONDITION,GARBAGE/RECYCLING STORAGE,Open,HPD,Department of Housing Preservation and Development,10457.0,BRONX,BRONX,RYER AVENUE,40.851680378265726,-73.90124341327365,POINT (-73.901243413274 40.851680378266)
70092560,2026-08-17T12:15:52.000,Damaged Tree,Branch Cracked and Will Fall,In Progress,DPR,Department of Parks and Recreation,11207.0,BROOKLYN,BROOKLYN,NEW JERSEY AVENUE,40.660993976169344,-73.89134704687582,POINT (-73.891347046876 40.660993976169)
70101949,2026-08-17T12:15:00.000,Street Light Condition,Street Light Out,Open,DOT,Department of Transportation,10305.0,STATEN ISLAND,STATEN ISLAND,LACONIA AVENUE,,,
70101392,2026-08-17T12:15:00.000,Traffic Signal Condition,Controller,Closed,DOT,Department of Transportation,10475.0,BRONX,BRONX,,40.87846546757464,-73.82827338291027,POINT (-73.82827338291 40.878465467575)
70098482,2026-08-17T12:14:45.000,Dirty Condition,Trash,In Progress,DSNY,Department of Sanitation,11216.0,BROOKLYN,BROOKLYN,DECATUR STREET,40.68035980262229,-73.94282932875696,POINT (-73.942829328757 40.680359802622)
70097375,2026-08-17T12:13:57.000,Sewer Maintenance,Backup,In Progress,DEP,Department of Environmental Protection,11377.0,WOODSIDE,QUEENS,45 STREET,40.736117799088575,-73.92106608835869,POINT (-73.921066088359 40.736117799089)
70099884,2026-08-17T12:13:39.000,Illegal Dumping,Removal Request,In Progress,DSNY,Department of Sanitation,11372.0,JACKSON HEIGHTS,QUEENS,ROOSEVELT AVENUE,40.74686669964545,-73.89129361140361,POINT (-73.891293611404 40.746866699645)
70097342,2026-08-17T12:13:20.000,Water Maintenance,Dirty Water,In Progress,DEP,Department of Environmental Protection,11205.0,BROOKLYN,BROOKLYN,CARLTON AVENUE,40.69458056022187,-73.97318820841443,POINT (-73.973188208414 40.694580560222)
70096552,2026-08-17T12:13:04.000,UNSANITARY CONDITION,PESTS,Open,HPD,Department of Housing Preservation and Development,11230.0,BROOKLYN,BROOKLYN,EAST   19 STREET,40.6180673062459,-73.95615974886931,POINT (-73.956159748869 40.618067306246)
70098481,2026-08-17T12:12:59.000,Dirty Condition,Trash,In Progress,DSNY,Department of Sanitation,11375.0,FOREST HILLS,QUEENS,QUEENS BOULEVARD,40.7217138004907,-73.84567645896585,POINT (-73.845676458966 40.721713800491)
70092162,2026-08-17T12:12:44.000,Sidewalk Condition,Broken Sidewalk,In Progress,DOT,Department of Transportation,11217.0,BROOKLYN,BROOKLYN,DEGRAW STREET,40.681666348894346,-73.98988307778808,POINT (-73.989883077788 40.681666348894)
70093726,2026-08-17T12:12:42.000,UNSANITARY CONDITION,MOLD,Open,HPD,Department of Housing Preservation and Development,10468.0,BRONX,BRONX,VILLA AVENUE,40.8765094746239,-73.88689067758985,POINT (-73.88689067759 40.876509474624)
70102065,2026-08-17T12:12:24.000,UNSANITARY CONDITION,PESTS,Open,HPD,Department of Housing Preservation and Development,11419.0,SOUTH RICHMOND HILL,QUEENS,114 STREET,40.688447096827055,-73.83001759539819,POINT (-73.830017595398 40.688447096827)
70097914,2026-08-17T12:12:19.000,UNSANITARY CONDITION,GARBAGE/RECYCLING STORAGE,Open,HPD,Department of Housing Preservation and Development,11432.0,JAMAICA,QUEENS,164 STREET,40.70705792849398,-73.79692785827618,POINT (-73.796927858276 40.707057928494)
70091991,2026-08-17T12:12:11.000,Street Condition,Cave-in,In Progress,DOT,Department of Transportation,11221.0,BROOKLYN,BROOKLYN,QUINCY STREET,40.68910156843283,-73.93211241902313,POINT (-73.932112419023 40.689101568433)
70093006,2026-08-17T12:12:00.000,Traffic Signal Condition,Controller,Closed,DOT,Department of Transportation,11377.0,QUEENS,QUEENS,,40.745829784990335,-73.9010971720631,POINT (-73.901097172063 40.74582978499)
70091595,2026-08-17T12:11:34.000,Street Condition,Pothole,Closed,DOT,Department of Transportation,11358.0,QUEENS,QUEENS,,40.76766622966839,-73.79921238054796,POINT (-73.799212380548 40.767666229668)
70099525,2026-08-17T12:11:29.000,Damaged Tree,Tree Leaning/Uprooted,In Progress,DPR,Department of Parks and Recreation,11208.0,BROOKLYN,BROOKLYN,BERRIMAN STREET,40.67131317252788,-73.87916008057611,POINT (-73.879160080576 40.671313172528)
70098532,2026-08-17T12:11:27.000,Street Condition,Pothole,Open,DOT,Department of Transportation,11236.0,BROOKLYN,BROOKLYN,HOLMES LANE,,,
70093588,2026-08-17T12:10:53.000,Sidewalk Condition,Broken Sidewalk,In Progress,DOT,Department of Transportation,10309.0,STATEN ISLAND,STATEN ISLAND,HOLTEN AVENUE,40.517622958437904,-74.19344759321069,POINT (-74.193447593211 40.517622958438)
70094342,2026-08-17T12:10:12.000,Illegal Dumping,Removal Request,In Progress,DSNY,Department of Sanitation,11101.0,LONG ISLAND CITY,QUEENS,50 AVENUE,40.7425855886476,-73.95339650735528,POINT (-73.953396507355 40.742585588648)
70099885,2026-08-17T12:10:01.000,Illegal Dumping,Removal Request,In Progress,DSNY,Department of Sanitation,10301.0,STATEN ISLAND,STATEN ISLAND,YORK AVENUE,40.64492418664344,-74.08835001757039,POINT (-74.08835001757 40.644924186643)
70094976,2026-08-17T12:09:36.000,Sidewalk Condition,Sidewalk Violation,In Progress,DOT,Department of Transportation,11236.0,BROOKLYN,BROOKLYN,EAST 103 STREET,40.642161933107886,-73.89126600879058,POINT (-73.891266008791 40.642161933108)
70098960,2026-08-17T12:09:31.000,Sidewalk Condition,Dumpster - Construction Waste,In Progress,DOT,Department of Transportation,11413.0,SPRINGFIELD GARDENS,QUEENS,229 STREET,40.68082705344405,-73.73888463316058,POINT (-73.738884633161 40.680827053444)
70099853,2026-08-17T12:08:49.000,Dirty Condition,Trash,In Progress,DSNY,Department of Sanitation,11225.0,BROOKLYN,BROOKLYN,STERLING STREET,40.66303095959511,-73.95255097509772,POINT (-73.952550975098 40.663030959595)
70091586,2026-08-17T12:08:45.000,Street Condition,Pothole,Closed,DOT,Department of Transportation,11204.0,BROOKLYN,BROOKLYN,17 AVENUE,,,
70098531,2026-08-17T12:08:16.000,Street Condition,Pothole,Open,DOT,Department of Transportation,11204.0,BROOKLYN,BROOKLYN,17 AVENUE,,,
70100549,2026-08-17T12:08:00.000,Street Light Condition,Street Light Out,Open,DOT,Department of Transportation,10312.0,STATEN ISLAND,STATEN ISLAND,ANNADALE ROAD,40.55009100630276,-74.1748876481748,POINT (-74.174887648175 40.550091006303)
70094986,2026-08-17T12:08:00.000,Street Light Condition,Street Light Out,Assigned,DOT,Department of Transportation,11231.0,BROOKLYN,BROOKLYN,,40.67437624058299,-74.00998963903054,POINT (-74.009989639031 40.674376240583)
70102698,2026-08-17T12:07:14.000,Illegal Dumping,Removal Request,In Progress,DSNY,Department of Sanitation,10022.0,NEW YORK,MANHATTAN,EAST 60 STREET,40.76256381848163,-73.96702050415519,POINT (-73.967020504155 40.762563818482)
70092167,2026-08-17T12:07:00.000,Street Light Condition,Street Light Out,Open,DOT,Department of Transportation,10467.0,BRONX,BRONX,,40.88183150410202,-73.87626049520404,POINT (-73.876260495204 40.881831504102)
70102063,2026-08-17T12:06:30.000,UNSANITARY CONDITION,PESTS,Open,HPD,Department of Housing Preservation and Development,10467.0,BRONX,BRONX,DECATUR AVENUE,40.87283464140425,-73.87648695594841,POINT (-73.876486955948 40.872834641404)
70095065,2026-08-17T12:06:30.000,UNSANITARY CONDITION,PESTS,Open,HPD,Department of Housing Preservation and Development,10467.0,BRONX,BRONX,DECATUR AVENUE,40.87283464140425,-73.87648695594841,POINT (-73.876486955948 40.872834641404)
70097184,2026-08-17T12:06:30.000,Street Condition,Pothole,Open,DOT,Department of Transportation,11220.0,BROOKLYN,BROOKLYN,45 STREET,,,
70095104,2026-08-17T12:06:13.000,UNSANITARY CONDITION,MOLD,Open,HPD,Department of Housing Preservation and Development,11693.0,FAR ROCKAWAY,QUEENS,BEACH   91 STREET,40.58538221976772,-73.81363947994645,POINT (-73.813639479946 40.585382219768)
70092239,2026-08-17T12:06:01.000,WATER LEAK,HEAVY FLOW,Open,HPD,Department of Housing Preservation and Development,10466.0,BRONX,BRONX,EAST  226 STREET,40.88733624498042,-73.85634799428975,POINT (-73.85634799429 40.88733624498)
70096417,2026-08-17T12:05:30.000,Sidewalk Condition,Sidewalk Violation,In Progress,DOT,Department of Transportation,11220.0,BROOKLYN,BROOKLYN,52 STREET,40.647311896402016,-74.01697297522716,POINT (-74.016972975227 40.647311896402)
70091617,2026-08-17T12:05:00.000,Traffic Signal Condition,Veh Signal Visor,Assigned,DOT,Department of Transportation,11201.0,BROOKLYN,BROOKLYN,,40.69035902635859,-73.98973752163188,POINT (-73.989737521632 40.690359026359)
70101536,2026-08-17T12:03:41.000,Water Maintenance,Leak,In Progress,DEP,Department of Environmental Protection,11212.0,BROOKLYN,BROOKLYN,RALPH AVENUE,40.66672842465211,-73.92264774001238,POINT (-73.922647740012 40.666728424652)
70100642,2026-08-17T12:03:11.000,UNSANITARY CONDITION,PESTS,Open,HPD,Department of Housing Preservation and Development,11432.0,JAMAICA,QUEENS,MERRICK BOULEVARD,40.708540773985526,-73.79575469756259,POINT (-73.795754697563 40.708540773986)
70092271,2026-08-17T12:03:04.000,UNSANITARY CONDITION,PESTS,Open,HPD,Department of Housing Preservation and Development,10459.0,BRONX,BRONX,DAWSON STREET,40.820186729461575,-73.89716775456557,POINT (-73.897167754566 40.820186729462)
70096567,2026-08-17T12:03:04.000,UNSANITARY CONDITION,MOLD,Open,HPD,Department of Housing Preservation and Development,10459.0,BRONX,BRONX,DAWSON STREET,40.820186729461575,-73.89716775456557,POINT (-73.897167754566 40.820186729462)
70097209,2026-08-17T12:02:00.000,Traffic Signal Condition,Controller,Closed,DOT,Department of Transportation,11204.0,BROOKLYN,BROOKLYN,,40.608169008031545,-73.98734075842589,POINT (-73.987340758426 40.608169008032)
70100942,2026-08-17T12:01:46.000,Damaged Tree,Branch or Limb Has Fallen Down,In Progress,DPR,Department of Parks and Recreation,11220.0,BROOKLYN,BROOKLYN,53 STREET,40.64175732736204,-74.00931814437217,POINT (-74.009318144372 40.641757327362)
70094374,2026-08-17T12:01:43.000,Dirty Condition,Trash,In Progress,DSNY,Department of Sanitation,10009.0,NEW YORK,MANHATTAN,FIRST AVENUE,40.73360434599209,-73.98075709171965,POINT (-73.98075709172 40.733604345992)
70102706,2026-08-17T12:01:26.000,Illegal Dumping,Removal Request,In Progress,DSNY,Department of Sanitation,10019.0,NEW YORK,MANHATTAN,10 AVENUE,40.76440174752678,-73.99197871493637,POINT (-73.991978714936 40.764401747527)
70092174,2026-08-17T12:01:00.000,Street Light Condition,Street Light Out,Open,DOT,Department of Transportation,10011.0,NEW YORK,MANHATTAN,WEST   22 STREET,40.74257565205973,-73.9940780303179,POINT (-73.994078030318 40.74257565206)
70100641,2026-08-17T12:00:48.000,UNSANITARY CONDITION,PESTS,Open,HPD,Department of Housing Preservation and Development,10019.0,NEW YORK,MANHATTAN,WEST   51 STREET,40.76594160283005,-73.99281605475673,POINT (-73.992816054757 40.76594160283)
70095064,2026-08-17T12:00:42.000,UNSANITARY CONDITION,PESTS,Open,HPD,Department of Housing Preservation and Development,11213.0,BROOKLYN,BROOKLYN,ST JOHN PLACE,40.670351370538974,-73.92659084927746,POINT (-73.926590849277 40.670351370539)
70096548,2026-08-17T12:00:42.000,UNSANITARY CONDITION,PESTS,Open,HPD,Department of Housing Preservation and Development,11213.0,BROOKLYN,BROOKLYN,ST JOHN PLACE,40.670351370538974,-73.92659084927746,POINT (-73.926590849277 40.670351370539)
70093157,2026-08-17T12:00:36.000,Water Maintenance,Water in Basement,In Progress,DEP,Department of Environmental Protection,11238.0,BROOKLYN,BROOKLYN,CLIFTON PLACE,40.68776524789161,-73.9630947353602,POINT (-73.96309473536 40.687765247892)
70099880,2026-08-17T12:00:34.000,Illegal Dumping,Removal Request,In Progress,DSNY,Department of Sanitation,10453.0,BRONX,BRONX,EAST 179 STREET,40.85249849343408,-73.90812101587785,POINT (-73.908121015878 40.852498493434)
70100134,2026-08-17T12:00:21.000,Sewer Maintenance,Catch Basin Clogged,In Progress,DEP,Department of Environmental Protection,10466.0,BRONX,BRONX,EDSON AVENUE,40.89072885197047,-73.84380120093942,POINT (-73.843801200939 40.89072885197)
70095063,2026-08-17T12:00:07.000,UNSANITARY CONDITION,PESTS,Open,HPD,Department of Housing Preservation and Development,11419.0,SOUTH RICHMOND HILL,QUEENS,121 STREET,40.688054501711086,-73.82268076673932,POINT (-73.822680766739 40.688054501711)
70095989,2026-08-17T11:59:34.000,Sewer Maintenance,Backup,In Progress,DEP,Department of Environmental Protection,11233.0,BROOKLYN,BROOKLYN,MACON STREET,40.6838631096049,-73.9253644998003,POINT (-73.9253644998 40.683863109605)
70094414,2026-08-17T11:59:30.000,Street Condition,Pothole,Closed,DOT,Department of Transportation,11385.0,QUEENS,QUEENS,,40.70255798092736,-73.91032572080242,POINT (-73.910325720802 40.702557980927)
70102705,2026-08-17T11:59:19.000,Illegal Dumping,Removal Request,In Progress,DSNY,Department of Sanitation,11101.0,LONG ISLAND CITY,QUEENS,40 AVENUE,40.75559322630302,-73.94192014431744,POINT (-73.941920144317 40.755593226303)
70102354,2026-08-17T11:58:45.000,Damaged Tree,Branch or Limb Has Fallen Down,In Progress,DPR,Department of Parks and Recreation,11233.0,BROOKLYN,BROOKLYN,BAINBRIDGE STREET,40.68050107946794,-73.93492977977338,POINT (-73.934929779773 40.680501079468)
70102720,2026-08-17T11:58:44.000,Dirty Condition,Trash,In Progress,DSNY,Department of Sanitation,11211.0,BROOKLYN,BROOKLYN,HUMBOLDT STREET,40.71806487593645,-73.94324791492073,POINT (-73.943247914921 40.718064875936)
70097581,2026-08-17T11:58:14.000,Street Condition,Plate Condition - Shifted,In Progress,DOT,Department of Transportation,11412.0,SAINT ALBANS,QUEENS,205 STREET,40.69697094948644,-73.74833122826924,POINT (-73.748331228269 40.696970949486)
70094995,2026-08-17T11:58:00.000,Street Light Condition,Street Light Out,Open,DOT,Department of Transportation,10307.0,STATEN ISLAND,STATEN ISLAND,BRIGHTON STREET,40.505866728761255,-74.24393726845247,POINT (-74.243937268452 40.505866728761)
70096525,2026-08-17T11:56:56.000,UNSANITARY CONDITION,PESTS,Open,HPD,Department of Housing Preservation and Development,10035.0,NEW YORK,MANHATTAN,EAST  120 STREET,40.79851077713076,-73.93332636925645,POINT (-73.933326369256 40.798510777131)
70096498,2026-08-17T11:56:55.000,WATER LEAK,SLOW LEAK,Open,HPD,Department of Housing Preservation and Development,11102.0,ASTORIA,QUEENS,24 AVENUE,40.77729817187707,-73.92246153015647,POINT (-73.922461530156 40.777298171877)
70095977,2026-08-17T11:56:50.000,Sewer Maintenance,Odor,In Progress,DEP,Department of Environmental Protection,11214.0,BROOKLYN,BROOKLYN,16 AVENUE,40.61612411389903,-74.00100853770972,POINT (-74.00100853771 40.616124113899)
70101304,2026-08-17T11:56:43.000,Illegal Dumping,Removal Request,In Progress,DSNY,Department of Sanitation,11106.0,ASTORIA,QUEENS,31 STREET,40.755770754300656,-73.93042381967804,POINT (-73.930423819678 40.755770754301)
70095048,2026-08-17T11:56:34.000,WATER LEAK,HEAVY FLOW,Open,HPD,Department of Housing Preservation and Development,10456.0,BRONX,BRONX,SHERIDAN AVENUE,40.82903161649133,-73.91967670436824,POINT (-73.919676704368 40.829031616491)
70091783,2026-08-17T11:56:16.000,Sewer Maintenance,Manhole Overflow,Closed,DEP,Department of Environmental Protection,11229.0,,BROOKLYN,EAST 15 STREET,40.60874677483663,-73.95827996342706,POINT (-73.958279963427 40.608746774837)
70100147,2026-08-17T11:55:56.000,Sewer Maintenance,Backup,In Progress,DEP,Department of Environmental Protection,10314.0,STATEN ISLAND,STATEN ISLAND,CROWELL AVENUE,40.61549949523538,-74.12947706791729,POINT (-74.129477067917 40.615499495235)
70100138,2026-08-17T11:55:36.000,Sewer Maintenance,Catch Basin Clogged,In Progress,DEP,Department of Environmental Protection,11415.0,KEW GARDENS,QUEENS,LEFFERTS BOULEVARD,40.70379959426611,-73.83256082054626,POINT (-73.832560820546 40.703799594266)
70091594,2026-08-17T11:55:20.000,Street Condition,Pothole,Closed,DOT,Department of Transportation,11364.0,QUEENS,QUEENS,SPRINGFIELD BOULEVARD,,,
70092908,2026-08-17T11:55:13.000,Illegal Dumping,Removal Request,In Progress,DSNY,Department of Sanitation,11208.0,BROOKLYN,BROOKLYN,JAMAICA AVENUE,40.68833038268902,-73.87620131176423,POINT (-73.876201311764 40.688330382689)
70097784,2026-08-17T11:55:00.000,Street Light Condition,Street Light Cycling,Open,DOT,Department of Transportation,10473.0,BRONX,BRONX,LAFAYETTE AVENUE,40.82346390156181,-73.84755417858717,POINT (-73.847554178587 40.823463901562)
70099888,2026-08-17T11:54:53.000,Illegal Dumping,Removal Request,In Progress,DSNY,Department of Sanitation,11215.0,BROOKLYN,BROOKLYN,16 STREET,40.66430002025376,-73.98846192560207,POINT (-73.988461925602 40.664300020254)
70092983,2026-08-17T11:54:45.000,Street Condition,Pothole,Closed,DOT,Department of Transportation,11691.0,QUEENS,QUEENS,BEACH    9 STREET,,,
70099900,2026-08-17T11:54:33.000,Dirty Condition,Trash,In Progress,DSNY,Department of Sanitation,11432.0,JAMAICA,QUEENS,CHEVY CHASE STREET,40.71811904287483,-73.77604313493596,POINT (-73.776043134936 40.718119042875)
70096547,2026-08-17T11:54:01.000,UNSANITARY CONDITION,PESTS,Open,HPD,Department of Housing Preservation and Development,11230.0,BROOKLYN,BROOKLYN,OCEAN AVENUE,40.63165178767067,-73.95752347616798,POINT (-73.957523476168 40.631651787671)
70100671,2026-08-17T11:53:57.000,UNSANITARY CONDITION,MOLD,Open,HPD,Department of Housing Preservation and Development,10027.0,NEW YORK,MANHATTAN,WEST  119 STREET,40.80834602935529,-73.95868586402999,POINT (-73.95868586403 40.808346029355)
70097892,2026-08-17T11:53:55.000,UNSANITARY CONDITION,MOLD,Open,HPD,Department of Housing Preservation and Development,10028.0,NEW YORK,MANHATTAN,2 AVENUE,40.77797285690986,-73.951660280822,POINT (-73.951660280822 40.77797285691)
70097584,2026-08-17T11:53:52.000,Street Condition,Dumpster - Construction Waste,In Progress,DOT,Department of Transportation,11004.0,,QUEENS,UNION TURNPIKE,40.74446457697334,-73.71679068957891,POINT (-73.716790689579 40.744464576973)
70096505,2026-08-17T11:53:47.000,WATER LEAK,HEAVY FLOW,Open,HPD,Department of Housing Preservation and Development,11231.0,BROOKLYN,BROOKLYN,COLUMBIA STREET,40.68678028872433,-74.00184253161801,POINT (-74.001842531618 40.686780288724)
70102101,2026-08-17T11:53:45.000,UNSANITARY CONDITION,MOLD,Open,HPD,Department of Housing Preservation and Development,11372.0,JACKSON HEIGHTS,QUEENS,90 STREET,40.75314914282989,-73.8773405072831,POINT (-73.877340507283 40.75314914283)
70099212,2026-08-17T11:53:45.000,WATER LEAK,HEAVY FLOW,Open,HPD,Department of Housing Preservation and Development,11372.0,JACKSON HEIGHTS,QUEENS,90 STREET,40.75314914282989,-73.8773405072831,POINT (-73.877340507283 40.75314914283)
70096586,2026-08-17T11:53:39.000,UNSANITARY CONDITION,GARBAGE/RECYCLING STORAGE,Open,HPD,Department of Housing Preservation and Development,10459.0,BRONX,BRONX,DAWSON STREET,40.820186729461575,-73.89716775456557,POINT (-73.897167754566 40.820186729462)
70101389,2026-08-17T11:53:00.000,Traffic Signal Condition,Controller,Closed,DOT,Department of Transportation,10314.0,STATEN ISLAND,STATEN ISLAND,,40.59070847642687,-74.16578740066916,POINT (-74.165787400669 40.590708476427)
70092173,2026-08-17T11:53:00.000,Street Light Condition,Street Light Out,Open,DOT,Department of Transportation,10010.0,NEW YORK,MANHATTAN,WEST   22 STREET,40.74141170539959,-73.99135357008544,POINT (-73.991353570085 40.7414117054)
70093423,2026-08-17T11:52:51.000,Street Condition,Defective Hardware,In Progress,DOT,Department of Transportation,11412.0,SAINT ALBANS,QUEENS,205 STREET,40.69697094948644,-73.74833122826924,POINT (-73.748331228269 40.696970949486)
70097122,2026-08-17T11:52:10.000,Illegal Dumping,Removal Request,In Progress,DSNY,Department of Sanitation,10301.0,STATEN ISLAND,STATEN ISLAND,YORK AVENUE,40.64492418664344,-74.08835001757039,POINT (-74.08835001757 40.644924186643)
70091585,2026-08-17T11:52:08.000,Street Condition,Pothole,Closed,DOT,Department of Transportation,11210.0,BROOKLYN,BROOKLYN,,40.63746052777651,-73.9462421614264,POINT (-73.946242161426 40.637460527777)
70094427,2026-08-17T11:52:00.000,Traffic Signal Condition,Controller,Closed,DOT,Department of Transportation,10037.0,MANHATTAN,MANHATTAN,,40.80885456449072,-73.93626007376687,POINT (-73.936260073767 40.808854564491)
70094431,2026-08-17T11:52:00.000,Traffic Signal Condition,Base Door,Open,DOT,Department of Transportation,10028.0,MANHATTAN,MANHATTAN,,40.778311838558686,-73.96276652887127,POINT (-73.962766528871 40.778311838559)
70100969,2026-08-17T11:51:41.000,Damaged Tree,Entire Tree Has Fallen Down,In Progress,DPR,Department of Parks and Recreation,11378.0,MASPETH,QUEENS,55 STREET,40.71497830558677,-73.91066612970188,POINT (-73.910666129702 40.714978305587)
70094554,2026-08-17T11:51:31.000,Sewer Maintenance,Catch Basin Search,In Progress,DEP,Department of Environmental Protection,11412.0,,QUEENS,104 AVENUE,40.71031677324582,-73.75246138198798,POINT (-73.752461381988 40.710316773246)
70098724,2026-08-17T11:51:05.000,Sewer Maintenance,Backup,In Progress,DEP,Department of Environmental Protection,11212.0,BROOKLYN,BROOKLYN,TAPSCOTT STREET,40.66301823058438,-73.91973243466184,POINT (-73.919732434662 40.663018230584)
70102711,2026-08-17T11:50:47.000,Dirty Condition,Trash,In Progress,DSNY,Department of Sanitation,11236.0,BROOKLYN,BROOKLYN,REMSEN AVENUE,40.64949221883372,-73.9162675106886,POINT (-73.916267510689 40.649492218834)
70100687,2026-08-17T11:50:23.000,UNSANITARY CONDITION,MOLD,Open,HPD,Department of Housing Preservation and Development,11225.0,BROOKLYN,BROOKLYN,CARROLL STREET,40.66770996768325,-73.95742120985392,POINT (-73.957421209854 40.667709967683)
70098503,2026-08-17T11:49:50.000,Dirty Condition,Trash,In Progress,DSNY,Department of Sanitation,10023.0,NEW YORK,MANHATTAN,WEST 72 STREET,40.77941456989943,-73.98352052246685,POINT (-73.983520522467 40.779414569899)
70095750,2026-08-17T11:49:43.000,Dirty Condition,Trash,In Progress,DSNY,Department of Sanitation,11223.0,BROOKLYN,BROOKLYN,86 STREET,40.59133067755933,-73.97631896500711,POINT (-73.976318965007 40.591330677559)
70098530,2026-08-17T11:49:36.000,Street Condition,Pothole,Open,DOT,Department of Transportation,11210.0,BROOKLYN,BROOKLYN,,40.63746052777651,-73.9462421614264,POINT (-73.946242161426 40.637460527777)
70097916,2026-08-17T11:48:12.000,UNSANITARY CONDITION,GARBAGE/RECYCLING STORAGE,Open,HPD,Department of Housing Preservation and Development,10452.0,BRONX,BRONX,WALTON AVENUE,40.83587908905498,-73.91883725890963,POINT (-73.91883725891 40.835879089055)
70093139,2026-08-17T11:48:06.000,Water Maintenance,No Water,In Progress,DEP,Department of Environmental Protection,10014.0,NEW YORK,MANHATTAN,PERRY STREET,40.73589781991765,-74.00084436442722,POINT (-74.000844364427 40.735897819918)
70102099,2026-08-17T11:47:56.000,UNSANITARY CONDITION,MOLD,Open,HPD,Department of Housing Preservation and Development,10034.0,NEW YORK,MANHATTAN,BROADWAY,40.86873501174088,-73.91752446408785,POINT (-73.917524464088 40.868735011741)
70092288,2026-08-17T11:47:54.000,UNSANITARY CONDITION,PESTS,Open,HPD,Department of Housing Preservation and Development,10475.0,BRONX,BRONX,BENCHLEY PLACE,40.8745561492327,-73.82586080856794,POINT (-73.825860808568 40.874556149233)
70100658,2026-08-17T11:47:54.000,UNSANITARY CONDITION,PESTS,Open,HPD,Department of Housing Preservation and Development,10475.0,BRONX,BRONX,BENCHLEY PLACE,40.8745561492327,-73.82586080856794,POINT (-73.825860808568 40.874556149233)
70098487,2026-08-17T11:47:39.000,Dirty Condition,Trash,In Progress,DSNY,Department of Sanitation,11421.0,WOODHAVEN,QUEENS,78 STREET,40.68830174321084,-73.86303650409631,POINT (-73.863036504096 40.688301743211)
70101574,2026-08-17T11:47:38.000,Sewer Maintenance,Catch Basin Clogged,In Progress,DEP,Department of Environmental Protection,11358.0,FLUSHING,QUEENS,OAK AVENUE,40.749818812381,-73.80338061400977,POINT (-73.80338061401 40.749818812381)
70102055,2026-08-17T11:47:34.000,UNSANITARY CONDITION,PESTS,Open,HPD,Department of Housing Preservation and Development,10468.0,BRONX,BRONX,WALTON AVENUE,40.85915786684205,-73.90232045042438,POINT (-73.902320450424 40.859157866842)
70097915,2026-08-17T11:47:34.000,UNSANITARY CONDITION,GARBAGE/RECYCLING STORAGE,Open,HPD,Department of Housing Preservation and Development,10468.0,BRONX,BRONX,WALTON AVENUE,40.85915786684205,-73.90232045042438,POINT (-73.902320450424 40.859157866842)
70096577,2026-08-17T11:47:24.000,UNSANITARY CONDITION,MOLD,Open,HPD,Department of Housing Preservation and Development,10458.0,BRONX,BRONX,DECATUR AVENUE,40.868286046782536,-73.88380611160974,POINT (-73.88380611161 40.868286046783)
70100635,2026-08-17T11:47:23.000,UNSANITARY CONDITION,PESTS,Open,HPD,Department of Housing Preservation and Development,10302.0,STATEN ISLAND,STATEN ISLAND,RICHMOND TERRACE,40.64036799541618,-74.13129811278894,POINT (-74.131298112789 40.640367995416)
70098148,2026-08-17T11:47:07.000,Damaged Tree,Branch Cracked and Will Fall,In Progress,DPR,Department of Parks and Recreation,11210.0,BROOKLYN,BROOKLYN,BROOKLYN AVENUE,40.63329182066364,-73.94188607374811,POINT (-73.941886073748 40.633291820664)
70097193,2026-08-17T11:46:32.000,Street Condition,Pothole,Closed,DOT,Department of Transportation,11373.0,QUEENS,QUEENS,KNEELAND AVENUE,,,
70099240,2026-08-17T11:44:55.000,UNSANITARY CONDITION,PESTS,Open,HPD,Department of Housing Preservation and Development,10035.0,NEW YORK,MANHATTAN,LEXINGTON AVENUE,40.80005453928576,-73.94058468907889,POINT (-73.940584689079 40.800054539286)
70102044,2026-08-17T11:44:51.000,UNSANITARY CONDITION,PESTS,Open,HPD,Department of Housing Preservation and Development,10463.0,BRONX,BRONX,NETHERLAND AVENUE,40.87874357609838,-73.91567866115459,POINT (-73.915678661155 40.878743576098)
70095375,2026-08-17T11:44:46.000,Damaged Tree,Entire Tree Has Fallen Down,In Progress,DPR,Department of Parks and Recreation,11373.0,ELMHURST,QUEENS,HILLYER STREET,40.7363845501369,-73.8856887877072,POINT (-73.885688787707 40.736384550137)
70097902,2026-08-17T11:44:28.000,UNSANITARY CONDITION,MOLD,Open,HPD,Department of Housing Preservation and Development,11377.0,WOODSIDE,QUEENS,65 STREET,40.74917261701048,-73.89764189393175,POINT (-73.897641893932 40.74917261701)
70102106,2026-08-17T11:44:18.000,UNSANITARY CONDITION,GARBAGE/RECYCLING STORAGE,Open,HPD,Department of Housing Preservation and Development,10472.0,BRONX,BRONX,BOYNTON AVENUE,40.827889006701085,-73.87806632951086,POINT (-73.878066329511 40.827889006701)
70095753,2026-08-17T11:44:03.000,Dirty Condition,Trash,In Progress,DSNY,Department of Sanitation,10455.0,,BRONX,SOUTHERN BOULEVARD,40.81212603460825,-73.90418129247784,POINT (-73.904181292478 40.812126034608)
70094338,2026-08-17T11:43:51.000,Illegal Dumping,Removal Request,In Progress,DSNY,Department of Sanitation,11433.0,,QUEENS,BRINKERHOFF AVENUE,40.69406052893069,-73.78731380617364,POINT (-73.787313806174 40.694060528931)
70096821,2026-08-17T11:43:43.000,Damaged Tree,Branch or Limb Has Fallen Down,In Progress,DPR,Department of Parks and Recreation,10303.0,STATEN ISLAND,STATEN ISLAND,ARLINGTON PLACE,40.63586643914964,-74.16731196237295,POINT (-74.167311962373 40.63586643915)
70093980,2026-08-17T11:43:10.000,Damaged Tree,Branch or Limb Has Fallen Down,In Progress,DPR,Department of Parks and Recreation,10009.0,NEW YORK,MANHATTAN,EAST 14 STREET,40.73092283629944,-73.98146145057714,POINT (-73.981461450577 40.730922836299)
70102717,2026-08-17T11:42:33.000,Dirty Condition,Trash,In Progress,DSNY,Department of Sanitation,10452.0,BRONX,BRONX,JEROME AVENUE,40.84055508221947,-73.91743652185598,POINT (-73.917436521856 40.840555082219)
70092930,2026-08-17T11:42:08.000,Dirty Condition,Trash,In Progress,DSNY,Department of Sanitation,10016.0,NEW YORK,MANHATTAN,EAST 31 STREET,40.74634892616257,-73.98552806611715,POINT (-73.985528066117 40.746348926163)
70093404,2026-08-17T11:42:06.000,Street Condition,Cave-in,In Progress,DOT,Department of Transportation,11235.0,,BROOKLYN,CONEY ISLAND AVENUE,40.58945163597641,-73.96051711597006,POINT (-73.96051711597 40.589451635976)
70091779,2026-08-17T11:41:56.000,Water Maintenance,Fire Hydrant Leaning/Missing,In Progress,DEP,Department of Environmental Protection,11216.0,BROOKLYN,BROOKLYN,HALSEY STREET,40.68295215043113,-73.9399571037256,POINT (-73.939957103726 40.682952150431)
70093102,2026-08-17T11:41:05.000,Dirty Condition,Trash,Closed,DSNY,Department of Sanitation,11220.0,BROOKLYN,BROOKLYN,8 AVENUE,40.63761833352283,-74.00733587207945,POINT (-74.007335872079 40.637618333523)
70098566,2026-08-17T11:41:00.000,Traffic Signal Condition,Veh Signal Head,Closed,DOT,Department of Transportation,,,BROOKLYN,,,,
70095946,2026-08-17T11:40:56.000,Water Maintenance,No Water,In Progress,DEP,Department of Environmental Protection,11413.0,SPRINGFIELD GARDENS,QUEENS,SPRINGFIELD BOULEVARD,40.6770808279615,-73.75530308658976,POINT (-73.75530308659 40.677080827962)
70102020,2026-08-17T11:40:54.000,WATER LEAK,HEAVY FLOW,Open,HPD,Department of Housing Preservation and Development,10457.0,BRONX,BRONX,ARTHUR AVENUE,40.847393843224864,-73.89279920326996,POINT (-73.89279920327 40.847393843225)
70096575,2026-08-17T11:40:54.000,UNSANITARY CONDITION,MOLD,Open,HPD,Department of Housing Preservation and Development,10457.0,BRONX,BRONX,ARTHUR AVENUE,40.847393843224864,-73.89279920326996,POINT (-73.89279920327 40.847393843225)
70099201,2026-08-17T11:40:43.000,WATER LEAK,SLOW LEAK,Open,HPD,Department of Housing Preservation and Development,10454.0,BRONX,BRONX,EAST  138 STREET,40.80724871540738,-73.9185326180698,POINT (-73.91853261807 40.807248715407)
70102374,2026-08-17T11:40:37.000,Damaged Tree,Tree Leaning/Uprooted,In Progress,DPR,Department of Parks and Recreation,11385.0,RIDGEWOOD,QUEENS,80 AVENUE,40.69490647280827,-73.89515760577305,POINT (-73.895157605773 40.694906472808)
70091754,2026-08-17T11:39:46.000,Water Maintenance,Leak,In Progress,DEP,Department of Environmental Protection,11433.0,JAMAICA,QUEENS,167 STREET,40.69757142965853,-73.78749374149754,POINT (-73.787493741498 40.697571429659)
70093163,2026-08-17T11:39:00.000,Water Maintenance,Fire Hydrant Running,In Progress,DEP,Department of Environmental Protection,10026.0,,MANHATTAN,7 AVENUE,40.80253327934972,-73.95302584375533,POINT (-73.953025843755 40.80253327935)
70099979,2026-08-17T11:39:00.000,Traffic Signal Condition,Pedestrian Signal,Closed,DOT,Department of Transportation,11203.0,BROOKLYN,BROOKLYN,,40.65173313718186,-73.93038095615559,POINT (-73.930380956156 40.651733137182)
70098943,2026-08-17T11:38:48.000,Street Condition,Plate Condition - Noisy,In Progress,DOT,Department of Transportation,10128.0,NEW YORK,MANHATTAN,YORK AVENUE,40.77799760169177,-73.94559793625926,POINT (-73.945597936259 40.777997601692)
70092003,2026-08-17T11:38:43.000,Street Condition,Cave-in,In Progress,DOT,Department of Transportation,10304.0,STATEN ISLAND,STATEN ISLAND,HILLSIDE AVENUE,40.61735318564487,-74.09133199164575,POINT (-74.091331991646 40.617353185645)
70098723,2026-08-17T11:38:02.000,Sewer Maintenance,Backup,In Progress,DEP,Department of Environmental Protection,11435.0,JAMAICA,QUEENS,146 STREET,40.70082022607348,-73.80882668797874,POINT (-73.808826687979 40.700820226073)
70095001,2026-08-17T11:38:00.000,Street Light Condition,Multiple St Lts Dayburning,Open,DOT,Department of Transportation,10040.0,MANHATTAN,MANHATTAN,FORT TRYON PARK,40.85783978717273,-73.93204140398764,POINT (-73.932041403988 40.857839787173)
70092246,2026-08-17T11:37:32.000,WATER LEAK,DAMP SPOT,Open,HPD,Department of Housing Preservation and Development,11231.0,BROOKLYN,BROOKLYN,HENRY STREET,40.67636384843272,-74.00313650124755,POINT (-74.003136501248 40.676363848433)
70102115,2026-08-17T11:37:26.000,UNSANITARY CONDITION,GARBAGE/RECYCLING STORAGE,Open,HPD,Department of Housing Preservation and Development,10456.0,BRONX,BRONX,CLAY AVENUE,40.83166842441742,-73.91102258524607,POINT (-73.911022585246 40.831668424417)
70096262,2026-08-17T11:36:25.000,Street Condition,Cave-in,In Progress,DOT,Department of Transportation,11375.0,FOREST HILLS,QUEENS,68 AVENUE,40.72707217686952,-73.8461258643195,POINT (-73.846125864319 40.72707217687)
70101566,2026-08-17T11:36:03.000,Sewer Maintenance,Manhole Cover Missing,In Progress,DEP,Department of Environmental Protection,11207.0,BROOKLYN,BROOKLYN,SCHAEFER STREET,40.68896171427347,-73.90851583655972,POINT (-73.90851583656 40.688961714273)
70094572,2026-08-17T11:35:32.000,Water Maintenance,Fire Hydrant Running Full,Closed,DEP,Department of Environmental Protection,10458.0,,BRONX,EAST 187 STREET,40.85415149248957,-73.88445978172984,POINT (-73.88445978173 40.85415149249)
70097155,2026-08-17T11:34:36.000,Dirty Condition,Dog Waste,In Progress,DSNY,Department of Sanitation,10460.0,BRONX,BRONX,WEST FARMS ROAD,40.83299225535691,-73.88418936497136,POINT (-73.884189364971 40.832992255357)
70093430,2026-08-17T11:34:19.000,Street Condition,Cave-in,In Progress,DOT,Department of Transportation,11377.0,WOODSIDE,QUEENS,62 STREET,40.751260493276654,-73.8997645220325,POINT (-73.899764522032 40.751260493277)
70100631,2026-08-17T11:33:55.000,UNSANITARY CONDITION,PESTS,Open,HPD,Department of Housing Preservation and Development,11213.0,BROOKLYN,BROOKLYN,STERLING PLACE,40.67127114318892,-73.9270188200167,POINT (-73.927018820017 40.671271143189)
70094413,2026-08-17T11:33:41.000,Street Condition,Pothole,Closed,DOT,Department of Transportation,11373.0,QUEENS,QUEENS,QUEENS BOULEVARD,,,
70095000,2026-08-17T11:33:00.000,Street Light Condition,Multiple Street Lights Out,Open,DOT,Department of Transportation,10065.0,NEW YORK,MANHATTAN,EAST   66 STREET,40.76562019069692,-73.96284582423895,POINT (-73.962845824239 40.765620190697)
70097134,2026-08-17T11:32:56.000,Dirty Condition,Trash,In Progress,DSNY,Department of Sanitation,11236.0,BROOKLYN,BROOKLYN,EAST 89 STREET,40.64796860978267,-73.91591986959384,POINT (-73.915919869594 40.647968609783)
70100542,2026-08-17T11:32:00.000,Street Light Condition,Multiple Street Lights Out,Open,DOT,Department of Transportation,,,QUEENS,WARDS ISL,,,
70101329,2026-08-17T11:31:30.000,Dirty Condition,Trash,In Progress,DSNY,Department of Sanitation,11206.0,BROOKLYN,BROOKLYN,JEFFERSON STREET,40.70008787077728,-73.930424228776,POINT (-73.930424228776 40.700087870777)
70102353,2026-08-17T11:31:24.000,Damaged Tree,Branch or Limb Has Fallen Down,In Progress,DPR,Department of Parks and Recreation,11209.0,BROOKLYN,BROOKLYN,3 AVENUE,40.62758536167387,-74.02936429546631,POINT (-74.029364295466 40.627585361674)
70092278,2026-08-17T11:31:01.000,UNSANITARY CONDITION,PESTS,Open,HPD,Department of Housing Preservation and Development,10026.0,NEW YORK,MANHATTAN,MORNINGSIDE AVENUE,40.805708141452094,-73.9581095525691,POINT (-73.958109552569 40.805708141452)
70095070,2026-08-17T11:31:01.000,UNSANITARY CONDITION,PESTS,Open,HPD,Department of Housing Preservation and Development,10458.0,BRONX,BRONX,VALENTINE AVENUE,40.86788721087424,-73.89138140679789,POINT (-73.891381406798 40.867887210874)
70093138,2026-08-17T11:31:00.000,Water Maintenance,No Water,In Progress,DEP,Department of Environmental Protection,11233.0,BROOKLYN,BROOKLYN,BAINBRIDGE STREET,40.68302841363027,-73.91321838429033,POINT (-73.91321838429 40.68302841363)
70100556,2026-08-17T11:31:00.000,Street Light Condition,Fixture/Luminaire Missing,Open,DOT,Department of Transportation,,,QUEENS,RANDALLS ISL,,,
70092258,2026-08-17T11:30:55.000,UNSANITARY CONDITION,PESTS,Open,HPD,Department of Housing Preservation and Development,11216.0,BROOKLYN,BROOKLYN,PACIFIC STREET,40.67768995456487,-73.95051439716403,POINT (-73.950514397164 40.677689954565)
70095329,2026-08-17T11:30:51.000,Damaged Tree,Tree Alive - in Poor Condition,In Progress,DPR,Department of Parks and Recreation,11204.0,BROOKLYN,BROOKLYN,71 STREET,40.61650828138936,-73.99501851542645,POINT (-73.995018515426 40.616508281389)
70097875,2026-08-17T11:30:49.000,UNSANITARY CONDITION,PESTS,Open,HPD,Department of Housing Preservation and Development,11226.0,BROOKLYN,BROOKLYN,NOSTRAND AVENUE,40.65466652091384,-73.9499728548437,POINT (-73.949972854844 40.654666520914)
70095113,2026-08-17T11:30:49.000,UNSANITARY CONDITION,MOLD,Open,HPD,Department of Housing Preservation and Development,11226.0,BROOKLYN,BROOKLYN,NOSTRAND AVENUE,40.65466652091384,-73.9499728548437,POINT (-73.949972854844 40.654666520914)
70094339,2026-08-17T11:28:55.000,Illegal Dumping,Removal Request,In Progress,DSNY,Department of Sanitation,11101.0,LONG ISLAND CITY,QUEENS,36 AVENUE,40.75426033443074,-73.92476948173261,POINT (-73.924769481733 40.754260334431)
70101560,2026-08-17T11:28:16.000,Water Maintenance,Fire Hydrant Running,In Progress,DEP,Department of Environmental Protection,11204.0,BROOKLYN,BROOKLYN,65 STREET,40.616200038656665,-73.98534737111196,POINT (-73.985347371112 40.616200038657)
70096549,2026-08-17T11:27:58.000,UNSANITARY CONDITION,PESTS,Open,HPD,Department of Housing Preservation and Development,11224.0,BROOKLYN,BROOKLYN,WEST   27 STREET,40.573494426424446,-73.99283675303543,POINT (-73.992836753035 40.573494426424)
70096528,2026-08-17T11:27:58.000,UNSANITARY CONDITION,PESTS,Open,HPD,Department of Housing Preservation and Development,11224.0,BROOKLYN,BROOKLYN,WEST   27 STREET,40.573494426424446,-73.99283675303543,POINT (-73.992836753035 40.573494426424)
70095041,2026-08-17T11:27:55.000,WATER LEAK,SLOW LEAK,Open,HPD,Department of Housing Preservation and Development,10024.0,NEW YORK,MANHATTAN,WEST   89 STREET,40.78777484096461,-73.96921446343141,POINT (-73.969214463431 40.787774840965)
70097579,2026-08-17T11:27:52.000,Sidewalk Condition,Sidewalk Grating - Defective,In Progress,DOT,Department of Transportation,10038.0,NEW YORK,MANHATTAN,BROADWAY,40.71053313523853,-74.00935300780858,POINT (-74.009353007809 40.710533135239)
70093739,2026-08-17T11:27:44.000,UNSANITARY CONDITION,GARBAGE/RECYCLING STORAGE,Open,HPD,Department of Housing Preservation and Development,10030.0,NEW YORK,MANHATTAN,ADAM C POWELL BOULEVARD,40.820019480102665,-73.9402453104459,POINT (-73.940245310446 40.820019480103)
70101272,2026-08-17T11:27:05.000,Dirty Condition,Trash,In Progress,DSNY,Department of Sanitation,10458.0,BRONX,BRONX,EAST 191 STREET,40.85907578543265,-73.88475489375452,POINT (-73.884754893755 40.859075785433)
70093148,2026-08-17T11:27:03.000,Water Maintenance,Fire Hydrant Running Full,In Progress,DEP,Department of Environmental Protection,10301.0,STATEN ISLAND,STATEN ISLAND,JERSEY STREET,40.64444760003225,-74.08703052338515,POINT (-74.087030523385 40.644447600032)
70093413,2026-08-17T11:26:56.000,Street Condition,Plate Condition - Noisy,In Progress,DOT,Department of Transportation,10011.0,NEW YORK,MANHATTAN,WEST 23 STREET,40.74688503974146,-74.00223396486841,POINT (-74.002233964868 40.746885039741)
70092555,2026-08-17T11:26:38.000,Damaged Tree,Branch or Limb Has Fallen Down,In Progress,DPR,Department of Parks and Recreation,11234.0,BROOKLYN,BROOKLYN,EAST 54 STREET,40.61180145295389,-73.92112304057854,POINT (-73.921123040579 40.611801452954)
70102356,2026-08-17T11:26:16.000,Damaged Tree,Branch Cracked and Will Fall,In Progress,DPR,Department of Parks and Recreation,11221.0,BROOKLYN,BROOKLYN,JEFFERSON AVENUE,40.68488784905921,-73.93603964052079,POINT (-73.936039640521 40.684887849059)
70102376,2026-08-17T11:25:37.000,Damaged Tree,Branch or Limb Has Fallen Down,In Progress,DPR,Department of Parks and Recreation,11373.0,ELMHURST,QUEENS,WHITNEY AVENUE,40.74592842599432,-73.87545549825126,POINT (-73.875455498251 40.745928425994)
70101796,2026-08-17T11:25:33.000,Street Condition,Plate Condition - Noisy,In Progress,DOT,Department of Transportation,10003.0,NEW YORK,MANHATTAN,EAST 19 STREET,40.7348752713336,-73.98139179247403,POINT (-73.981391792474 40.734875271334)
70092586,2026-08-17T11:24:43.000,Damaged Tree,Branch Cracked and Will Fall,In Progress,DPR,Department of Parks and Recreation,11423.0,HOLLIS,QUEENS,205 STREET,40.72011493037812,-73.75991788067911,POINT (-73.759917880679 40.720114930378)
70093439,2026-08-17T11:23:37.000,Street Condition,Failed Street Repair,In Progress,DOT,Department of Transportation,10314.0,STATEN ISLAND,STATEN ISLAND,FILLMORE AVENUE,40.6038229734503,-74.13439175213841,POINT (-74.134391752138 40.60382297345)
70097363,2026-08-17T11:21:45.000,Sewer Maintenance,Catch Basin Sunken,In Progress,DEP,Department of Environmental Protection,11367.0,,QUEENS,75 ROAD,40.722822733115926,-73.82462299981876,POINT (-73.824622999819 40.722822733116)
70099957,2026-08-17T11:21:24.000,Street Condition,Pothole,Closed,DOT,Department of Transportation,11427.0,QUEENS,QUEENS,85 AVENUE,,,
70095722,2026-08-17T11:21:15.000,Illegal Dumping,Removal Request,In Progress,DSNY,Department of Sanitation,11204.0,BROOKLYN,BROOKLYN,60 STREET,40.62314203725058,-73.98912826124106,POINT (-73.989128261241 40.623142037251)
70093738,2026-08-17T11:21:10.000,UNSANITARY CONDITION,GARBAGE/RECYCLING STORAGE,Open,HPD,Department of Housing Preservation and Development,10003.0,NEW YORK,MANHATTAN,EAST    7 STREET,40.72763266418821,-73.98728198519915,POINT (-73.987281985199 40.727632664188)
70093698,2026-08-17T11:21:10.000,UNSANITARY CONDITION,PESTS,Open,HPD,Department of Housing Preservation and Development,10003.0,NEW YORK,MANHATTAN,EAST    7 STREET,40.72763266418821,-73.98728198519915,POINT (-73.987281985199 40.727632664188)
70093601,2026-08-17T11:21:00.000,Street Light Condition,Street Light Out,Open,DOT,Department of Transportation,11210.0,BROOKLYN,BROOKLYN,BROOKLYN AVENUE,40.63075275146506,-73.94161087600327,POINT (-73.941610876003 40.630752751465)
70095818,2026-08-17T11:21:00.000,Traffic Signal Condition,Controller,Assigned,DOT,Department of Transportation,11106.0,QUEENS,QUEENS,,40.75454926650701,-73.93029876628202,POINT (-73.930298766282 40.754549266507)
70093415,2026-08-17T11:20:53.000,Street Condition,Cave-in,In Progress,DOT,Department of Transportation,10040.0,,MANHATTAN,SHERMAN AVENUE,40.8629258638539,-73.92776655089192,POINT (-73.927766550892 40.862925863854)
70098717,2026-08-17T11:20:32.000,Sewer Maintenance,Catch Basin Clogged,In Progress,DEP,Department of Environmental Protection,11222.0,,BROOKLYN,BAYARD STREET,40.719009537386526,-73.95018068961288,POINT (-73.950180689613 40.719009537387)
70101390,2026-08-17T11:19:00.000,Traffic Signal Condition,Controller,Closed,DOT,Department of Transportation,11377.0,QUEENS,QUEENS,,40.745829784990335,-73.9010971720631,POINT (-73.901097172063 40.74582978499)
70096446,2026-08-17T11:19:00.000,Street Light Condition,Street Light Out,Open,DOT,Department of Transportation,10304.0,STATEN ISLAND,STATEN ISLAND,VAN DUZER STREET,40.628799259673215,-74.07988416252758,POINT (-74.079884162528 40.628799259673)
70093724,2026-08-17T11:18:35.000,UNSANITARY CONDITION,MOLD,Open,HPD,Department of Housing Preservation and Development,10032.0,NEW YORK,MANHATTAN,FT WASHINGTON AVENUE,40.83599044961439,-73.94469042537882,POINT (-73.944690425379 40.835990449614)
70099219,2026-08-17T11:18:35.000,WATER LEAK,DAMP SPOT,Open,HPD,Department of Housing Preservation and Development,10032.0,NEW YORK,MANHATTAN,FT WASHINGTON AVENUE,40.83599044961439,-73.94469042537882,POINT (-73.944690425379 40.835990449614)
70098719,2026-08-17T11:18:29.000,Sewer Maintenance,Catch Basin Clogged,In Progress,DEP,Department of Environmental Protection,11222.0,,BROOKLYN,BAYARD STREET,40.719009537386526,-73.95018068961288,POINT (-73.950180689613 40.719009537387)
70095105,2026-08-17T11:18:18.000,UNSANITARY CONDITION,MOLD,Open,HPD,Department of Housing Preservation and Development,11367.0,FLUSHING,QUEENS,75 ROAD,40.72472150824572,-73.81545780525444,POINT (-73.815457805254 40.724721508246)
70100603,2026-08-17T11:18:18.000,WATER LEAK,SLOW LEAK,Open,HPD,Department of Housing Preservation and Development,11367.0,FLUSHING,QUEENS,75 ROAD,40.72472150824572,-73.81545780525444,POINT (-73.815457805254 40.724721508246)
70095725,2026-08-17T11:18:13.000,Illegal Dumping,Removal Request,In Progress,DSNY,Department of Sanitation,10036.0,NEW YORK,MANHATTAN,WEST 48 STREET,40.76298543825919,-73.99166482746644,POINT (-73.991664827466 40.762985438259)
70096811,2026-08-17T11:18:04.000,Damaged Tree,Tree Alive - in Poor Condition,In Progress,DPR,Department of Parks and Recreation,11411.0,CAMBRIA HEIGHTS,QUEENS,NASHVILLE BOULEVARD,40.697220053587145,-73.74429121317628,POINT (-73.744291213176 40.697220053587)
70098712,2026-08-17T11:18:01.000,Sewer Maintenance,Flooding on Street,Closed,DEP,Department of Environmental Protection,11413.0,SPRINGFIELD GARDENS,QUEENS,229 STREET,40.68150146219115,-73.73852865662786,POINT (-73.738528656628 40.681501462191)
70091763,2026-08-17T11:17:55.000,Water Maintenance,Dirty Water,In Progress,DEP,Department of Environmental Protection,11216.0,BROOKLYN,BROOKLYN,NEW YORK AVENUE,40.674504573784766,-73.94726858903904,POINT (-73.947268589039 40.674504573785)
70102667,2026-08-17T11:17:36.000,Dirty Condition,Trash,In Progress,DSNY,Department of Sanitation,11366.0,FRESH MEADOWS,QUEENS,181 STREET,40.72926944427463,-73.7882621971819,POINT (-73.788262197182 40.729269444275)
70095740,2026-08-17T11:17:28.000,Dirty Condition,Trash,In Progress,DSNY,Department of Sanitation,11106.0,ASTORIA,QUEENS,CRESCENT STREET,40.761616900379344,-73.93015780794973,POINT (-73.93015780795 40.761616900379)
70099509,2026-08-17T11:15:35.000,Damaged Tree,Branch Cracked and Will Fall,In Progress,DPR,Department of Parks and Recreation,10461.0,BRONX,BRONX,ZULETTE AVENUE,40.8420519922488,-73.8361775803864,POINT (-73.836177580386 40.842051992249)
70096527,2026-08-17T11:15:27.000,UNSANITARY CONDITION,PESTS,Open,HPD,Department of Housing Preservation and Development,10460.0,BRONX,BRONX,HOE AVENUE,40.83640691922807,-73.88720098517041,POINT (-73.88720098517 40.836406919228)
70100529,2026-08-17T11:15:00.000,Sidewalk Condition,Broken Sidewalk,In Progress,DOT,Department of Transportation,10460.0,BRONX,BRONX,GUION PLACE,40.83610656212658,-73.86798312790432,POINT (-73.867983127904 40.836106562127)
70093970,2026-08-17T11:14:33.000,Damaged Tree,Branch or Limb Has Fallen Down,In Progress,DPR,Department of Parks and Recreation,11232.0,BROOKLYN,BROOKLYN,6 AVENUE,40.64925917474556,-74.00242529631586,POINT (-74.002425296316 40.649259174746)
70093437,2026-08-17T11:14:10.000,Sidewalk Condition,Blocked - Construction,In Progress,DOT,Department of Transportation,11419.0,SOUTH RICHMOND HILL,QUEENS,103 ROAD,40.68943289548632,-73.81774064038731,POINT (-73.817740640387 40.689432895486)
70094597,2026-08-17T11:14:03.000,Sewer Maintenance,Catch Basin Clogged,In Progress,DEP,Department of Environmental Protection,11385.0,RIDGEWOOD,QUEENS,78 AVENUE,40.70545092916135,-73.86760709081776,POINT (-73.867607090818 40.705450929161)
70097138,2026-08-17T11:13:34.000,Dirty Condition,Trash,In Progress,DSNY,Department of Sanitation,11106.0,ASTORIA,QUEENS,CRESCENT STREET,40.761616900379344,-73.93015780794973,POINT (-73.93015780795 40.761616900379)
70096436,2026-08-17T11:13:00.000,Street Light Condition,Street Light Out,Open,DOT,Department of Transportation,11237.0,BROOKLYN,BROOKLYN,,40.69953105419444,-73.91103665226316,POINT (-73.911036652263 40.699531054194)
70099563,2026-08-17T11:12:50.000,Damaged Tree,Branch or Limb Has Fallen Down,Closed,DPR,Department of Parks and Recreation,10305.0,STATEN ISLAND,STATEN ISLAND,DONGAN HILLS AVENUE,40.58110871110257,-74.08702718717139,POINT (-74.087027187171 40.581108711103)
70093723,2026-08-17T11:12:04.000,UNSANITARY CONDITION,MOLD,Open,HPD,Department of Housing Preservation and Development,11201.0,BROOKLYN,BROOKLYN,PACIFIC STREET,40.68828678104164,-73.99038688789759,POINT (-73.990386887898 40.688286781042)
70096499,2026-08-17T11:12:04.000,WATER LEAK,SLOW LEAK,Open,HPD,Department of Housing Preservation and Development,11201.0,BROOKLYN,BROOKLYN,PACIFIC STREET,40.68828678104164,-73.99038688789759,POINT (-73.990386887898 40.688286781042)
70096454,2026-08-17T11:11:58.000,Street Condition,"Rough, Pitted or Cracked Roads",In Progress,DOT,Department of Transportation,11237.0,,BROOKLYN,GATES AVENUE,40.69994610766667,-73.91180787890514,POINT (-73.911807878905 40.699946107667)
70102031,2026-08-17T11:11:34.000,UNSANITARY CONDITION,PESTS,Open,HPD,Department of Housing Preservation and Development,11423.0,HOLLIS,QUEENS,189 STREET,40.707915885339744,-73.76867607128167,POINT (-73.768676071282 40.70791588534)
70092269,2026-08-17T11:11:34.000,UNSANITARY CONDITION,PESTS,Open,HPD,Department of Housing Preservation and Development,11423.0,HOLLIS,QUEENS,189 STREET,40.707915885339744,-73.76867607128167,POINT (-73.768676071282 40.70791588534)
70099192,2026-08-17T11:11:30.000,WATER LEAK,SLOW LEAK,Open,HPD,Department of Housing Preservation and Development,11419.0,SOUTH RICHMOND HILL,QUEENS,134 STREET,40.69252172639288,-73.81320299121357,POINT (-73.813202991214 40.692521726393)
70101317,2026-08-17T11:11:28.000,Illegal Dumping,Removal Request,In Progress,DSNY,Department of Sanitation,10019.0,NEW YORK,MANHATTAN,10 AVENUE,40.76447585177518,-73.99192455686214,POINT (-73.991924556862 40.764475851775)
70102702,2026-08-17T11:11:23.000,Illegal Dumping,Removal Request,In Progress,DSNY,Department of Sanitation,11237.0,BROOKLYN,BROOKLYN,MYRTLE AVENUE,40.699441310885206,-73.91212230552976,POINT (-73.91212230553 40.699441310885)
70099526,2026-08-17T11:10:13.000,Damaged Tree,Tree Leaning/Uprooted,In Progress,DPR,Department of Parks and Recreation,11214.0,,BROOKLYN,20 AVENUE,40.59864792009722,-74.00445080835505,POINT (-74.004450808355 40.598647920097)
70092584,2026-08-17T11:10:12.000,Damaged Tree,Branch or Limb Has Fallen Down,In Progress,DPR,Department of Parks and Recreation,11691.0,FAR ROCKAWAY,QUEENS,BEACH 9 STREET,40.60280220229844,-73.74567557684958,POINT (-73.74567557685 40.602802202298)
70100613,2026-08-17T11:10:02.000,WATER LEAK,HEAVY FLOW,Open,HPD,Department of Housing Preservation and Development,10458.0,BRONX,BRONX,EAST  196 STREET,40.86729727859401,-73.89157037783409,POINT (-73.891570377834 40.867297278594)
70093189,2026-08-17T11:09:57.000,Sewer Maintenance,Backup,In Progress,DEP,Department of Environmental Protection,11385.0,RIDGEWOOD,QUEENS,78 AVENUE,40.70545092916135,-73.86760709081776,POINT (-73.867607090818 40.705450929161)
70099894,2026-08-17T11:09:27.000,Illegal Dumping,Removal Request,In Progress,DSNY,Department of Sanitation,11238.0,BROOKLYN,BROOKLYN,ST MARK'S AVENUE,40.67657070993413,-73.95908835879881,POINT (-73.959088358799 40.676570709934)
70094583,2026-08-17T11:08:38.000,Water Maintenance,Fire Hydrant Leaking,In Progress,DEP,Department of Environmental Protection,11236.0,BROOKLYN,BROOKLYN,EAST 85 STREET,40.63045077540161,-73.90134741979358,POINT (-73.901347419794 40.630450775402)
70092982,2026-08-17T11:08:28.000,Street Condition,Pothole,Closed,DOT,Department of Transportation,11355.0,QUEENS,QUEENS,60 AVENUE,,,
70094978,2026-08-17T11:08:15.000,Sidewalk Condition,Broken Sidewalk,In Progress,DOT,Department of Transportation,10022.0,NEW YORK,MANHATTAN,EAST 53 STREET,40.75810176481382,-73.97032910523603,POINT (-73.970329105236 40.758101764814)
70102085,2026-08-17T11:08:09.000,UNSANITARY CONDITION,MOLD,Open,HPD,Department of Housing Preservation and Development,11213.0,BROOKLYN,BROOKLYN,CROWN STREET,40.66515499249638,-73.93017590534967,POINT (-73.93017590535 40.665154992496)
70096526,2026-08-17T11:08:08.000,UNSANITARY CONDITION,PESTS,Open,HPD,Department of Housing Preservation and Development,11237.0,BROOKLYN,BROOKLYN,DECATUR STREET,40.69224637100336,-73.90411917950325,POINT (-73.904119179503 40.692246371003)
70100347,2026-08-17T11:07:56.000,Street Condition,Cave-in,In Progress,DOT,Department of Transportation,11209.0,BROOKLYN,BROOKLYN,86 STREET,40.621841141138844,-74.02680058348206,POINT (-74.026800583482 40.621841141139)
70096583,2026-08-17T11:07:53.000,UNSANITARY CONDITION,GARBAGE/RECYCLING STORAGE,Open,HPD,Department of Housing Preservation and Development,11212.0,BROOKLYN,BROOKLYN,OSBORN STREET,40.65611515207032,-73.9053532475224,POINT (-73.905353247522 40.65611515207)
70099956,2026-08-17T11:07:42.000,Street Condition,Pothole,Closed,DOT,Department of Transportation,11377.0,QUEENS,QUEENS,BROOKLYN QNS EXPRESSWAY,,,
70093606,2026-08-17T11:06:26.000,Street Condition,"Rough, Pitted or Cracked Roads",Closed,DOT,Department of Transportation,10031.0,NEW YORK,MANHATTAN,BROADWAY,40.82067380570113,-73.95466778903544,POINT (-73.954667789035 40.820673805701)
70095796,2026-08-17T11:06:17.000,Street Condition,Pothole,Closed,DOT,Department of Transportation,11429.0,QUEENS,QUEENS,,40.70775744565842,-73.73112532642455,POINT (-73.731125326425 40.707757445658)
70102061,2026-08-17T11:05:18.000,UNSANITARY CONDITION,PESTS,Open,HPD,Department of Housing Preservation and Development,11423.0,HOLLIS,QUEENS,JAMAICA AVENUE,40.70888111526908,-73.77796060397624,POINT (-73.777960603976 40.708881115269)
70093655,2026-08-17T11:05:18.000,WATER LEAK,HEAVY FLOW,Open,HPD,Department of Housing Preservation and Development,11423.0,HOLLIS,QUEENS,JAMAICA AVENUE,40.70888111526908,-73.77796060397624,POINT (-73.777960603976 40.708881115269)
70100624,2026-08-17T11:05:18.000,UNSANITARY CONDITION,PESTS,Open,HPD,Department of Housing Preservation and Development,11423.0,HOLLIS,QUEENS,JAMAICA AVENUE,40.70888111526908,-73.77796060397624,POINT (-73.777960603976 40.708881115269)
70097867,2026-08-17T11:04:28.000,UNSANITARY CONDITION,PESTS,Open,HPD,Department of Housing Preservation and Development,11212.0,BROOKLYN,BROOKLYN,OSBORN STREET,40.65611515207032,-73.9053532475224,POINT (-73.905353247522 40.65611515207)
70093432,2026-08-17T11:04:10.000,Street Condition,Cave-in,In Progress,DOT,Department of Transportation,11355.0,FLUSHING,QUEENS,60 AVENUE,40.74413262917108,-73.83550171306564,POINT (-73.835501713066 40.744132629171)
70091581,2026-08-17T11:03:56.000,Street Condition,Pothole,Open,DOT,Department of Transportation,10460.0,BRONX,BRONX,BOSTON ROAD,,,
70100114,2026-08-17T11:03:52.000,Water Maintenance,Dirty Water,In Progress,DEP,Department of Environmental Protection,10027.0,NEW YORK,MANHATTAN,WEST 129 STREET,40.80981847961265,-73.94246164738495,POINT (-73.942461647385 40.809818479613)
70092940,2026-08-17T11:03:39.000,Dirty Condition,Dog Waste,In Progress,DSNY,Department of Sanitation,11694.0,FAR ROCKAWAY,QUEENS,BEACH 119 STREET,40.5777269372266,-73.83905422953502,POINT (-73.839054229535 40.577726937227)
70098570,2026-08-17T11:03:00.000,Traffic Signal Condition,Controller,Closed,DOT,Department of Transportation,11219.0,BROOKLYN,BROOKLYN,,40.643300130902006,-73.9942598038732,POINT (-73.994259803873 40.643300130902)
70101365,2026-08-17T11:02:56.000,Street Condition,Pothole,Open,DOT,Department of Transportation,10031.0,MANHATTAN,MANHATTAN,BROADWAY,,,
70100924,2026-08-17T11:02:38.000,Damaged Tree,Branch or Limb Has Fallen Down,In Progress,DPR,Department of Parks and Recreation,10469.0,BRONX,BRONX,TIEMANN AVENUE,40.86896265813955,-73.83924241164154,POINT (-73.839242411642 40.86896265814)
70092868,2026-08-17T11:02:21.000,Dirty Condition,Trash,In Progress,DSNY,Department of Sanitation,10304.0,STATEN ISLAND,STATEN ISLAND,SAND STREET,40.6295034872792,-74.07760453185311,POINT (-74.077604531853 40.629503487279)
70101359,2026-08-17T11:02:20.000,Street Condition,Pothole,Open,DOT,Department of Transportation,10462.0,BRONX,BRONX,,40.83420113633559,-73.85168536781177,POINT (-73.851685367812 40.834201136336)
70094991,2026-08-17T11:02:00.000,Street Light Condition,Street Light Out,Open,DOT,Department of Transportation,10035.0,NEW YORK,MANHATTAN,EAST  118 STREET,40.80093685400453,-73.94307612730735,POINT (-73.943076127307 40.800936854005)
70098942,2026-08-17T11:01:45.000,Street Condition,Cave-in,In Progress,DOT,Department of Transportation,11215.0,,BROOKLYN,4 AVENUE,40.67035776892715,-73.98871321711381,POINT (-73.988713217114 40.670357768927)
70092981,2026-08-17T11:01:28.000,Street Condition,Pothole,Closed,DOT,Department of Transportation,11413.0,QUEENS,QUEENS,141 AVENUE,,,
70100551,2026-08-17T11:00:00.000,Street Light Condition,Street Light Out,Open,DOT,Department of Transportation,11102.0,ASTORIA,QUEENS,8 STREET,40.77411474179751,-73.93188494536386,POINT (-73.931884945364 40.774114741798)
70099562,2026-08-17T10:59:33.000,Damaged Tree,Entire Tree Has Fallen Down,Closed,DPR,Department of Parks and Recreation,10301.0,STATEN ISLAND,STATEN ISLAND,HEWITT AVENUE,40.60816214000578,-74.09970729484587,POINT (-74.099707294846 40.608162140006)
70101799,2026-08-17T10:59:04.000,Street Condition,Defective Hardware,In Progress,DOT,Department of Transportation,11377.0,WOODSIDE,QUEENS,QUEENS BOULEVARD,40.74165349266677,-73.90582717153806,POINT (-73.905827171538 40.741653492667)
70091752,2026-08-17T10:58:59.000,Water Maintenance,Leak,In Progress,DEP,Department of Environmental Protection,11234.0,,BROOKLYN,AVENUE P,,,
70091789,2026-08-17T10:58:19.000,Sewer Maintenance,Backup,In Progress,DEP,Department of Environmental Protection,10014.0,NEW YORK,MANHATTAN,WEST 11 STREET,40.736224405347855,-74.00315736109066,POINT (-74.003157361091 40.736224405348)
70098174,2026-08-17T10:58:00.000,Damaged Tree,Branch or Limb Has Fallen Down,In Progress,DPR,Department of Parks and Recreation,11373.0,ELMHURST,QUEENS,HILLYER STREET,40.7363845501369,-73.8856887877072,POINT (-73.885688787707 40.736384550137)
70095795,2026-08-17T10:57:42.000,Street Condition,Pothole,Closed,DOT,Department of Transportation,11354.0,QUEENS,QUEENS,NORTHERN BOULEVARD,,,
70095961,2026-08-17T10:57:35.000,Water Maintenance,Dirty Water,In Progress,DEP,Department of Environmental Protection,11104.0,SUNNYSIDE,QUEENS,39 STREET,40.74715740692344,-73.92551013094261,POINT (-73.925510130943 40.747157406923)
70093184,2026-08-17T10:57:34.000,Sewer Maintenance,Catch Basin Clogged,In Progress,DEP,Department of Environmental Protection,11207.0,BROOKLYN,BROOKLYN,COZINE AVENUE,40.65551660248385,-73.88415147136058,POINT (-73.884151471361 40.655516602484)
70101534,2026-08-17T10:57:21.000,Water Maintenance,No Water,Closed,DEP,Department of Environmental Protection,10465.0,BRONX,BRONX,REVERE AVENUE,40.83176167723023,-73.82836863129953,POINT (-73.8283686313 40.83176167723)
70102694,2026-08-17T10:57:17.000,Illegal Dumping,Removal Request,In Progress,DSNY,Department of Sanitation,11210.0,BROOKLYN,BROOKLYN,FARRAGUT ROAD,40.6357347735045,-73.95424216606646,POINT (-73.954242166066 40.635734773505)
70097759,2026-08-17T10:55:58.000,Sidewalk Condition,Sidewalk Violation,In Progress,DOT,Department of Transportation,10465.0,BRONX,BRONX,RESEARCH AVENUE,40.84474142577854,-73.8193752769406,POINT (-73.819375276941 40.844741425779)
70096565,2026-08-17T10:55:22.000,UNSANITARY CONDITION,MOLD,Open,HPD,Department of Housing Preservation and Development,11206.0,BROOKLYN,BROOKLYN,TROUTMAN STREET,40.6981568264446,-73.93256120521528,POINT (-73.932561205215 40.698156826445)
70099955,2026-08-17T10:55:20.000,Street Condition,Pothole,Closed,DOT,Department of Transportation,11365.0,QUEENS,QUEENS,UTOPIA PARKWAY,,,
70095765,2026-08-17T10:55:20.000,Illegal Dumping,Chronic Dumping,In Progress,DSNY,Department of Sanitation,11233.0,BROOKLYN,BROOKLYN,DECATUR STREET,40.6836768315784,-73.91408648305256,POINT (-73.914086483053 40.683676831578)
70095097,2026-08-17T10:55:18.000,UNSANITARY CONDITION,PESTS,Open,HPD,Department of Housing Preservation and Development,10306.0,STATEN ISLAND,STATEN ISLAND,MILL ROAD,40.56202726674416,-74.11187146210581,POINT (-74.111871462106 40.562027266744)
70094337,2026-08-17T10:54:43.000,Illegal Dumping,Removal Request,In Progress,DSNY,Department of Sanitation,11219.0,BROOKLYN,BROOKLYN,61 STREET,40.62497041002868,-73.99371381583826,POINT (-73.993713815838 40.624970410029)
70096755,2026-08-17T10:54:16.000,Sidewalk Condition,Pedestrian Ramp Defective,In Progress,DOT,Department of Transportation,10031.0,,MANHATTAN,CONVENT AVENUE,40.82336043530011,-73.94716508365853,POINT (-73.947165083659 40.8233604353)
70096448,2026-08-17T10:53:00.000,Street Light Condition,Street Light Out,Open,DOT,Department of Transportation,11369.0,QUEENS,QUEENS,88 STREET,,,
70093144,2026-08-17T10:52:17.000,Water Maintenance,Leak,In Progress,DEP,Department of Environmental Protection,11220.0,BROOKLYN,BROOKLYN,4 AVENUE,40.64070495533232,-74.01855312024458,POINT (-74.018553120245 40.640704955332)
70092312,2026-08-17T10:51:48.000,UNSANITARY CONDITION,GARBAGE/RECYCLING STORAGE,Open,HPD,Department of Housing Preservation and Development,10039.0,NEW YORK,MANHATTAN,WEST  146 STREET,40.82327502890891,-73.94085300665363,POINT (-73.940853006654 40.823275028909)
70099238,2026-08-17T10:51:48.000,UNSANITARY CONDITION,PESTS,Open,HPD,Department of Housing Preservation and Development,10039.0,NEW YORK,MANHATTAN,WEST  146 STREET,40.82327502890891,-73.94085300665363,POINT (-73.940853006654 40.823275028909)
70097851,2026-08-17T10:51:48.000,UNSANITARY CONDITION,PESTS,Open,HPD,Department of Housing Preservation and Development,10039.0,NEW YORK,MANHATTAN,WEST  146 STREET,40.82327502890891,-73.94085300665363,POINT (-73.940853006654 40.823275028909)
70095692,2026-08-17T10:51:30.000,Illegal Dumping,Removal Request,Closed,DSNY,Department of Sanitation,11413.0,SPRINGFIELD GARDENS,QUEENS,224 STREET,40.67237399786509,-73.74915224723581,POINT (-73.749152247236 40.672373997865)
70102375,2026-08-17T10:51:18.000,Damaged Tree,Branch or Limb Has Fallen Down,In Progress,DPR,Department of Parks and Recreation,11416.0,OZONE PARK,QUEENS,106 STREET,40.68817860038132,-73.8379691110029,POINT (-73.837969111003 40.688178600381)
70098469,2026-08-17T10:51:16.000,Illegal Dumping,Removal Request,In Progress,DSNY,Department of Sanitation,11434.0,JAMAICA,QUEENS,MEADOW ROAD,40.66649452182429,-73.77010297964307,POINT (-73.770102979643 40.666494521824)
70093594,2026-08-17T10:51:00.000,Street Light Condition,Street Light Out,Open,DOT,Department of Transportation,10454.0,BRONX,BRONX,,40.811655531186766,-73.91683657203387,POINT (-73.916836572034 40.811655531187)
70102377,2026-08-17T10:50:39.000,Damaged Tree,Branch or Limb Has Fallen Down,In Progress,DPR,Department of Parks and Recreation,11364.0,OAKLAND GARDENS,QUEENS,203 STREET,40.749235331305314,-73.77548377775052,POINT (-73.775483777751 40.749235331305)
70097337,2026-08-17T10:50:07.000,Water Maintenance,Fire Hydrant Running Full,In Progress,DEP,Department of Environmental Protection,11362.0,,QUEENS,57 AVENUE,40.76369224875823,-73.7249792547937,POINT (-73.724979254794 40.763692248758)
70092993,2026-08-17T10:50:00.000,Traffic Signal Condition,Controller,Closed,DOT,Department of Transportation,10473.0,BRONX,BRONX,,40.82101078083524,-73.8657477158637,POINT (-73.865747715864 40.821010780835)
70096452,2026-08-17T10:50:00.000,Street Light Condition,Multiple Street Lights Out,Open,DOT,Department of Transportation,11004.0,GLEN OAKS,QUEENS,75 AVENUE,40.74847929217166,-73.71311039019531,POINT (-73.713110390195 40.748479292172)
70100341,2026-08-17T10:49:27.000,Street Condition,Line/Marking - After Repaving,In Progress,DOT,Department of Transportation,11216.0,,BROOKLYN,FRANKLIN AVENUE,40.679959149964176,-73.95543764699904,POINT (-73.955437646999 40.679959149964)
70092189,2026-08-17T10:49:09.000,Street Condition,"Rough, Pitted or Cracked Roads",In Progress,DOT,Department of Transportation,11416.0,,QUEENS,81 STREET,40.68020076373245,-73.85756935006083,POINT (-73.857569350061 40.680200763732)
70098959,2026-08-17T10:48:33.000,Sidewalk Condition,Sidewalk Grating - Defective,In Progress,DOT,Department of Transportation,11377.0,WOODSIDE,QUEENS,ROOSEVELT AVENUE,40.74451514759773,-73.91133025250225,POINT (-73.911330252502 40.744515147598)
70093656,2026-08-17T10:48:32.000,WATER LEAK,HEAVY FLOW,Open,HPD,Department of Housing Preservation and Development,10128.0,NEW YORK,MANHATTAN,2 AVENUE,40.781899337671305,-73.94879760657469,POINT (-73.948797606575 40.781899337671)
70093678,2026-08-17T10:48:29.000,UNSANITARY CONDITION,PESTS,Open,HPD,Department of Housing Preservation and Development,11229.0,BROOKLYN,BROOKLYN,BURNETT STREET,40.602207707026366,-73.93302544077312,POINT (-73.933025440773 40.602207707026)
70099914,2026-08-17T10:47:57.000,Dirty Condition,Trash,In Progress,DSNY,Department of Sanitation,10462.0,BRONX,BRONX,LYDIG AVENUE,40.85446009092941,-73.86531148655979,POINT (-73.86531148656 40.854460090929)
70102671,2026-08-17T10:47:52.000,Dirty Condition,Broken Glass,In Progress,DSNY,Department of Sanitation,11233.0,BROOKLYN,BROOKLYN,MACDONOUGH STREET,40.68410704473852,-73.91684781389802,POINT (-73.916847813898 40.684107044739)
70094567,2026-08-17T10:47:52.000,Water Maintenance,Fire Hydrant Defective,In Progress,DEP,Department of Environmental Protection,11208.0,BROOKLYN,BROOKLYN,SHEPHERD AVENUE,40.67054818086319,-73.87992569749619,POINT (-73.879925697496 40.670548180863)
70096245,2026-08-17T10:47:04.000,Street Condition,Defective Hardware,In Progress,DOT,Department of Transportation,10036.0,NEW YORK,MANHATTAN,TIMES SQUARE,40.75662809704763,-73.98628744115045,POINT (-73.98628744115 40.756628097048)
70100140,2026-08-17T10:46:39.000,Sewer Maintenance,Catch Basin Clogged,In Progress,DEP,Department of Environmental Protection,11692.0,,QUEENS,ALMEDA AVENUE,40.59693265142516,-73.79758326416876,POINT (-73.797583264169 40.596932651425)
70097181,2026-08-17T10:46:23.000,Street Condition,Pothole,Open,DOT,Department of Transportation,10462.0,BRONX,BRONX,BRADY AVENUE,,,
70101309,2026-08-17T10:46:10.000,Illegal Dumping,Removal Request,In Progress,DSNY,Department of Sanitation,11385.0,,QUEENS,UNION TURNPIKE,40.70474494810287,-73.86015702370297,POINT (-73.860157023703 40.704744948103)
70099850,2026-08-17T10:46:01.000,Dirty Condition,Trash,In Progress,DSNY,Department of Sanitation,11423.0,HOLLIS,QUEENS,HOLLIS AVENUE,40.7095633754786,-73.76762432917616,POINT (-73.767624329176 40.709563375479)
70097333,2026-08-17T10:45:44.000,Water Maintenance,No Water,In Progress,DEP,Department of Environmental Protection,11423.0,HOLLIS,QUEENS,187 STREET,40.71400225381164,-73.77482329768047,POINT (-73.77482329768 40.714002253812)
70094354,2026-08-17T10:45:20.000,Dirty Condition,Trash,In Progress,DSNY,Department of Sanitation,11223.0,BROOKLYN,BROOKLYN,AVENUE Z,40.58605688917104,-73.9717736576177,POINT (-73.971773657618 40.586056889171)
70093699,2026-08-17T10:45:19.000,UNSANITARY CONDITION,PESTS,Open,HPD,Department of Housing Preservation and Development,11238.0,BROOKLYN,BROOKLYN,FRANKLIN AVENUE,40.67621822910569,-73.95597371125736,POINT (-73.955973711257 40.676218229106)
70097838,2026-08-17T10:45:17.000,WATER LEAK,HEAVY FLOW,Open,HPD,Department of Housing Preservation and Development,10467.0,BRONX,BRONX,EAST  220 STREET,40.8840491019895,-73.86165679913708,POINT (-73.861656799137 40.88404910199)
70099249,2026-08-17T10:45:08.000,UNSANITARY CONDITION,PESTS,Open,HPD,Department of Housing Preservation and Development,11238.0,BROOKLYN,BROOKLYN,GREENE AVENUE,40.68722398543826,-73.96143999047008,POINT (-73.96143999047 40.687223985438)
70099965,2026-08-17T10:45:00.000,Traffic Signal Condition,Controller,Closed,DOT,Department of Transportation,10128.0,MANHATTAN,MANHATTAN,,40.78356758876022,-73.947579423769,POINT (-73.947579423769 40.78356758876)
70092001,2026-08-17T10:44:12.000,Street Condition,Cave-in,In Progress,DOT,Department of Transportation,11423.0,HOLLIS,QUEENS,204 STREET,40.71853091670665,-73.75978289534075,POINT (-73.759782895341 40.718530916707)
70093003,2026-08-17T10:43:00.000,Traffic Signal Condition,Controller,Closed,DOT,Department of Transportation,,,BROOKLYN,,,,
70097837,2026-08-17T10:42:59.000,WATER LEAK,HEAVY FLOW,Open,HPD,Department of Housing Preservation and Development,10453.0,BRONX,BRONX,DAVIDSON AVENUE,40.84881318089625,-73.91272016401604,POINT (-73.912720164016 40.848813180896)
70093183,2026-08-17T10:42:40.000,Sewer Maintenance,Catch Basin Clogged,In Progress,DEP,Department of Environmental Protection,10036.0,NEW YORK,MANHATTAN,TIMES SQUARE,40.756375630414304,-73.98671341463543,POINT (-73.986713414635 40.756375630414)
70098957,2026-08-17T10:42:40.000,Street Condition,Cave-in,In Progress,DOT,Department of Transportation,11369.0,,QUEENS,86 STREET,40.76061474432424,-73.88249951269195,POINT (-73.882499512692 40.760614744324)
70092287,2026-08-17T10:42:08.000,UNSANITARY CONDITION,PESTS,Open,HPD,Department of Housing Preservation and Development,10458.0,BRONX,BRONX,DECATUR AVENUE,40.86513149249566,-73.88846104105922,POINT (-73.888461041059 40.865131492496)
70100627,2026-08-17T10:42:07.000,UNSANITARY CONDITION,PESTS,Open,HPD,Department of Housing Preservation and Development,10458.0,BRONX,BRONX,DECATUR AVENUE,40.86513149249566,-73.88846104105922,POINT (-73.888461041059 40.865131492496)
70101562,2026-08-17T10:39:46.000,Water Maintenance,Fire Hydrant Leaning/Missing,In Progress,DEP,Department of Environmental Protection,10023.0,NEW YORK,MANHATTAN,CENTRAL PARK WEST,40.7727303101777,-73.97851456448306,POINT (-73.978514564483 40.772730310178)
70091780,2026-08-17T10:39:37.000,Water Maintenance,Fire Hydrant Leaking,In Progress,DEP,Department of Environmental Protection,11233.0,BROOKLYN,BROOKLYN,MOTHER GASTON BOULEVARD,40.6794536980411,-73.90836303403528,POINT (-73.908363034035 40.679453698041)
70102036,2026-08-17T10:39:20.000,UNSANITARY CONDITION,PESTS,Open,HPD,Department of Housing Preservation and Development,10033.0,NEW YORK,MANHATTAN,WEST  176 STREET,40.84703223662135,-73.93890177984383,POINT (-73.938901779844 40.847032236621)
70096570,2026-08-17T10:39:09.000,UNSANITARY CONDITION,MOLD,Open,HPD,Department of Housing Preservation and Development,10009.0,NEW YORK,MANHATTAN,STUYVESANT OVAL,40.7312541335984,-73.97693313815105,POINT (-73.976933138151 40.731254133598)
70099200,2026-08-17T10:39:09.000,WATER LEAK,SLOW LEAK,Open,HPD,Department of Housing Preservation and Development,10009.0,NEW YORK,MANHATTAN,STUYVESANT OVAL,40.7312541335984,-73.97693313815105,POINT (-73.976933138151 40.731254133598)
70097571,2026-08-17T10:39:01.000,Street Condition,Blocked - Construction,In Progress,DOT,Department of Transportation,10459.0,BRONX,BRONX,JENNINGS STREET,40.83223604532116,-73.89414259794566,POINT (-73.894142597946 40.832236045321)
70096815,2026-08-17T10:38:31.000,Damaged Tree,Branch or Limb Has Fallen Down,In Progress,DPR,Department of Parks and Recreation,11415.0,KEW GARDENS,QUEENS,124 STREET,40.70338858302487,-73.82746206091618,POINT (-73.827462060916 40.703388583025)
70094361,2026-08-17T10:38:29.000,Dirty Condition,Trash,In Progress,DSNY,Department of Sanitation,11432.0,JAMAICA,QUEENS,SURREY PLACE,40.726185043240754,-73.78865082455347,POINT (-73.788650824553 40.726185043241)
70100137,2026-08-17T10:37:28.000,Sewer Maintenance,Catch Basin Clogged,In Progress,DEP,Department of Environmental Protection,11414.0,,QUEENS,98 STREET,40.65817088272961,-73.83478740678686,POINT (-73.834787406787 40.65817088273)
70093973,2026-08-17T10:37:22.000,Damaged Tree,Branch or Limb Has Fallen Down,In Progress,DPR,Department of Parks and Recreation,11216.0,BROOKLYN,BROOKLYN,MADISON STREET,40.68461818982393,-73.95151882951347,POINT (-73.951518829513 40.684618189824)
70097080,2026-08-17T10:37:08.000,Dirty Condition,Trash,In Progress,DSNY,Department of Sanitation,11413.0,SPRINGFIELD GARDENS,QUEENS,138 AVENUE,40.67292668498772,-73.74960439886304,POINT (-73.749604398863 40.672926684988)
70097214,2026-08-17T10:37:00.000,Traffic Signal Condition,Controller,Assigned,DOT,Department of Transportation,11102.0,QUEENS,QUEENS,,40.7672742075911,-73.92220244328351,POINT (-73.922202443284 40.767274207591)
70102105,2026-08-17T10:36:13.000,UNSANITARY CONDITION,GARBAGE/RECYCLING STORAGE,Open,HPD,Department of Housing Preservation and Development,11106.0,ASTORIA,QUEENS,31 AVENUE,40.7656409832487,-73.92621867972325,POINT (-73.926218679723 40.765640983249)
70096423,2026-08-17T10:36:05.000,Sidewalk Condition,Broken Sidewalk,In Progress,DOT,Department of Transportation,11105.0,ASTORIA,QUEENS,36 STREET,40.77749315582734,-73.9043430576642,POINT (-73.904343057664 40.777493155827)
70095982,2026-08-17T10:36:02.000,Sewer Maintenance,Catch Basin Clogged,In Progress,DEP,Department of Environmental Protection,10457.0,BRONX,BRONX,TELLER AVENUE,40.83959079296484,-73.90895199728573,POINT (-73.908951997286 40.839590792965)
70102722,2026-08-17T10:35:55.000,Dirty Condition,Trash,In Progress,DSNY,Department of Sanitation,11237.0,BROOKLYN,BROOKLYN,SCOTT AVENUE,40.71057915859956,-73.92304773172229,POINT (-73.923047731722 40.7105791586)
70096453,2026-08-17T10:35:16.000,Street Condition,"Rough, Pitted or Cracked Roads",In Progress,DOT,Department of Transportation,11237.0,,BROOKLYN,GATES AVENUE,40.69994610766667,-73.91180787890514,POINT (-73.911807878905 40.699946107667)
70093999,2026-08-17T10:34:31.000,Damaged Tree,Branch or Limb Has Fallen Down,In Progress,DPR,Department of Parks and Recreation,11414.0,HOWARD BEACH,QUEENS,KILLARNEY STREET,40.6652337936841,-73.83907017520897,POINT (-73.839070175209 40.665233793684)
70094351,2026-08-17T10:33:24.000,Dirty Condition,Trash,In Progress,DSNY,Department of Sanitation,11372.0,JACKSON HEIGHTS,QUEENS,ROOSEVELT AVENUE,40.74726654561796,-73.88751071266698,POINT (-73.887510712667 40.747266545618)
70096569,2026-08-17T10:33:23.000,UNSANITARY CONDITION,MOLD,Open,HPD,Department of Housing Preservation and Development,10032.0,NEW YORK,MANHATTAN,WEST  168 STREET,40.84014503831177,-73.93754560817383,POINT (-73.937545608174 40.840145038312)
70092314,2026-08-17T10:33:05.000,UNSANITARY CONDITION,GARBAGE/RECYCLING STORAGE,Open,HPD,Department of Housing Preservation and Development,11203.0,BROOKLYN,BROOKLYN,EAST   56 STREET,40.64991778556667,-73.92437180202788,POINT (-73.924371802028 40.649917785567)
70097907,2026-08-17T10:33:05.000,UNSANITARY CONDITION,GARBAGE/RECYCLING STORAGE,Open,HPD,Department of Housing Preservation and Development,11203.0,BROOKLYN,BROOKLYN,EAST   56 STREET,40.64991778556667,-73.92437180202788,POINT (-73.924371802028 40.649917785567)
70099260,2026-08-17T10:32:58.000,UNSANITARY CONDITION,MOLD,Open,HPD,Department of Housing Preservation and Development,11237.0,BROOKLYN,BROOKLYN,DECATUR STREET,40.69212023778423,-73.90427081405933,POINT (-73.904270814059 40.692120237784)
70097836,2026-08-17T10:32:58.000,WATER LEAK,HEAVY FLOW,Open,HPD,Department of Housing Preservation and Development,11237.0,BROOKLYN,BROOKLYN,DECATUR STREET,40.69212023778423,-73.90427081405933,POINT (-73.904270814059 40.692120237784)
70102700,2026-08-17T10:32:58.000,Illegal Dumping,Removal Request,In Progress,DSNY,Department of Sanitation,11357.0,,QUEENS,21 AVENUE,40.77944408096165,-73.80898731089363,POINT (-73.808987310894 40.779444080962)
70095107,2026-08-17T10:32:50.000,UNSANITARY CONDITION,MOLD,Open,HPD,Department of Housing Preservation and Development,11221.0,BROOKLYN,BROOKLYN,STARR STREET,40.70097790934173,-73.92717383789962,POINT (-73.9271738379 40.700977909342)
70093579,2026-08-17T10:32:35.000,Sidewalk Condition,Sidewalk Violation,In Progress,DOT,Department of Transportation,11412.0,SAINT ALBANS,QUEENS,HILBURN AVENUE,40.699456305099794,-73.76995325075738,POINT (-73.769953250757 40.6994563051)
70093578,2026-08-17T10:31:00.000,Sidewalk Condition,Sidewalk Violation,In Progress,DOT,Department of Transportation,11222.0,BROOKLYN,BROOKLYN,MEEKER AVENUE,40.72700504304494,-73.93387415566262,POINT (-73.933874155663 40.727005043045)
70095988,2026-08-17T10:30:39.000,Sewer Maintenance,Backup,In Progress,DEP,Department of Environmental Protection,11223.0,BROOKLYN,BROOKLYN,AVENUE S,40.60215447561709,-73.96920282127924,POINT (-73.969202821279 40.602154475617)
70092265,2026-08-17T10:30:24.000,UNSANITARY CONDITION,PESTS,Open,HPD,Department of Housing Preservation and Development,10457.0,BRONX,BRONX,EAST  175 STREET,40.84181008773323,-73.89170950188604,POINT (-73.891709501886 40.841810087733)
70100944,2026-08-17T10:30:12.000,Damaged Tree,Branch or Limb Has Fallen Down,In Progress,DPR,Department of Parks and Recreation,11223.0,BROOKLYN,BROOKLYN,EAST 1 STREET,40.59864704224486,-73.97080327320315,POINT (-73.970803273203 40.598647042245)
70097199,2026-08-17T10:30:00.000,Traffic Signal Condition,Controller,Closed,DOT,Department of Transportation,,,BRONX,,,,
70099911,2026-08-17T10:30:00.000,Dirty Condition,Trash,In Progress,DSNY,Department of Sanitation,10016.0,,MANHATTAN,EAST 39 STREET,40.74691989451374,-73.97122911540109,POINT (-73.971229115401 40.746919894514)
70100700,2026-08-17T10:29:47.000,UNSANITARY CONDITION,GARBAGE/RECYCLING STORAGE,Open,HPD,Department of Housing Preservation and Development,11230.0,BROOKLYN,BROOKLYN,EAST   14 STREET,40.62952102709048,-73.96314855928108,POINT (-73.963148559281 40.62952102709)
70098434,2026-08-17T10:29:37.000,Dirty Condition,Trash,In Progress,DSNY,Department of Sanitation,11234.0,BROOKLYN,BROOKLYN,EAST 36 STREET,40.61192470799077,-73.93375403947421,POINT (-73.933754039474 40.611924707991)
70092150,2026-08-17T10:29:24.000,Sidewalk Condition,Sidewalk Violation,In Progress,DOT,Department of Transportation,11222.0,BROOKLYN,BROOKLYN,MEEKER AVENUE,40.72721346170556,-73.93355645138364,POINT (-73.933556451384 40.727213461706)
70100370,2026-08-17T10:29:07.000,Street Condition,Cave-in,In Progress,DOT,Department of Transportation,11355.0,,QUEENS,MAPLE AVENUE,40.75372168208527,-73.83282153934903,POINT (-73.832821539349 40.753721682085)
70101545,2026-08-17T10:28:59.000,Water Maintenance,Fire Hydrant Defective,In Progress,DEP,Department of Environmental Protection,11208.0,BROOKLYN,BROOKLYN,SHEPHARD AVENUE,40.67054818086319,-73.87992569749619,POINT (-73.879925697496 40.670548180863)
70099913,2026-08-17T10:28:42.000,Dirty Condition,Trash,In Progress,DSNY,Department of Sanitation,10472.0,BRONX,BRONX,CHATTERTON AVENUE,40.82766223557003,-73.8552302117383,POINT (-73.855230211738 40.82766223557)
70093978,2026-08-17T10:28:19.000,Damaged Tree,Branch or Limb Has Fallen Down,In Progress,DPR,Department of Parks and Recreation,10024.0,NEW YORK,MANHATTAN,WEST 84 STREET,40.784566890582255,-73.97172200343265,POINT (-73.971722003433 40.784566890582)
70096416,2026-08-17T10:28:11.000,Sidewalk Condition,Sidewalk Violation,In Progress,DOT,Department of Transportation,11222.0,BROOKLYN,BROOKLYN,MEEKER AVENUE,40.72712022112214,-73.93369725325775,POINT (-73.933697253258 40.727120221122)
70100136,2026-08-17T10:27:52.000,Sewer Maintenance,Catch Basin Clogged,In Progress,DEP,Department of Environmental Protection,11222.0,,BROOKLYN,LOMBARDY STREET,40.722990433668855,-73.93558818746973,POINT (-73.93558818747 40.722990433669)
70099943,2026-08-17T10:27:51.000,Street Condition,Pothole,Open,DOT,Department of Transportation,11210.0,BROOKLYN,BROOKLYN,NEW YORK AVENUE,,,
70091751,2026-08-17T10:27:36.000,Water Maintenance,Low Pressure,In Progress,DEP,Department of Environmental Protection,11207.0,BROOKLYN,BROOKLYN,ASHFORD STREET,40.670750299794,-73.88431246489569,POINT (-73.884312464896 40.670750299794)
70098541,2026-08-17T10:27:33.000,Street Condition,Pothole,Closed,DOT,Department of Transportation,11355.0,QUEENS,QUEENS,,40.75372168208527,-73.83282153934903,POINT (-73.832821539349 40.753721682085)
70095970,2026-08-17T10:27:31.000,Water Maintenance,Fire Hydrant Running,In Progress,DEP,Department of Environmental Protection,11237.0,BROOKLYN,BROOKLYN,GREENE AVENUE,40.70103112565165,-73.91661031423794,POINT (-73.916610314238 40.701031125652)
70092179,2026-08-17T10:27:00.000,Street Light Condition,Street Light Out,Open,DOT,Department of Transportation,10305.0,STATEN ISLAND,STATEN ISLAND,CLIFTON AVENUE,40.61428401770196,-74.06831934962223,POINT (-74.068319349622 40.614284017702)
70092149,2026-08-17T10:26:37.000,Sidewalk Condition,Sidewalk Violation,In Progress,DOT,Department of Transportation,11228.0,BROOKLYN,BROOKLYN,BAYRIDGE PARKWAY,40.61955219693992,-74.00619922336257,POINT (-74.006199223363 40.61955219694)
70093577,2026-08-17T10:25:46.000,Sidewalk Condition,Sidewalk Violation,In Progress,DOT,Department of Transportation,11222.0,BROOKLYN,BROOKLYN,GARDNER AVENUE,40.72706717335802,-73.93215672509758,POINT (-73.932156725098 40.727067173358)
70100144,2026-08-17T10:25:39.000,Sewer Maintenance,Backup,In Progress,DEP,Department of Environmental Protection,11370.0,EAST ELMHURST,QUEENS,81 STREET,40.75861272095752,-73.8868815239069,POINT (-73.886881523907 40.758612720958)
70102362,2026-08-17T10:25:36.000,Damaged Tree,Entire Tree Has Fallen Down,Closed,DPR,Department of Parks and Recreation,10018.0,NEW YORK,MANHATTAN,WEST 40 STREET,40.75520935070673,-73.98895871964947,POINT (-73.988958719649 40.755209350707)
70097183,2026-08-17T10:25:33.000,Street Condition,Pothole,Open,DOT,Department of Transportation,11235.0,BROOKLYN,BROOKLYN,AVENUE Y,,,
70097366,2026-08-17T10:24:50.000,Sewer Maintenance,Catch Basin Clogged,In Progress,DEP,Department of Environmental Protection,11222.0,,BROOKLYN,DIVISION PLACE,40.721667152469415,-73.93504110731998,POINT (-73.93504110732 40.721667152469)
70100615,2026-08-17T10:23:57.000,WATER LEAK,HEAVY FLOW,Open,HPD,Department of Housing Preservation and Development,10451.0,BRONX,BRONX,EAST  160 STREET,40.82383248968232,-73.91496418674754,POINT (-73.914964186748 40.823832489682)
70097785,2026-08-17T10:23:48.000,Street Condition,"Rough, Pitted or Cracked Roads",Closed,DOT,Department of Transportation,10019.0,,MANHATTAN,WEST 58 STREET,40.76619801677359,-73.97954553226921,POINT (-73.979545532269 40.766198016774)
70097824,2026-08-17T10:23:47.000,WATER LEAK,SLOW LEAK,Open,HPD,Department of Housing Preservation and Development,11237.0,BROOKLYN,BROOKLYN,WYCKOFF AVENUE,40.70237295118861,-73.91610732088587,POINT (-73.916107320886 40.702372951189)
70092965,2026-08-17T10:23:35.000,Street Condition,Pothole,Open,DOT,Department of Transportation,11208.0,BROOKLYN,BROOKLYN,LINCOLN AVENUE,,,
70098722,2026-08-17T10:23:06.000,Sewer Maintenance,Backup,In Progress,DEP,Department of Environmental Protection,11208.0,BROOKLYN,BROOKLYN,HALE AVENUE,40.68273014589965,-73.88054554526886,POINT (-73.880545545269 40.6827301459)
70094993,2026-08-17T10:23:00.000,Street Light Condition,Street Light Out,Open,DOT,Department of Transportation,11236.0,BROOKLYN,BROOKLYN,AVENUE M,40.63617338352927,-73.89483913880713,POINT (-73.894839138807 40.636173383529)
70099534,2026-08-17T10:22:40.000,Damaged Tree,Entire Tree Has Fallen Down,In Progress,DPR,Department of Parks and Recreation,10030.0,NEW YORK,MANHATTAN,WEST 140 STREET,40.81887051931045,-73.94235988556676,POINT (-73.942359885567 40.81887051931)
70093742,2026-08-17T10:20:37.000,UNSANITARY CONDITION,GARBAGE/RECYCLING STORAGE,Open,HPD,Department of Housing Preservation and Development,11226.0,BROOKLYN,BROOKLYN,FLATBUSH AVENUE,40.65500521129714,-73.95972147525079,POINT (-73.959721475251 40.655005211297)
70095724,2026-08-17T10:20:36.000,Illegal Dumping,Removal Request,In Progress,DSNY,Department of Sanitation,10470.0,,BRONX,EAST 240 STREET,40.90204443765816,-73.85155206210321,POINT (-73.851552062103 40.902044437658)
70092964,2026-08-17T10:19:50.000,Street Condition,Pothole,Open,DOT,Department of Transportation,11208.0,BROOKLYN,BROOKLYN,GRANT AVENUE,,,
70095966,2026-08-17T10:19:44.000,Water Maintenance,Fire Hydrant Running Full,Closed,DEP,Department of Environmental Protection,10458.0,BRONX,BRONX,FORDHAM PLAZA,40.860738309185045,-73.88958549699862,POINT (-73.889585496999 40.860738309185)
70102703,2026-08-17T10:18:52.000,Illegal Dumping,Removal Request,In Progress,DSNY,Department of Sanitation,11228.0,BROOKLYN,BROOKLYN,11 AVENUE,40.62604347194319,-74.00861707408562,POINT (-74.008617074086 40.626043471943)
70093581,2026-08-17T10:18:14.000,Sidewalk Condition,Sidewalk Violation,In Progress,DOT,Department of Transportation,11222.0,BROOKLYN,BROOKLYN,MEEKER AVENUE,40.72716684039563,-73.93362504840935,POINT (-73.933625048409 40.727166840396)
70095069,2026-08-17T10:17:00.000,UNSANITARY CONDITION,PESTS,Open,HPD,Department of Housing Preservation and Development,10459.0,BRONX,BRONX,INTERVALE AVENUE,40.83090391405836,-73.89311846914359,POINT (-73.893118469144 40.830903914058)
70092274,2026-08-17T10:16:42.000,UNSANITARY CONDITION,PESTS,Open,HPD,Department of Housing Preservation and Development,10458.0,BRONX,BRONX,HOFFMAN STREET,40.85850913966016,-73.88627419678465,POINT (-73.886274196785 40.85850913966)
70095050,2026-08-17T10:16:42.000,WATER LEAK,HEAVY FLOW,Open,HPD,Department of Housing Preservation and Development,10458.0,BRONX,BRONX,HOFFMAN STREET,40.85850913966016,-73.88627419678465,POINT (-73.886274196785 40.85850913966)
70096532,2026-08-17T10:16:42.000,UNSANITARY CONDITION,PESTS,Open,HPD,Department of Housing Preservation and Development,10458.0,BRONX,BRONX,HOFFMAN STREET,40.85850913966016,-73.88627419678465,POINT (-73.886274196785 40.85850913966)
70100145,2026-08-17T10:16:22.000,Sewer Maintenance,Backup,In Progress,DEP,Department of Environmental Protection,10452.0,BRONX,BRONX,GERARD AVENUE,40.828922074250734,-73.92409246173344,POINT (-73.924092461733 40.828922074251)
70097182,2026-08-17T10:15:59.000,Street Condition,Pothole,Open,DOT,Department of Transportation,11214.0,BROOKLYN,BROOKLYN,26 AVENUE,,,
70093414,2026-08-17T10:15:42.000,Street Condition,Cave-in,In Progress,DOT,Department of Transportation,10032.0,NEW YORK,MANHATTAN,HAVEN AVENUE,40.84296670734163,-73.94305823358584,POINT (-73.943058233586 40.842966707342)
70093979,2026-08-17T10:15:26.000,Damaged Tree,Branch or Limb Has Fallen Down,In Progress,DPR,Department of Parks and Recreation,10027.0,NEW YORK,MANHATTAN,WEST 132 STREET,40.814182028282254,-73.94702063937225,POINT (-73.947020639372 40.814182028282)
70101548,2026-08-17T10:15:03.000,Water Maintenance,Dirty Water,In Progress,DEP,Department of Environmental Protection,11103.0,ASTORIA,QUEENS,37 STREET,40.76857989737759,-73.91337766906872,POINT (-73.913377669069 40.768579897378)
70098964,2026-08-17T10:14:22.000,Sidewalk Condition,Defective Hardware,In Progress,DOT,Department of Transportation,10301.0,STATEN ISLAND,STATEN ISLAND,ARNOLD PLACE,40.63818208275382,-74.09298190055851,POINT (-74.092981900559 40.638182082754)
70098678,2026-08-17T10:14:05.000,Water Maintenance,Leak,In Progress,DEP,Department of Environmental Protection,11101.0,,QUEENS,23 STREET,40.75065038864625,-73.94282314326617,POINT (-73.942823143266 40.750650388646)
70094811,2026-08-17T10:13:34.000,Street Condition,Cave-in,In Progress,DOT,Department of Transportation,10463.0,,BRONX,EDSALL AVENUE,40.87880138304864,-73.91976483979569,POINT (-73.919764839796 40.878801383049)
70101320,2026-08-17T10:13:29.000,Dirty Condition,Trash,In Progress,DSNY,Department of Sanitation,11236.0,BROOKLYN,BROOKLYN,FLATLANDS AVENUE,40.63943661528314,-73.90722173264197,POINT (-73.907221732642 40.639436615283)
70097766,2026-08-17T10:13:20.000,Sidewalk Condition,Broken Sidewalk,In Progress,DOT,Department of Transportation,10308.0,STATEN ISLAND,STATEN ISLAND,FENWAY CIRCLE,40.55773417991451,-74.16258183677408,POINT (-74.162581836774 40.557734179915)
70092250,2026-08-17T10:13:19.000,UNSANITARY CONDITION,SEWAGE,Open,HPD,Department of Housing Preservation and Development,11423.0,HOLLIS,QUEENS,186 STREET,40.70741669889348,-73.77160657849738,POINT (-73.771606578497 40.707416698893)
70099279,2026-08-17T10:13:03.000,UNSANITARY CONDITION,GARBAGE/RECYCLING STORAGE,Open,HPD,Department of Housing Preservation and Development,11239.0,BROOKLYN,BROOKLYN,HORNELL LOOP,40.6445523515262,-73.87993644451879,POINT (-73.879936444519 40.644552351526)
70099209,2026-08-17T10:12:49.000,WATER LEAK,HEAVY FLOW,Open,HPD,Department of Housing Preservation and Development,10455.0,BRONX,BRONX,EAST  152 STREET,40.818110781326304,-73.91637328547242,POINT (-73.916373285472 40.818110781326)
70099887,2026-08-17T10:11:57.000,Illegal Dumping,Removal Request,In Progress,DSNY,Department of Sanitation,10470.0,,BRONX,EAST 239 STREET,40.89964097028208,-73.85223386326103,POINT (-73.852233863261 40.899640970282)
70098495,2026-08-17T10:11:35.000,Dirty Condition,Trash,In Progress,DSNY,Department of Sanitation,11101.0,LONG ISLAND CITY,QUEENS,37 AVENUE,40.75526642597975,-73.93160102562045,POINT (-73.93160102562 40.75526642598)
70100543,2026-08-17T10:11:00.000,Street Light Condition,Lamppost Leaning,Open,DOT,Department of Transportation,11367.0,QUEENS,QUEENS,,40.72193810692072,-73.81704566196002,POINT (-73.81704566196 40.721938106921)
70099278,2026-08-17T10:10:58.000,UNSANITARY CONDITION,GARBAGE/RECYCLING STORAGE,Open,HPD,Department of Housing Preservation and Development,11226.0,BROOKLYN,BROOKLYN,EAST   29 STREET,40.643843769047066,-73.9498116086872,POINT (-73.949811608687 40.643843769047)
70093668,2026-08-17T10:10:19.000,WATER LEAK,DAMP SPOT,Open,HPD,Department of Housing Preservation and Development,11216.0,BROOKLYN,BROOKLYN,GATES AVENUE,40.68557800392962,-73.95623074565354,POINT (-73.956230745654 40.68557800393)
70094569,2026-08-17T10:09:58.000,Water Maintenance,Dirty Water,In Progress,DEP,Department of Environmental Protection,11231.0,BROOKLYN,BROOKLYN,HENRY STREET,40.68297330532234,-73.99997836681297,POINT (-73.999978366813 40.682973305322)
70097295,2026-08-17T10:09:48.000,Dirty Condition,Trash,Closed,DSNY,Department of Sanitation,11213.0,BROOKLYN,BROOKLYN,UNION STREET,40.66819519752043,-73.9379949940997,POINT (-73.9379949941 40.66819519752)
70097855,2026-08-17T10:09:41.000,UNSANITARY CONDITION,PESTS,Open,HPD,Department of Housing Preservation and Development,10451.0,BRONX,BRONX,CONCOURSE VILLAGE WEST,40.82190383432384,-73.92409324133556,POINT (-73.924093241336 40.821903834324)
70098949,2026-08-17T10:09:32.000,Street Condition,Cave-in,In Progress,DOT,Department of Transportation,11385.0,RIDGEWOOD,QUEENS,LINDEN STREET,40.702308417820426,-73.91059654990802,POINT (-73.910596549908 40.70230841782)
70091760,2026-08-17T10:09:31.000,Water Maintenance,Fire Hydrant Defective,In Progress,DEP,Department of Environmental Protection,11208.0,BROOKLYN,BROOKLYN,SHEPHERD AVENUE,40.67796374177056,-73.88177626719778,POINT (-73.881776267198 40.677963741771)
70100943,2026-08-17T10:08:57.000,Damaged Tree,Branch or Limb Has Fallen Down,In Progress,DPR,Department of Parks and Recreation,11203.0,BROOKLYN,BROOKLYN,NEW YORK AVENUE,40.64641674725903,-73.94620611693315,POINT (-73.946206116933 40.646416747259)
70101501,2026-08-17T10:08:17.000,Dirty Condition,Trash,Closed,DSNY,Department of Sanitation,11213.0,BROOKLYN,BROOKLYN,UNION STREET,40.66841116915696,-73.94158511919835,POINT (-73.941585119198 40.668411169157)
70091758,2026-08-17T10:08:11.000,Water Maintenance,Fire Hydrant Running Full,In Progress,DEP,Department of Environmental Protection,11236.0,,BROOKLYN,EAST 108 STREET,40.65345431306768,-73.89760855543847,POINT (-73.897608555438 40.653454313068)
70092897,2026-08-17T10:08:06.000,Illegal Dumping,Removal Request,In Progress,DSNY,Department of Sanitation,11232.0,BROOKLYN,BROOKLYN,23 STREET,40.66196476482411,-73.99749134063545,POINT (-73.997491340635 40.661964764824)
70095732,2026-08-17T10:07:28.000,Dirty Condition,Trash,In Progress,DSNY,Department of Sanitation,10024.0,NEW YORK,MANHATTAN,AMSTERDAM AVENUE,40.789260886149705,-73.97385066924859,POINT (-73.973850669249 40.78926088615)
70101330,2026-08-17T10:07:11.000,Dirty Condition,Trash,In Progress,DSNY,Department of Sanitation,10452.0,BRONX,BRONX,EAST 170 STREET,40.84004716887838,-73.91723837970058,POINT (-73.917238379701 40.840047168878)
70092907,2026-08-17T10:07:08.000,Illegal Dumping,Removal Request,In Progress,DSNY,Department of Sanitation,10012.0,NEW YORK,MANHATTAN,MULBERRY STREET,40.722401793171166,-73.99610011492682,POINT (-73.996100114927 40.722401793171)
70092997,2026-08-17T10:07:00.000,Traffic Signal Condition,Controller,Closed,DOT,Department of Transportation,10033.0,MANHATTAN,MANHATTAN,,40.84420067645116,-73.93565153699716,POINT (-73.935651536997 40.844200676451)
70097294,2026-08-17T10:06:57.000,Dirty Condition,Trash,Closed,DSNY,Department of Sanitation,11213.0,BROOKLYN,BROOKLYN,UNION STREET,40.66866030568937,-73.94589258706144,POINT (-73.945892587061 40.668660305689)
70100677,2026-08-17T10:06:44.000,UNSANITARY CONDITION,MOLD,Open,HPD,Department of Housing Preservation and Development,11229.0,BROOKLYN,BROOKLYN,EAST   17 STREET,40.59802408790666,-73.9543076196607,POINT (-73.954307619661 40.598024087907)
70099903,2026-08-17T10:06:26.000,Dirty Condition,Trash,In Progress,DSNY,Department of Sanitation,11419.0,SOUTH RICHMOND HILL,QUEENS,103 AVENUE,40.686828837784205,-73.8289472081998,POINT (-73.8289472082 40.686828837784)
70091612,2026-08-17T10:06:00.000,Traffic Signal Condition,Controller,Closed,DOT,Department of Transportation,11233.0,BROOKLYN,BROOKLYN,,40.671899351230536,-73.92229927418927,POINT (-73.922299274189 40.671899351231)
70095915,2026-08-17T10:05:48.000,Dirty Condition,Trash,Closed,DSNY,Department of Sanitation,11225.0,BROOKLYN,BROOKLYN,UNION STREET,40.66887872809009,-73.94937461760716,POINT (-73.949374617607 40.66887872809)
70091776,2026-08-17T10:05:43.000,Water Maintenance,Fire Hydrant Running,In Progress,DEP,Department of Environmental Protection,10463.0,,BRONX,BROADWAY,40.88168675459112,-73.90282256452664,POINT (-73.902822564527 40.881686754591)
70102719,2026-08-17T10:04:30.000,Dirty Condition,Trash,In Progress,DSNY,Department of Sanitation,10452.0,BRONX,BRONX,INWOOD AVENUE,40.84083880010128,-73.91886373473635,POINT (-73.918863734736 40.840838800101)
70098675,2026-08-17T10:04:06.000,Water Maintenance,Water in Basement,Closed,DEP,Department of Environmental Protection,10459.0,BRONX,BRONX,VYSE AVENUE,40.831097961358985,-73.88933114581181,POINT (-73.889331145812 40.831097961359)
70095098,2026-08-17T10:04:02.000,UNSANITARY CONDITION,PESTS,Open,HPD,Department of Housing Preservation and Development,10026.0,NEW YORK,MANHATTAN,MANHATTAN AVENUE,40.80341351354489,-73.9580062470463,POINT (-73.958006247046 40.803413513545)
70100625,2026-08-17T10:03:57.000,UNSANITARY CONDITION,PESTS,Open,HPD,Department of Housing Preservation and Development,10033.0,NEW YORK,MANHATTAN,MAGAW PLACE,40.85094256280432,-73.93726437209372,POINT (-73.937264372094 40.850942562804)
70092295,2026-08-17T10:03:41.000,UNSANITARY CONDITION,MOLD,Open,HPD,Department of Housing Preservation and Development,10014.0,NEW YORK,MANHATTAN,CHRISTOPHER STREET,40.73316116104753,-74.00572989590954,POINT (-74.00572989591 40.733161161048)
70097834,2026-08-17T10:03:41.000,WATER LEAK,HEAVY FLOW,Open,HPD,Department of Housing Preservation and Development,10014.0,NEW YORK,MANHATTAN,CHRISTOPHER STREET,40.73316116104753,-74.00572989590954,POINT (-74.00572989591 40.733161161048)
70100651,2026-08-17T10:03:32.000,UNSANITARY CONDITION,PESTS,Open,HPD,Department of Housing Preservation and Development,11235.0,BROOKLYN,BROOKLYN,BRIGHTON COURT,40.58756186650976,-73.96482068756615,POINT (-73.964820687566 40.58756186651)
70095106,2026-08-17T10:03:32.000,UNSANITARY CONDITION,MOLD,Open,HPD,Department of Housing Preservation and Development,11235.0,BROOKLYN,BROOKLYN,BRIGHTON COURT,40.58756186650976,-73.96482068756615,POINT (-73.964820687566 40.58756186651)
70097853,2026-08-17T10:03:32.000,UNSANITARY CONDITION,PESTS,Open,HPD,Department of Housing Preservation and Development,11235.0,BROOKLYN,BROOKLYN,BRIGHTON COURT,40.58756186650976,-73.96482068756615,POINT (-73.964820687566 40.58756186651)
70100374,2026-08-17T10:03:17.000,Street Condition,Cave-in,In Progress,DOT,Department of Transportation,10306.0,STATEN ISLAND,STATEN ISLAND,BEHAN COURT,40.571204855714655,-74.12102956613298,POINT (-74.121029566133 40.571204855715)
70097146,2026-08-17T10:03:05.000,Dirty Condition,Trash,In Progress,DSNY,Department of Sanitation,10452.0,BRONX,BRONX,WEST 170 STREET,40.840390049197886,-73.92085201732763,POINT (-73.920852017328 40.840390049198)
70101322,2026-08-17T10:03:01.000,Dirty Condition,Trash,In Progress,DSNY,Department of Sanitation,11419.0,SOUTH RICHMOND HILL,QUEENS,LIBERTY AVENUE,40.68658697311926,-73.82328322103974,POINT (-73.82328322104 40.686586973119)
70102349,2026-08-17T10:03:00.000,Damaged Tree,Entire Tree Has Fallen Down,In Progress,DPR,Department of Parks and Recreation,11207.0,BROOKLYN,BROOKLYN,HEGEMAN AVENUE,40.66074815442237,-73.88973270621455,POINT (-73.889732706215 40.660748154422)
70093428,2026-08-17T10:02:27.000,Street Condition,Cave-in,In Progress,DOT,Department of Transportation,11412.0,SAINT ALBANS,QUEENS,201 STREET,40.69709502923567,-73.75238785809682,POINT (-73.752387858097 40.697095029236)
70099197,2026-08-17T10:00:38.000,WATER LEAK,SLOW LEAK,Open,HPD,Department of Housing Preservation and Development,10033.0,NEW YORK,MANHATTAN,WEST  178 STREET,40.847466768810726,-73.9354568117181,POINT (-73.935456811718 40.847466768811)
70100676,2026-08-17T10:00:38.000,UNSANITARY CONDITION,MOLD,Open,HPD,Department of Housing Preservation and Development,10033.0,NEW YORK,MANHATTAN,WEST  178 STREET,40.847466768810726,-73.9354568117181,POINT (-73.935456811718 40.847466768811)
70100373,2026-08-17T10:00:29.000,Sidewalk Condition,Blocked - Construction,In Progress,DOT,Department of Transportation,11354.0,FLUSHING,QUEENS,37 AVENUE,40.76068333561328,-73.83348991739794,POINT (-73.833489917398 40.760683335613)
70096796,2026-08-17T10:00:28.000,Damaged Tree,Branch Cracked and Will Fall,In Progress,DPR,Department of Parks and Recreation,11215.0,BROOKLYN,BROOKLYN,CARROLL STREET,40.672647467540216,-73.97487694309577,POINT (-73.974876943096 40.67264746754)
70092273,2026-08-17T10:00:27.000,UNSANITARY CONDITION,PESTS,Open,HPD,Department of Housing Preservation and Development,11210.0,BROOKLYN,BROOKLYN,AVENUE K,40.625599426768,-73.93900362071128,POINT (-73.939003620711 40.625599426768)
70092255,2026-08-17T10:00:23.000,UNSANITARY CONDITION,PESTS,Open,HPD,Department of Housing Preservation and Development,11223.0,BROOKLYN,BROOKLYN,OCEAN PARKWAY,40.59427015001972,-73.9647955489268,POINT (-73.964795548927 40.59427015002)
70099258,2026-08-17T10:00:23.000,UNSANITARY CONDITION,MOLD,Open,HPD,Department of Housing Preservation and Development,11209.0,BROOKLYN,BROOKLYN,3 AVENUE,40.6148316010333,-74.03460658194258,POINT (-74.034606581943 40.614831601033)
70102715,2026-08-17T09:59:38.000,Dirty Condition,Trash,In Progress,DSNY,Department of Sanitation,10013.0,NEW YORK,MANHATTAN,THOMPSON STREET,40.72310169920853,-74.00410917275532,POINT (-74.004109172755 40.723101699209)
70095379,2026-08-17T09:59:23.000,Damaged Tree,Branch or Limb Has Fallen Down,In Progress,DPR,Department of Parks and Recreation,11691.0,FAR ROCKAWAY,QUEENS,BEACH 6 STREET,40.59946718722589,-73.74072965167449,POINT (-73.740729651674 40.599467187226)
70100945,2026-08-17T09:58:19.000,Damaged Tree,Branch or Limb Has Fallen Down,In Progress,DPR,Department of Parks and Recreation,11201.0,BROOKLYN,BROOKLYN,FRONT STREET,40.70250733749043,-73.98940384544872,POINT (-73.989403845449 40.70250733749)
70093421,2026-08-17T09:58:02.000,Street Condition,Defective Hardware,In Progress,DOT,Department of Transportation,11423.0,,QUEENS,183 STREET,40.70892653589265,-73.77731841618792,POINT (-73.777318416188 40.708926535893)
70100150,2026-08-17T09:57:47.000,Sewer Maintenance,Backup,Closed,DEP,Department of Environmental Protection,11412.0,SAINT ALBANS,QUEENS,201 STREET,40.69709502923567,-73.75238785809682,POINT (-73.752387858097 40.697095029236)
70092264,2026-08-17T09:57:38.000,UNSANITARY CONDITION,PESTS,Open,HPD,Department of Housing Preservation and Development,10035.0,NEW YORK,MANHATTAN,EAST  118 STREET,40.797105834500606,-73.93394899116265,POINT (-73.933948991163 40.797105834501)
70095067,2026-08-17T09:57:38.000,UNSANITARY CONDITION,PESTS,Open,HPD,Department of Housing Preservation and Development,10035.0,NEW YORK,MANHATTAN,EAST  118 STREET,40.797105834500606,-73.93394899116265,POINT (-73.933948991163 40.797105834501)
70097871,2026-08-17T09:57:32.000,UNSANITARY CONDITION,PESTS,Open,HPD,Department of Housing Preservation and Development,11377.0,WOODSIDE,QUEENS,63 STREET,40.748600916107904,-73.89986235989598,POINT (-73.899862359896 40.748600916108)
70102050,2026-08-17T09:57:26.000,UNSANITARY CONDITION,PESTS,Open,HPD,Department of Housing Preservation and Development,10474.0,BRONX,BRONX,COSTER STREET,40.81359283231739,-73.88721075139193,POINT (-73.887210751392 40.813592832317)
70102082,2026-08-17T09:57:26.000,UNSANITARY CONDITION,PESTS,Open,HPD,Department of Housing Preservation and Development,10474.0,BRONX,BRONX,COSTER STREET,40.81359283231739,-73.88721075139193,POINT (-73.887210751392 40.813592832317)
70096568,2026-08-17T09:57:21.000,UNSANITARY CONDITION,MOLD,Open,HPD,Department of Housing Preservation and Development,10032.0,NEW YORK,MANHATTAN,ST NICHOLAS PLACE,40.829236604562965,-73.94095611095504,POINT (-73.940956110955 40.829236604563)
70099196,2026-08-17T09:57:21.000,WATER LEAK,SLOW LEAK,Open,HPD,Department of Housing Preservation and Development,10032.0,NEW YORK,MANHATTAN,ST NICHOLAS PLACE,40.829236604562965,-73.94095611095504,POINT (-73.940956110955 40.829236604563)
70099148,2026-08-17T09:57:09.000,Street Condition,Cave-in,In Progress,DOT,Department of Transportation,11432.0,JAMAICA,QUEENS,164 STREET,40.71336562363818,-73.80177473299842,POINT (-73.801774732998 40.713365623638)
70099555,2026-08-17T09:57:07.000,Damaged Tree,Branch Cracked and Will Fall,In Progress,DPR,Department of Parks and Recreation,11691.0,FAR ROCKAWAY,QUEENS,BEACH 6 STREET,40.59946718722589,-73.74072965167449,POINT (-73.740729651674 40.599467187226)
70094998,2026-08-17T09:57:00.000,Street Light Condition,Street Light Out,Open,DOT,Department of Transportation,11434.0,JAMAICA,QUEENS,MARSDEN STREET,40.68316381085914,-73.77718811332531,POINT (-73.777188113325 40.683163810859)
70096251,2026-08-17T09:56:46.000,Street Condition,Blocked - Construction,Closed,DOT,Department of Transportation,10026.0,,MANHATTAN,EAST 116 STREET,40.80066400296945,-73.94646071704003,POINT (-73.94646071704 40.800664002969)
70101314,2026-08-17T09:56:33.000,Illegal Dumping,Removal Request,In Progress,DSNY,Department of Sanitation,10303.0,STATEN ISLAND,STATEN ISLAND,LAKE AVENUE,40.63318265892763,-74.15099514524034,POINT (-74.15099514524 40.633182658928)
70094989,2026-08-17T09:56:00.000,Street Light Condition,Multiple Street Lights Out,Open,DOT,Department of Transportation,10471.0,BRONX,BRONX,WEST  246 STREET,,,
70091992,2026-08-17T09:55:17.000,Street Condition,Cave-in,In Progress,DOT,Department of Transportation,11210.0,,BROOKLYN,NEW YORK AVENUE,40.634177116402896,-73.94487930900152,POINT (-73.944879309002 40.634177116403)
70093182,2026-08-17T09:55:14.000,Sewer Maintenance,Catch Basin Clogged,In Progress,DEP,Department of Environmental Protection,11206.0,BROOKLYN,BROOKLYN,HARRISON AVENUE,40.701684002079695,-73.94883396996896,POINT (-73.948833969969 40.70168400208)
70091995,2026-08-17T09:55:01.000,Street Condition,Defective Hardware,In Progress,DOT,Department of Transportation,10024.0,,MANHATTAN,WEST 86 STREET,40.78648556883817,-73.97217258063515,POINT (-73.972172580635 40.786485568838)
70094428,2026-08-17T09:55:00.000,Traffic Signal Condition,Controller,Closed,DOT,Department of Transportation,,,BROOKLYN,,,,
70102026,2026-08-17T09:54:43.000,WATER LEAK,DAMP SPOT,Open,HPD,Department of Housing Preservation and Development,10451.0,BRONX,BRONX,CONCOURSE VILLAGE EAST,40.823179958885945,-73.91978854856163,POINT (-73.919788548562 40.823179958886)
70095101,2026-08-17T09:54:37.000,UNSANITARY CONDITION,MOLD,Open,HPD,Department of Housing Preservation and Development,11434.0,JAMAICA,QUEENS,115 ROAD,40.6851590581545,-73.7902195142739,POINT (-73.790219514274 40.685159058155)
70099237,2026-08-17T09:54:27.000,UNSANITARY CONDITION,PESTS,Open,HPD,Department of Housing Preservation and Development,10453.0,BRONX,BRONX,EAST  177 STREET,40.84982297098418,-73.90883316869436,POINT (-73.908833168694 40.849822970984)
70093401,2026-08-17T09:54:20.000,Street Condition,Failed Street Repair,In Progress,DOT,Department of Transportation,11222.0,BROOKLYN,BROOKLYN,MONITOR STREET,40.72541774599662,-73.94256338153217,POINT (-73.942563381532 40.725417745997)
70094012,2026-08-17T09:54:18.000,Damaged Tree,Branch Cracked and Will Fall,Closed,DPR,Department of Parks and Recreation,10306.0,STATEN ISLAND,STATEN ISLAND,WEED AVENUE,40.56679369701477,-74.10451175243037,POINT (-74.10451175243 40.566793697015)
70097580,2026-08-17T09:54:16.000,Sidewalk Condition,Sidewalk Grating - Defective,In Progress,DOT,Department of Transportation,10004.0,NEW YORK,MANHATTAN,GREENWICH STREET,40.70615746640427,-74.01436221847669,POINT (-74.014362218477 40.706157466404)
70094313,2026-08-17T09:54:00.000,Dirty Condition,Debris from Car Accident,In Progress,DSNY,Department of Sanitation,11357.0,WHITESTONE,QUEENS,25 AVENUE,40.77485372031302,-73.80340779061721,POINT (-73.803407790617 40.774853720313)
70100122,2026-08-17T09:53:55.000,Water Maintenance,Fire Hydrant Running,In Progress,DEP,Department of Environmental Protection,10459.0,,BRONX,WEST FARMS ROAD,40.82681133349316,-73.88997783439761,POINT (-73.889977834398 40.826811333493)
70100552,2026-08-17T09:53:00.000,Street Light Condition,Street Light Lamp Dim,Open,DOT,Department of Transportation,11694.0,FAR ROCKAWAY,QUEENS,BEACH  131 STREET,40.58030864260871,-73.85250478733249,POINT (-73.852504787332 40.580308642609)
70096238,2026-08-17T09:52:43.000,Street Condition,Cave-in,In Progress,DOT,Department of Transportation,11210.0,,BROOKLYN,NEW YORK AVENUE,40.634177116402896,-73.94487930900152,POINT (-73.944879309002 40.634177116403)
70096255,2026-08-17T09:52:10.000,Street Condition,Failed Street Repair,In Progress,DOT,Department of Transportation,11104.0,SUNNYSIDE,QUEENS,GREENPOINT AVENUE,40.73912657734912,-73.92599544074744,POINT (-73.925995440747 40.739126577349)
70097205,2026-08-17T09:52:00.000,Traffic Signal Condition,Controller,Closed,DOT,Department of Transportation,10312.0,STATEN ISLAND,STATEN ISLAND,,40.5279085118367,-74.16485464635046,POINT (-74.16485464635 40.527908511837)
70094981,2026-08-17T09:52:00.000,Street Light Condition,Street Light Out,Open,DOT,Department of Transportation,10022.0,MANHATTAN,MANHATTAN,,40.75545341720192,-73.96210072841701,POINT (-73.962100728417 40.755453417202)
70099891,2026-08-17T09:51:43.000,Illegal Dumping,Removal Request,In Progress,DSNY,Department of Sanitation,11209.0,BROOKLYN,BROOKLYN,3 AVENUE,40.633314310702325,-74.02702136197861,POINT (-74.027021361979 40.633314310702)
70093002,2026-08-17T09:51:00.000,Traffic Signal Condition,Controller,Closed,DOT,Department of Transportation,,,BROOKLYN,,,,
70093667,2026-08-17T09:50:56.000,WATER LEAK,DAMP SPOT,Open,HPD,Department of Housing Preservation and Development,10040.0,NEW YORK,MANHATTAN,SHERMAN AVENUE,40.86266830600508,-73.92847903972765,POINT (-73.928479039728 40.862668306005)
70098471,2026-08-17T09:50:48.000,Illegal Dumping,Removal Request,In Progress,DSNY,Department of Sanitation,11205.0,BROOKLYN,BROOKLYN,KOSCIUSKO STREET,40.69052253401632,-73.95233669076033,POINT (-73.95233669076 40.690522534016)
70098941,2026-08-17T09:50:47.000,Street Condition,Cave-in,In Progress,DOT,Department of Transportation,11230.0,,BROOKLYN,CHESTNUT AVENUE,40.61910563757932,-73.95830950968423,POINT (-73.958309509684 40.619105637579)
70101318,2026-08-17T09:50:35.000,Illegal Dumping,Removal Request,In Progress,DSNY,Department of Sanitation,11215.0,BROOKLYN,BROOKLYN,5 AVENUE,40.67201504743721,-73.98394720753453,POINT (-73.983947207535 40.672015047437)
70096559,2026-08-17T09:50:31.000,UNSANITARY CONDITION,PESTS,Open,HPD,Department of Housing Preservation and Development,11237.0,BROOKLYN,BROOKLYN,MYRTLE AVENUE,40.69895634916838,-73.91698076189407,POINT (-73.916980761894 40.698956349168)
70100664,2026-08-17T09:50:31.000,UNSANITARY CONDITION,PESTS,Open,HPD,Department of Housing Preservation and Development,11210.0,BROOKLYN,BROOKLYN,AVENUE K,40.625599426768,-73.93900362071128,POINT (-73.939003620711 40.625599426768)
70092536,2026-08-17T09:49:18.000,Damaged Tree,Entire Tree Has Fallen Down,In Progress,DPR,Department of Parks and Recreation,10467.0,,BRONX,BAINBRIDGE AVENUE,40.88452273767353,-73.87760804413449,POINT (-73.877608044134 40.884522737674)
70095332,2026-08-17T09:48:48.000,Damaged Tree,Branch or Limb Has Fallen Down,In Progress,DPR,Department of Parks and Recreation,11206.0,BROOKLYN,BROOKLYN,MOORE STREET,40.70363046328035,-73.94385169362323,POINT (-73.943851693623 40.70363046328)
70093643,2026-08-17T09:47:49.000,WATER LEAK,SLOW LEAK,Open,HPD,Department of Housing Preservation and Development,10012.0,NEW YORK,MANHATTAN,WEST    3 STREET,40.73051810438381,-74.00032112122716,POINT (-74.000321121227 40.730518104384)
70099254,2026-08-17T09:47:34.000,UNSANITARY CONDITION,MOLD,Open,HPD,Department of Housing Preservation and Development,10457.0,BRONX,BRONX,EAST  181 STREET,40.85037819791208,-73.89078828601482,POINT (-73.890788286015 40.850378197912)
70096522,2026-08-17T09:47:34.000,UNSANITARY CONDITION,PESTS,Open,HPD,Department of Housing Preservation and Development,10457.0,BRONX,BRONX,EAST  181 STREET,40.85037819791208,-73.89078828601482,POINT (-73.890788286015 40.850378197912)
70094412,2026-08-17T09:47:18.000,Street Condition,Pothole,Closed,DOT,Department of Transportation,11423.0,QUEENS,QUEENS,,40.725476145414376,-73.76557731286611,POINT (-73.765577312866 40.725476145414)
70091607,2026-08-17T09:47:00.000,Traffic Signal Condition,Controller,Closed,DOT,Department of Transportation,,,BROOKLYN,,,,
70094353,2026-08-17T09:46:20.000,Dirty Condition,Trash,In Progress,DSNY,Department of Sanitation,11215.0,BROOKLYN,BROOKLYN,21 STREET,40.6611438960968,-73.9930976672841,POINT (-73.993097667284 40.661143896097)
70101397,2026-08-17T09:46:00.000,Traffic Signal Condition,Controller,Closed,DOT,Department of Transportation,11429.0,QUEENS,QUEENS,,40.70558135900644,-73.73971100353083,POINT (-73.739711003531 40.705581359006)
70101313,2026-08-17T09:45:59.000,Illegal Dumping,Removal Request,In Progress,DSNY,Department of Sanitation,11216.0,BROOKLYN,BROOKLYN,BEDFORD AVENUE,40.67231458004455,-73.95448744149033,POINT (-73.95448744149 40.672314580045)
70098543,2026-08-17T09:45:00.000,Traffic Signal Condition,APS,Closed,DOT,Department of Transportation,,,BRONX,,,,
70098948,2026-08-17T09:44:40.000,Street Condition,Defective Hardware,In Progress,DOT,Department of Transportation,11358.0,FLUSHING,QUEENS,166 STREET,40.75456317123322,-73.8010132713845,POINT (-73.801013271384 40.754563171233)
70102058,2026-08-17T09:44:39.000,UNSANITARY CONDITION,PESTS,Open,HPD,Department of Housing Preservation and Development,10035.0,NEW YORK,MANHATTAN,EAST  125 STREET,40.80539537900893,-73.93981775515725,POINT (-73.939817755157 40.805395379009)
70099226,2026-08-17T09:44:39.000,UNSANITARY CONDITION,PESTS,Open,HPD,Department of Housing Preservation and Development,10035.0,NEW YORK,MANHATTAN,EAST  125 STREET,40.80539537900893,-73.93981775515725,POINT (-73.939817755157 40.805395379009)
70097891,2026-08-17T09:44:39.000,UNSANITARY CONDITION,MOLD,Open,HPD,Department of Housing Preservation and Development,10035.0,NEW YORK,MANHATTAN,EAST  125 STREET,40.80539537900893,-73.93981775515725,POINT (-73.939817755157 40.805395379009)
70098540,2026-08-17T09:44:23.000,Street Condition,Pothole,Closed,DOT,Department of Transportation,11354.0,QUEENS,QUEENS,,40.76640309843951,-73.81529177019166,POINT (-73.815291770192 40.76640309844)
70092990,2026-08-17T09:44:00.000,Traffic Signal Condition,Bike Signal,Open,DOT,Department of Transportation,,,BRONX,,,,
70097356,2026-08-17T09:43:59.000,Sewer Maintenance,Flooding on Street,In Progress,DEP,Department of Environmental Protection,11434.0,JAMAICA,QUEENS,MARSDEN STREET,40.68722207713028,-73.78371902929605,POINT (-73.783719029296 40.68722207713)
70092962,2026-08-17T09:43:01.000,Street Condition,Pothole,Open,DOT,Department of Transportation,10463.0,BRONX,BRONX,WEST  231 STREET,,,
70097582,2026-08-17T09:42:31.000,Street Condition,Failed Street Repair,In Progress,DOT,Department of Transportation,11102.0,,QUEENS,30 AVENUE,40.7672742075911,-73.92220244328351,POINT (-73.922202443284 40.767274207591)
70102693,2026-08-17T09:42:22.000,Illegal Dumping,Removal Request,In Progress,DSNY,Department of Sanitation,11419.0,SOUTH RICHMOND HILL,QUEENS,131 STREET,40.688372742427454,-73.81389251055825,POINT (-73.813892510558 40.688372742427)
70100679,2026-08-17T09:41:47.000,UNSANITARY CONDITION,MOLD,Open,HPD,Department of Housing Preservation and Development,11226.0,BROOKLYN,BROOKLYN,CLARKSON AVENUE,40.65514600683399,-73.9545351944366,POINT (-73.954535194437 40.655146006834)
70095794,2026-08-17T09:41:44.000,Street Condition,Pothole,Closed,DOT,Department of Transportation,11411.0,QUEENS,QUEENS,,40.69605612278218,-73.72748331611038,POINT (-73.72748331611 40.696056122782)
70097850,2026-08-17T09:41:42.000,UNSANITARY CONDITION,PESTS,Open,HPD,Department of Housing Preservation and Development,10467.0,BRONX,BRONX,BAINBRIDGE AVENUE,40.87590098253407,-73.87957293672517,POINT (-73.879572936725 40.875900982534)
70100612,2026-08-17T09:41:28.000,WATER LEAK,HEAVY FLOW,Open,HPD,Department of Housing Preservation and Development,10456.0,BRONX,BRONX,MARCY PLACE,40.83739648982772,-73.91445174502465,POINT (-73.914451745025 40.837396489828)
70096564,2026-08-17T09:41:28.000,UNSANITARY CONDITION,MOLD,Open,HPD,Department of Housing Preservation and Development,10456.0,BRONX,BRONX,MARCY PLACE,40.83739648982772,-73.91445174502465,POINT (-73.914451745025 40.837396489828)
70095809,2026-08-17T09:41:00.000,Traffic Signal Condition,Controller,Closed,DOT,Department of Transportation,11102.0,QUEENS,QUEENS,,40.76688664794818,-73.92139062903881,POINT (-73.921390629039 40.766886647948)
70095793,2026-08-17T09:40:18.000,Street Condition,Pothole,Closed,DOT,Department of Transportation,11411.0,QUEENS,QUEENS,115 ROAD,,,
70093172,2026-08-17T09:40:12.000,Water Maintenance,Fire Hydrant Leaking,In Progress,DEP,Department of Environmental Protection,11234.0,,BROOKLYN,AVENUE P,40.61721584056832,-73.93716346569128,POINT (-73.937163465691 40.617215840568)
70098936,2026-08-17T09:40:12.000,Street Condition,Cave-in,In Progress,DOT,Department of Transportation,10461.0,BRONX,BRONX,HONE AVENUE,40.84936998652889,-73.8550817586569,POINT (-73.855081758657 40.849369986529)
70098546,2026-08-17T09:40:00.000,Traffic Signal Condition,APS,Closed,DOT,Department of Transportation,11212.0,BROOKLYN,BROOKLYN,,40.65849649411943,-73.90399108158854,POINT (-73.903991081589 40.658496494119)
70101971,2026-08-17T09:39:43.000,Street Condition,Failed Street Repair,In Progress,DOT,Department of Transportation,11377.0,,QUEENS,45 STREET,40.739416530657806,-73.9203945917616,POINT (-73.920394591762 40.739416530658)
70095778,2026-08-17T09:39:41.000,Street Condition,Pothole,Open,DOT,Department of Transportation,10458.0,BRONX,BRONX,BAINBRIDGE AVENUE,,,
70098529,2026-08-17T09:39:39.000,Street Condition,Pothole,Open,DOT,Department of Transportation,11208.0,BROOKLYN,BROOKLYN,,40.67526038944476,-73.88202260220955,POINT (-73.88202260221 40.675260389445)
70093175,2026-08-17T09:39:25.000,Sewer Maintenance,Manhole Overflow,Closed,DEP,Department of Environmental Protection,11229.0,BROOKLYN,BROOKLYN,KINGS HIGHWAY,40.608508194435615,-73.9588815646739,POINT (-73.958881564674 40.608508194436)
70099961,2026-08-17T09:39:00.000,Traffic Signal Condition,APS,Assigned,DOT,Department of Transportation,10458.0,BRONX,BRONX,,40.85819158042214,-73.88434431213227,POINT (-73.884344312132 40.858191580422)
70095039,2026-08-17T09:38:08.000,WATER LEAK,SLOW LEAK,Open,HPD,Department of Housing Preservation and Development,10012.0,NEW YORK,MANHATTAN,BLEECKER STREET,40.72932961590613,-74.00150455239883,POINT (-74.001504552399 40.729329615906)
70100669,2026-08-17T09:37:52.000,UNSANITARY CONDITION,MOLD,Open,HPD,Department of Housing Preservation and Development,10031.0,NEW YORK,MANHATTAN,BROADWAY,40.829945340880286,-73.94789700793386,POINT (-73.947897007934 40.82994534088)
70092238,2026-08-17T09:37:50.000,WATER LEAK,HEAVY FLOW,Open,HPD,Department of Housing Preservation and Development,10452.0,BRONX,BRONX,WEST  168 STREET,40.8383975079796,-73.92514053942185,POINT (-73.925140539422 40.83839750798)
70097144,2026-08-17T09:37:46.000,Dirty Condition,Trash,In Progress,DSNY,Department of Sanitation,10005.0,NEW YORK,MANHATTAN,BROAD STREET,40.70653112258488,-74.0110223971889,POINT (-74.011022397189 40.706531122585)
70097849,2026-08-17T09:37:42.000,UNSANITARY CONDITION,PESTS,Open,HPD,Department of Housing Preservation and Development,10030.0,NEW YORK,MANHATTAN,WEST  139 STREET,40.81725290151647,-73.94043566052292,POINT (-73.940435660523 40.817252901516)
70095122,2026-08-17T09:37:23.000,UNSANITARY CONDITION,GARBAGE/RECYCLING STORAGE,Open,HPD,Department of Housing Preservation and Development,10456.0,BRONX,BRONX,CARROLL PLACE,40.82981640259085,-73.91938667778365,POINT (-73.919386677784 40.829816402591)
70093168,2026-08-17T09:37:06.000,Water Maintenance,Fire Hydrant Running,Closed,DEP,Department of Environmental Protection,10025.0,,MANHATTAN,WEST 113 STREET,40.8060810703871,-73.96530843266166,POINT (-73.965308432662 40.806081070387)
70101275,2026-08-17T09:36:55.000,Dirty Condition,Trash,In Progress,DSNY,Department of Sanitation,11102.0,ASTORIA,QUEENS,29 AVENUE,40.76965876367574,-73.92540914825146,POINT (-73.925409148251 40.769658763676)
70096813,2026-08-17T09:36:01.000,Damaged Tree,Entire Tree Has Fallen Down,In Progress,DPR,Department of Parks and Recreation,11355.0,FLUSHING,QUEENS,58 AVENUE,40.74380716522077,-73.81977162513522,POINT (-73.819771625135 40.743807165221)
70099912,2026-08-17T09:35:24.000,Dirty Condition,Trash,In Progress,DSNY,Department of Sanitation,10452.0,BRONX,BRONX,ELLIOT PLACE,40.8394986896944,-73.91788597085943,POINT (-73.917885970859 40.839498689694)
70095333,2026-08-17T09:34:42.000,Damaged Tree,Branch or Limb Has Fallen Down,In Progress,DPR,Department of Parks and Recreation,11216.0,BROOKLYN,BROOKLYN,MADISON STREET,40.68491619395785,-73.94880356833598,POINT (-73.948803568336 40.684916193958)
70096497,2026-08-17T09:34:18.000,WATER LEAK,SLOW LEAK,Open,HPD,Department of Housing Preservation and Development,11207.0,BROOKLYN,BROOKLYN,PILLING STREET,40.68287392390218,-73.90866119837175,POINT (-73.908661198372 40.682873923902)
70093721,2026-08-17T09:34:18.000,UNSANITARY CONDITION,MOLD,Open,HPD,Department of Housing Preservation and Development,11207.0,BROOKLYN,BROOKLYN,PILLING STREET,40.68287392390218,-73.90866119837175,POINT (-73.908661198372 40.682873923902)
70099253,2026-08-17T09:34:14.000,UNSANITARY CONDITION,MOLD,Open,HPD,Department of Housing Preservation and Development,11212.0,BROOKLYN,BROOKLYN,HERZL STREET,40.66568244178942,-73.91457465328504,POINT (-73.914574653285 40.665682441789)
70094348,2026-08-17T09:33:52.000,Dirty Condition,Trash,In Progress,DSNY,Department of Sanitation,11419.0,SOUTH RICHMOND HILL,QUEENS,LIBERTY AVENUE,40.68881767399487,-73.81749351803121,POINT (-73.817493518031 40.688817673995)
70101547,2026-08-17T09:33:51.000,Water Maintenance,Fire Hydrant Defective,In Progress,DEP,Department of Environmental Protection,11201.0,BROOKLYN,BROOKLYN,MONTAGUE STREET,40.69506941037103,-73.99527589724627,POINT (-73.995275897246 40.695069410371)
70099129,2026-08-17T09:33:38.000,Sidewalk Condition,Broken Sidewalk,In Progress,DOT,Department of Transportation,11361.0,BAYSIDE,QUEENS,NORTHERN BOULEVARD,40.76098585239222,-73.7645968204603,POINT (-73.76459682046 40.760985852392)
70096424,2026-08-17T09:33:27.000,Sidewalk Condition,Broken Sidewalk,In Progress,DOT,Department of Transportation,11434.0,JAMAICA,QUEENS,160 STREET,40.67631938023764,-73.78203831998026,POINT (-73.78203831998 40.676319380238)
70092999,2026-08-17T09:33:00.000,Traffic Signal Condition,Controller,Closed,DOT,Department of Transportation,11201.0,BROOKLYN,BROOKLYN,,40.692051682125,-73.98253964091832,POINT (-73.982539640918 40.692051682125)
70095100,2026-08-17T09:32:45.000,UNSANITARY CONDITION,MOLD,Open,HPD,Department of Housing Preservation and Development,11230.0,BROOKLYN,BROOKLYN,OCEAN AVENUE,40.6349320282981,-73.95811947562665,POINT (-73.958119475627 40.634932028298)
70093412,2026-08-17T09:32:42.000,Sidewalk Condition,Defective Hardware,In Progress,DOT,Department of Transportation,11235.0,BROOKLYN,BROOKLYN,BEDFORD AVENUE,40.58963174498502,-73.94467124429103,POINT (-73.944671244291 40.589631744985)
70093642,2026-08-17T09:32:41.000,WATER LEAK,SLOW LEAK,Open,HPD,Department of Housing Preservation and Development,11226.0,BROOKLYN,BROOKLYN,CLARKSON AVENUE,40.65494689537713,-73.95783660963446,POINT (-73.957836609634 40.654946895377)
70100362,2026-08-17T09:32:37.000,Street Condition,Dumpster - Construction Waste,In Progress,DOT,Department of Transportation,10022.0,,MANHATTAN,EAST 59 STREET,,,
70099508,2026-08-17T09:32:31.000,Damaged Tree,Branch or Limb Has Fallen Down,In Progress,DPR,Department of Parks and Recreation,10470.0,BRONX,BRONX,EAST 239 STREET,40.90037533589488,-73.86704157549036,POINT (-73.86704157549 40.900375335895)
70101557,2026-08-17T09:32:20.000,Water Maintenance,Fire Hydrant Running,In Progress,DEP,Department of Environmental Protection,10451.0,BRONX,BRONX,TELLER AVENUE,40.82557055664279,-73.91586528044607,POINT (-73.915865280446 40.825570556643)
70093011,2026-08-17T09:32:00.000,Traffic Signal Condition,Pedestrian Signal,Assigned,DOT,Department of Transportation,11233.0,BROOKLYN,BROOKLYN,,40.687003378643865,-73.917680736278,POINT (-73.917680736278 40.687003378644)
70102025,2026-08-17T09:31:36.000,WATER LEAK,DAMP SPOT,Open,HPD,Department of Housing Preservation and Development,10467.0,BRONX,BRONX,EAST MOSHOLU PARKWAY NORTH,40.87103249702792,-73.88015303948411,POINT (-73.880153039484 40.871032497028)
70094345,2026-08-17T09:31:34.000,Dirty Condition,Trash,In Progress,DSNY,Department of Sanitation,11210.0,BROOKLYN,BROOKLYN,GLENWOOD ROAD,40.63410540066758,-73.95012157546212,POINT (-73.950121575462 40.634105400668)
70092558,2026-08-17T09:31:22.000,Damaged Tree,Branch or Limb Has Fallen Down,In Progress,DPR,Department of Parks and Recreation,11209.0,BROOKLYN,BROOKLYN,73 STREET,40.63325893945687,-74.02897408176605,POINT (-74.028974081766 40.633258939457)
70092253,2026-08-17T09:31:21.000,UNSANITARY CONDITION,PESTS,Open,HPD,Department of Housing Preservation and Development,11204.0,BROOKLYN,BROOKLYN,21 AVENUE,40.60992586166817,-73.98914842145048,POINT (-73.98914842145 40.609925861668)
70093692,2026-08-17T09:31:21.000,UNSANITARY CONDITION,PESTS,Open,HPD,Department of Housing Preservation and Development,11204.0,BROOKLYN,BROOKLYN,21 AVENUE,40.60992586166817,-73.98914842145048,POINT (-73.98914842145 40.609925861668)
70093696,2026-08-17T09:31:21.000,UNSANITARY CONDITION,PESTS,Open,HPD,Department of Housing Preservation and Development,11204.0,BROOKLYN,BROOKLYN,21 AVENUE,40.60992586166817,-73.98914842145048,POINT (-73.98914842145 40.609925861668)
70102074,2026-08-17T09:31:18.000,UNSANITARY CONDITION,PESTS,Open,HPD,Department of Housing Preservation and Development,10467.0,BRONX,BRONX,ALLERTON AVENUE,40.86547663690112,-73.86472155137712,POINT (-73.864721551377 40.865476636901)
70095074,2026-08-17T09:31:18.000,UNSANITARY CONDITION,PESTS,Open,HPD,Department of Housing Preservation and Development,10467.0,BRONX,BRONX,ALLERTON AVENUE,40.86547663690112,-73.86472155137712,POINT (-73.864721551377 40.865476636901)
70095118,2026-08-17T09:31:18.000,UNSANITARY CONDITION,MOLD,Open,HPD,Department of Housing Preservation and Development,10467.0,BRONX,BRONX,ALLERTON AVENUE,40.86547663690112,-73.86472155137712,POINT (-73.864721551377 40.865476636901)
70095080,2026-08-17T09:31:17.000,UNSANITARY CONDITION,PESTS,Open,HPD,Department of Housing Preservation and Development,11207.0,BROOKLYN,BROOKLYN,WARWICK STREET,40.67517410611208,-73.88628760315045,POINT (-73.88628760315 40.675174106112)
70095061,2026-08-17T09:31:17.000,UNSANITARY CONDITION,PESTS,Open,HPD,Department of Housing Preservation and Development,11207.0,BROOKLYN,BROOKLYN,WARWICK STREET,40.67517410611208,-73.88628760315045,POINT (-73.88628760315 40.675174106112)
70093654,2026-08-17T09:31:15.000,WATER LEAK,HEAVY FLOW,Open,HPD,Department of Housing Preservation and Development,11233.0,BROOKLYN,BROOKLYN,MARION STREET,40.68129511695734,-73.91509546982012,POINT (-73.91509546982 40.681295116957)
70098575,2026-08-17T09:31:00.000,Traffic Signal Condition,Vehicle Signal,Closed,DOT,Department of Transportation,11413.0,QUEENS,QUEENS,,40.6797295752017,-73.7514752806726,POINT (-73.751475280673 40.679729575202)
70094441,2026-08-17T09:31:00.000,Traffic Signal Condition,Vehicle Signal,Closed,DOT,Department of Transportation,11411.0,QUEENS,QUEENS,,40.702959936700005,-73.74330622684492,POINT (-73.743306226845 40.7029599367)
70099983,2026-08-17T09:31:00.000,Traffic Signal Condition,Ped Lamp,Open,DOT,Department of Transportation,11230.0,BROOKLYN,BROOKLYN,,40.634908442380414,-73.96130808759666,POINT (-73.961308087597 40.63490844238)
70095825,2026-08-17T09:31:00.000,Traffic Signal Condition,Vehicle Signal,Closed,DOT,Department of Transportation,11411.0,QUEENS,QUEENS,,40.70281021256806,-73.74386222276235,POINT (-73.743862222762 40.702810212568)
70094821,2026-08-17T09:30:46.000,Sidewalk Condition,Sidewalk Grating - Defective,In Progress,DOT,Department of Transportation,11236.0,BROOKLYN,BROOKLYN,FOSTER AVENUE,40.65055161688167,-73.90224026552424,POINT (-73.902240265524 40.650551616882)
70100146,2026-08-17T09:30:45.000,Sewer Maintenance,Backup,In Progress,DEP,Department of Environmental Protection,11434.0,JAMAICA,QUEENS,173 STREET,40.673706839943954,-73.76824675680726,POINT (-73.768246756807 40.673706839944)
70094360,2026-08-17T09:30:02.000,Dirty Condition,Trash,In Progress,DSNY,Department of Sanitation,10473.0,BRONX,BRONX,BEACH AVENUE,40.81347765389255,-73.86205999114954,POINT (-73.86205999115 40.813477653893)
70099984,2026-08-17T09:30:00.000,Traffic Signal Condition,Vehicle Signal,Closed,DOT,Department of Transportation,11428.0,QUEENS,QUEENS,,40.72246634575706,-73.73691764838857,POINT (-73.736917648389 40.722466345757)
70092172,2026-08-17T09:30:00.000,Street Light Condition,Street Light Out,Open,DOT,Department of Transportation,10029.0,NEW YORK,MANHATTAN,LEXINGTON AVENUE,40.79552738293273,-73.94386808772106,POINT (-73.943868087721 40.795527382933)
70097222,2026-08-17T09:30:00.000,Traffic Signal Condition,Vehicle Signal,Closed,DOT,Department of Transportation,11429.0,QUEENS,QUEENS,,40.70558135900644,-73.73971100353083,POINT (-73.739711003531 40.705581359006)
70097350,2026-08-17T09:29:56.000,Water Maintenance,Fire Hydrant Running,In Progress,DEP,Department of Environmental Protection,10457.0,BRONX,BRONX,ANTHONY AVENUE,40.84266158934494,-73.90488906119273,POINT (-73.904889061193 40.842661589345)
70099215,2026-08-17T09:28:46.000,WATER LEAK,HEAVY FLOW,Open,HPD,Department of Housing Preservation and Development,10040.0,NEW YORK,MANHATTAN,NAGLE AVENUE,40.86102836819961,-73.92632976802473,POINT (-73.926329768025 40.8610283682)
70101794,2026-08-17T09:28:44.000,Street Condition,Cave-in,In Progress,DOT,Department of Transportation,11213.0,,BROOKLYN,STERLING PLACE,,,
70091772,2026-08-17T09:28:40.000,Water Maintenance,Fire Hydrant Running Full,Closed,DEP,Department of Environmental Protection,10029.0,,MANHATTAN,EAST 111 STREET,40.79543684556384,-73.94394761976524,POINT (-73.943947619765 40.795436845564)
70093720,2026-08-17T09:28:27.000,UNSANITARY CONDITION,MOLD,Open,HPD,Department of Housing Preservation and Development,11221.0,BROOKLYN,BROOKLYN,JEFFERSON AVENUE,40.68909052971661,-73.91544612999239,POINT (-73.915446129992 40.689090529717)
70099252,2026-08-17T09:28:22.000,UNSANITARY CONDITION,MOLD,Open,HPD,Department of Housing Preservation and Development,11225.0,BROOKLYN,BROOKLYN,MC KEEVER PLACE,40.66500419711665,-73.95901975724732,POINT (-73.959019757247 40.665004197117)
70095079,2026-08-17T09:27:47.000,UNSANITARY CONDITION,PESTS,Open,HPD,Department of Housing Preservation and Development,10459.0,BRONX,BRONX,PROSPECT AVENUE,40.83257034569193,-73.89655597789232,POINT (-73.896555977892 40.832570345692)
70093666,2026-08-17T09:27:46.000,WATER LEAK,DAMP SPOT,Open,HPD,Department of Housing Preservation and Development,11421.0,WOODHAVEN,QUEENS,PARK LANE SOUTH,40.69641978487688,-73.85992925985931,POINT (-73.859929259859 40.696419784877)
70093971,2026-08-17T09:27:25.000,Damaged Tree,Branch or Limb Has Fallen Down,In Progress,DPR,Department of Parks and Recreation,11234.0,BROOKLYN,BROOKLYN,EAST 35 STREET,40.616739984283534,-73.94042728441818,POINT (-73.940427284418 40.616739984284)
70101931,2026-08-17T09:26:26.000,Street Condition,"Rough, Pitted or Cracked Roads",In Progress,DOT,Department of Transportation,10022.0,,MANHATTAN,EAST 59 STREET,,,
70098490,2026-08-17T09:26:17.000,Dirty Condition,Trash,In Progress,DSNY,Department of Sanitation,10039.0,NEW YORK,MANHATTAN,SEVENTH AVENUE,40.824318790731,-73.93711965294742,POINT (-73.937119652947 40.824318790731)
70097105,2026-08-17T09:26:07.000,Dirty Condition,Trash,Closed,DSNY,Department of Sanitation,11420.0,SOUTH OZONE PARK,QUEENS,LEFFERTS BOULEVARD,40.68197666067467,-73.82209481193392,POINT (-73.822094811934 40.681976660675)
70097912,2026-08-17T09:25:06.000,UNSANITARY CONDITION,GARBAGE/RECYCLING STORAGE,Open,HPD,Department of Housing Preservation and Development,10474.0,BRONX,BRONX,HUNTS POINT AVENUE,40.81801612012409,-73.88879652170274,POINT (-73.888796521703 40.818016120124)
70092170,2026-08-17T09:24:00.000,Street Light Condition,Multiple St Lts Dayburning,Open,DOT,Department of Transportation,11379.0,QUEENS,QUEENS,,40.716235702871096,-73.8978223400854,POINT (-73.897822340085 40.716235702871)
70093176,2026-08-17T09:23:39.000,Sewer Maintenance,Flooding on Street,In Progress,DEP,Department of Environmental Protection,10306.0,STATEN ISLAND,STATEN ISLAND,LEEDS STREET,40.56442853305556,-74.12304000418725,POINT (-74.123040004187 40.564428533056)
70094824,2026-08-17T09:23:20.000,Street Condition,Defective Hardware,In Progress,DOT,Department of Transportation,11358.0,,QUEENS,46 AVENUE,40.75373442836952,-73.80111319999904,POINT (-73.801113199999 40.75373442837)
70098725,2026-08-17T09:23:11.000,Sewer Maintenance,Backup,Closed,DEP,Department of Environmental Protection,11411.0,CAMBRIA HEIGHTS,QUEENS,209 STREET,40.70177948691211,-73.74569110410872,POINT (-73.745691104109 40.701779486912)
70098569,2026-08-17T09:23:00.000,Traffic Signal Condition,LED Pedestrian Unit,Open,DOT,Department of Transportation,10006.0,MANHATTAN,MANHATTAN,,40.71103214462941,-74.01453280010382,POINT (-74.014532800104 40.711032144629)
70100974,2026-08-17T09:22:22.000,Damaged Tree,Branch or Limb Has Fallen Down,In Progress,DPR,Department of Parks and Recreation,11355.0,FLUSHING,QUEENS,156 STREET,40.75262524380369,-73.810706448142,POINT (-73.810706448142 40.752625243804)
70099138,2026-08-17T09:22:00.000,Street Light Condition,Street Light Out,Open,DOT,Department of Transportation,10463.0,BRONX,BRONX,WALDO AVENUE,40.88789584257869,-73.90354043421966,POINT (-73.90354043422 40.887895842579)
70098139,2026-08-17T09:21:43.000,Damaged Tree,Entire Tree Has Fallen Down,In Progress,DPR,Department of Parks and Recreation,11238.0,BROOKLYN,BROOKLYN,STERLING PLACE,40.67420276806847,-73.96140065314849,POINT (-73.961400653148 40.674202768068)
70097873,2026-08-17T09:21:43.000,UNSANITARY CONDITION,PESTS,Open,HPD,Department of Housing Preservation and Development,10453.0,BRONX,BRONX,DAVIDSON AVENUE,40.85457051772809,-73.90783619644372,POINT (-73.907836196444 40.854570517728)
70100353,2026-08-17T09:21:33.000,Sidewalk Condition,Defective Hardware,In Progress,DOT,Department of Transportation,11235.0,BROOKLYN,BROOKLYN,BEDFORD AVENUE,40.58964548111593,-73.94469643636046,POINT (-73.94469643636 40.589645481116)
70102018,2026-08-17T09:21:25.000,WATER LEAK,HEAVY FLOW,Open,HPD,Department of Housing Preservation and Development,11225.0,BROOKLYN,BROOKLYN,BEDFORD AVENUE,40.663104137064,-73.9571718377943,POINT (-73.957171837794 40.663104137064)
70100628,2026-08-17T09:21:25.000,UNSANITARY CONDITION,PESTS,Open,HPD,Department of Housing Preservation and Development,11225.0,BROOKLYN,BROOKLYN,BEDFORD AVENUE,40.663104137064,-73.9571718377943,POINT (-73.957171837794 40.663104137064)
70095083,2026-08-17T09:21:25.000,UNSANITARY CONDITION,PESTS,Open,HPD,Department of Housing Preservation and Development,11225.0,BROOKLYN,BROOKLYN,BEDFORD AVENUE,40.663104137064,-73.9571718377943,POINT (-73.957171837794 40.663104137064)
70098696,2026-08-17T09:21:23.000,Water Maintenance,Water Main Break,In Progress,DEP,Department of Environmental Protection,11226.0,BROOKLYN,BROOKLYN,FLATBUSH AVENUE,40.64023667451628,-73.95538850690671,POINT (-73.955388506907 40.640236674516)
70101952,2026-08-17T09:21:00.000,Street Light Condition,Street Light Out,Open,DOT,Department of Transportation,,,QUEENS,VAN WYCK EXPY,,,
70100355,2026-08-17T09:20:39.000,Street Condition,Defective Hardware,In Progress,DOT,Department of Transportation,10021.0,NEW YORK,MANHATTAN,EAST 76 STREET,40.76924448464168,-73.95141390211163,POINT (-73.951413902112 40.769244484642)
70097142,2026-08-17T09:19:41.000,Dirty Condition,Trash,In Progress,DSNY,Department of Sanitation,10039.0,NEW YORK,MANHATTAN,WEST 153 STREET,40.826804719288,-73.93569726672507,POINT (-73.935697266725 40.826804719288)
70101380,2026-08-17T09:19:00.000,Traffic Signal Condition,Bike Signal,Open,DOT,Department of Transportation,,,MANHATTAN,,,,
70096509,2026-08-17T09:18:30.000,WATER LEAK,HEAVY FLOW,Open,HPD,Department of Housing Preservation and Development,10468.0,BRONX,BRONX,GRAND CONCOURSE,40.864726292871325,-73.89540688095796,POINT (-73.895406880958 40.864726292871)
70100681,2026-08-17T09:18:30.000,UNSANITARY CONDITION,MOLD,Open,HPD,Department of Housing Preservation and Development,10468.0,BRONX,BRONX,GRAND CONCOURSE,40.864726292871325,-73.89540688095796,POINT (-73.895406880958 40.864726292871)
70099882,2026-08-17T09:18:15.000,Illegal Dumping,Removal Request,In Progress,DSNY,Department of Sanitation,10465.0,BRONX,BRONX,EAST 177 STREET,40.81950073082189,-73.80899156177614,POINT (-73.808991561776 40.819500730822)
70100125,2026-08-17T09:18:10.000,Water Maintenance,Fire Hydrant Running,Closed,DEP,Department of Environmental Protection,10029.0,,MANHATTAN,EAST 111 STREET,40.79543684556384,-73.94394761976524,POINT (-73.943947619765 40.795436845564)
70098571,2026-08-17T09:18:00.000,Traffic Signal Condition,Controller,Closed,DOT,Department of Transportation,11419.0,QUEENS,QUEENS,,40.69117852699963,-73.82659216126076,POINT (-73.826592161261 40.691178527)
70097192,2026-08-17T09:17:18.000,Street Condition,Pothole,Closed,DOT,Department of Transportation,11379.0,QUEENS,QUEENS,62 STREET,,,
70094440,2026-08-17T09:16:00.000,Traffic Signal Condition,Controller,Closed,DOT,Department of Transportation,10018.0,MANHATTAN,MANHATTAN,,40.7559505879244,-73.99072724261552,POINT (-73.990727242616 40.755950587924)
70102037,2026-08-17T09:15:07.000,UNSANITARY CONDITION,PESTS,Open,HPD,Department of Housing Preservation and Development,10451.0,BRONX,BRONX,COURTLANDT AVENUE,40.824486228104384,-73.91563901982146,POINT (-73.915639019821 40.824486228104)
70095685,2026-08-17T09:15:07.000,Dirty Condition,Syringes,In Progress,DSNY,Department of Sanitation,10474.0,BRONX,BRONX,SPOFFORD AVENUE,40.81479508125839,-73.88449920702948,POINT (-73.884499207029 40.814795081258)
70093743,2026-08-17T09:15:07.000,UNSANITARY CONDITION,GARBAGE/RECYCLING STORAGE,Open,HPD,Department of Housing Preservation and Development,10451.0,BRONX,BRONX,COURTLANDT AVENUE,40.824486228104384,-73.91563901982146,POINT (-73.915639019821 40.824486228104)
70095077,2026-08-17T09:15:03.000,UNSANITARY CONDITION,PESTS,Open,HPD,Department of Housing Preservation and Development,10032.0,NEW YORK,MANHATTAN,AMSTERDAM AVENUE,40.83050330998546,-73.94374101573966,POINT (-73.94374101574 40.830503309985)
70100130,2026-08-17T09:14:59.000,Sewer Maintenance,Catch Basin Clogged,Closed,DEP,Department of Environmental Protection,10469.0,BRONX,BRONX,ELY AVENUE,40.87691702672865,-73.83941121431306,POINT (-73.839411214313 40.876917026729)
70100680,2026-08-17T09:14:43.000,UNSANITARY CONDITION,MOLD,Open,HPD,Department of Housing Preservation and Development,10033.0,NEW YORK,MANHATTAN,BROADWAY,40.8519238177928,-73.93483076001402,POINT (-73.934830760014 40.851923817793)
70092980,2026-08-17T09:14:02.000,Street Condition,Pothole,Closed,DOT,Department of Transportation,11102.0,QUEENS,QUEENS,29 STREET,,,
70094411,2026-08-17T09:13:59.000,Street Condition,Pothole,Closed,DOT,Department of Transportation,11378.0,QUEENS,QUEENS,GRAND AVENUE,,,
70099954,2026-08-17T09:13:27.000,Street Condition,Pothole,Closed,DOT,Department of Transportation,11356.0,QUEENS,QUEENS,14 ROAD,,,
70095733,2026-08-17T09:13:07.000,Dirty Condition,Trash,In Progress,DSNY,Department of Sanitation,11201.0,BROOKLYN,BROOKLYN,HENRY STREET,40.69239052270313,-73.99543475283015,POINT (-73.99543475283 40.692390522703)
70101393,2026-08-17T09:13:00.000,Traffic Signal Condition,Controller,Closed,DOT,Department of Transportation,10018.0,MANHATTAN,MANHATTAN,,40.7559505879244,-73.99072724261552,POINT (-73.990727242616 40.755950587924)
70092979,2026-08-17T09:12:46.000,Street Condition,Pothole,Closed,DOT,Department of Transportation,11378.0,QUEENS,QUEENS,,40.725919733125416,-73.89533971778307,POINT (-73.895339717783 40.725919733125)
70098120,2026-08-17T09:12:40.000,Damaged Tree,Entire Tree Has Fallen Down,In Progress,DPR,Department of Parks and Recreation,10452.0,BRONX,BRONX,EAST 169 STREET,40.83693467740207,-73.9172530932258,POINT (-73.917253093226 40.836934677402)
70092297,2026-08-17T09:12:30.000,UNSANITARY CONDITION,MOLD,Open,HPD,Department of Housing Preservation and Development,10452.0,BRONX,BRONX,WEST  168 STREET,40.8383975079796,-73.92514053942185,POINT (-73.925140539422 40.83839750798)
70097856,2026-08-17T09:12:30.000,UNSANITARY CONDITION,PESTS,Open,HPD,Department of Housing Preservation and Development,10452.0,BRONX,BRONX,WEST  168 STREET,40.8383975079796,-73.92514053942185,POINT (-73.925140539422 40.83839750798)
70099220,2026-08-17T09:12:21.000,WATER LEAK,DAMP SPOT,Open,HPD,Department of Housing Preservation and Development,10451.0,BRONX,BRONX,COURTLANDT AVENUE,40.824486228104384,-73.91563901982146,POINT (-73.915639019821 40.824486228104)
70101955,2026-08-17T09:12:00.000,Street Light Condition,Street Light Out,Open,DOT,Department of Transportation,11201.0,BROOKLYN,BROOKLYN,WILLOUGHBY STREET,40.69203786703545,-73.98194825702346,POINT (-73.981948257023 40.692037867035)
70102027,2026-08-17T09:11:50.000,WATER LEAK,DAMP SPOT,Open,HPD,Department of Housing Preservation and Development,10462.0,BRONX,BRONX,LYDIG AVENUE,40.85438189777797,-73.86185587000068,POINT (-73.861855870001 40.854381897778)
70102079,2026-08-17T09:11:49.000,UNSANITARY CONDITION,PESTS,Open,HPD,Department of Housing Preservation and Development,11207.0,BROOKLYN,BROOKLYN,WYONA STREET,40.66387555172434,-73.89087737242117,POINT (-73.890877372421 40.663875551724)
70091593,2026-08-17T09:11:41.000,Street Condition,Pothole,Closed,DOT,Department of Transportation,11378.0,QUEENS,QUEENS,,40.72009600111934,-73.9056159270425,POINT (-73.905615927042 40.720096001119)
70101363,2026-08-17T09:10:42.000,Street Condition,Pothole,Open,DOT,Department of Transportation,11207.0,BROOKLYN,BROOKLYN,,40.66133698489955,-73.88838730486867,POINT (-73.888387304869 40.6613369849)
70092968,2026-08-17T09:10:33.000,Street Condition,Pothole,Closed,DOT,Department of Transportation,,,BROOKLYN,PARK AVENUE,,,
70100948,2026-08-17T09:10:24.000,Damaged Tree,Branch or Limb Has Fallen Down,In Progress,DPR,Department of Parks and Recreation,11233.0,BROOKLYN,BROOKLYN,HALSEY STREET,40.68521823120146,-73.92009151697178,POINT (-73.920091516972 40.685218231201)
70096236,2026-08-17T09:09:28.000,Street Condition,Cave-in,In Progress,DOT,Department of Transportation,11207.0,,BROOKLYN,BRADFORD STREET,40.66133698489955,-73.88838730486867,POINT (-73.888387304869 40.6613369849)
70092537,2026-08-17T09:09:05.000,Damaged Tree,Entire Tree Has Fallen Down,In Progress,DPR,Department of Parks and Recreation,10467.0,,BRONX,BAINBRIDGE AVENUE,40.88345518179761,-73.87772935091198,POINT (-73.877729350912 40.883455181798)
70097332,2026-08-17T09:08:54.000,Water Maintenance,Water Main Break,Closed,DEP,Department of Environmental Protection,10018.0,NEW YORK,MANHATTAN,WEST 39 STREET,40.75231306040754,-73.98399282462955,POINT (-73.98399282463 40.752313060408)
70097081,2026-08-17T09:08:38.000,Dirty Condition,Trash,In Progress,DSNY,Department of Sanitation,11691.0,FAR ROCKAWAY,QUEENS,BEACH 31 STREET,40.5964128776213,-73.76396353162814,POINT (-73.763963531628 40.596412877621)
70100346,2026-08-17T09:07:39.000,Street Condition,Cave-in,In Progress,DOT,Department of Transportation,11220.0,,BROOKLYN,54 STREET,40.64354647926987,-74.01377940433481,POINT (-74.013779404335 40.64354647927)
70098175,2026-08-17T09:07:17.000,Damaged Tree,Branch or Limb Has Fallen Down,In Progress,DPR,Department of Parks and Recreation,11105.0,ASTORIA,QUEENS,45 STREET,40.775458948949726,-73.89754372052472,POINT (-73.897543720525 40.77545894895)
70094816,2026-08-17T09:06:59.000,Street Condition,Cave-in,In Progress,DOT,Department of Transportation,11236.0,,BROOKLYN,PAERDEGAT 9 STREET,,,
70092147,2026-08-17T09:06:27.000,Sidewalk Condition,Sidewalk Violation,In Progress,DOT,Department of Transportation,11412.0,SAINT ALBANS,QUEENS,120 AVENUE,40.690961018478056,-73.74885153751791,POINT (-73.748851537518 40.690961018478)
70097136,2026-08-17T09:06:06.000,Dirty Condition,Trash,In Progress,DSNY,Department of Sanitation,11101.0,LONG ISLAND CITY,QUEENS,33 STREET,40.75367071810756,-73.92992070287106,POINT (-73.929920702871 40.753670718108)
70092871,2026-08-17T09:05:45.000,Dirty Condition,Trash,In Progress,DSNY,Department of Sanitation,11236.0,BROOKLYN,BROOKLYN,EAST 81 STREET,40.63649051077665,-73.91303389946138,POINT (-73.913033899461 40.636490510777)
70102088,2026-08-17T09:05:42.000,UNSANITARY CONDITION,MOLD,Open,HPD,Department of Housing Preservation and Development,10462.0,BRONX,BRONX,UNIONPORT ROAD,40.85028642648127,-73.86858754033622,POINT (-73.868587540336 40.850286426481)
70099210,2026-08-17T09:05:42.000,WATER LEAK,HEAVY FLOW,Open,HPD,Department of Housing Preservation and Development,10462.0,BRONX,BRONX,UNIONPORT ROAD,40.85028642648127,-73.86858754033622,POINT (-73.868587540336 40.850286426481)
70100361,2026-08-17T09:05:34.000,Sidewalk Condition,Blocked - Construction,In Progress,DOT,Department of Transportation,10013.0,,MANHATTAN,CANAL STREET,40.71732130524397,-73.99895385711224,POINT (-73.998953857112 40.717321305244)
70099839,2026-08-17T09:05:33.000,Dirty Condition,Trash,Closed,DSNY,Department of Sanitation,11220.0,BROOKLYN,BROOKLYN,WAKEMAN PLACE,40.63908674910829,-74.02637152750827,POINT (-74.026371527508 40.639086749108)
70102351,2026-08-17T09:05:32.000,Damaged Tree,Entire Tree Has Fallen Down,In Progress,DPR,Department of Parks and Recreation,11236.0,,BROOKLYN,EAST 105 STREET,40.65049301846464,-73.8979770817477,POINT (-73.897977081748 40.650493018465)
70092972,2026-08-17T09:05:31.000,Street Condition,Pothole,Open,DOT,Department of Transportation,11360.0,QUEENS,QUEENS,26 AVENUE,,,
70097339,2026-08-17T09:05:26.000,Water Maintenance,Fire Hydrant Running Full,In Progress,DEP,Department of Environmental Protection,11208.0,BROOKLYN,BROOKLYN,EUCLID AVENUE,40.68446659521292,-73.87445615578453,POINT (-73.874456155785 40.684466595213)
70100524,2026-08-17T09:03:41.000,Sidewalk Condition,Sidewalk Violation,In Progress,DOT,Department of Transportation,11366.0,FRESH MEADOWS,QUEENS,192 STREET,40.73137677239892,-73.77914850228487,POINT (-73.779148502285 40.731376772399)
70097576,2026-08-17T09:03:20.000,Street Condition,Cave-in,In Progress,DOT,Department of Transportation,11221.0,BROOKLYN,BROOKLYN,PUTNAM AVENUE,40.68478747196325,-73.9435394474429,POINT (-73.943539447443 40.684787471963)
70097763,2026-08-17T09:03:19.000,Sidewalk Condition,Broken Sidewalk,In Progress,DOT,Department of Transportation,11419.0,SOUTH RICHMOND HILL,QUEENS,110 STREET,40.68919465962215,-73.83445812665781,POINT (-73.834458126658 40.689194659622)
70091773,2026-08-17T09:03:08.000,Water Maintenance,Fire Hydrant Running Full,Closed,DEP,Department of Environmental Protection,11419.0,SOUTH RICHMOND HILL,QUEENS,131 STREET,40.693768029422,-73.81672628776694,POINT (-73.816726287767 40.693768029422)
70092922,2026-08-17T09:02:53.000,Dirty Condition,Trash,In Progress,DSNY,Department of Sanitation,11040.0,NEW HYDE PARK,QUEENS,UNION TURNPIKE,40.75187591258523,-73.70281653107844,POINT (-73.702816531078 40.751875912585)
70099225,2026-08-17T09:02:23.000,UNSANITARY CONDITION,SEWAGE,Open,HPD,Department of Housing Preservation and Development,10307.0,STATEN ISLAND,STATEN ISLAND,LORETTO STREET,40.50069636801401,-74.2382839192509,POINT (-74.238283919251 40.500696368014)
70093707,2026-08-17T09:02:23.000,UNSANITARY CONDITION,PESTS,Open,HPD,Department of Housing Preservation and Development,10307.0,STATEN ISLAND,STATEN ISLAND,LORETTO STREET,40.50069636801401,-74.2382839192509,POINT (-74.238283919251 40.500696368014)
70095716,2026-08-17T09:02:23.000,Illegal Dumping,Removal Request,In Progress,DSNY,Department of Sanitation,11421.0,WOODHAVEN,QUEENS,78 STREET,40.69024556934257,-73.86347964641952,POINT (-73.86347964642 40.690245569343)
70097904,2026-08-17T09:02:22.000,UNSANITARY CONDITION,MOLD,Open,HPD,Department of Housing Preservation and Development,10307.0,STATEN ISLAND,STATEN ISLAND,LORETTO STREET,40.50069636801401,-74.2382839192509,POINT (-74.238283919251 40.500696368014)
70094379,2026-08-17T09:01:58.000,Illegal Dumping,Chronic Dumping,In Progress,DSNY,Department of Sanitation,10455.0,BRONX,BRONX,SOUTHERN BOULEVARD,40.81171478462886,-73.90473459822503,POINT (-73.904734598225 40.811714784629)
70093159,2026-08-17T09:01:35.000,Water Maintenance,Water Main Break,In Progress,DEP,Department of Environmental Protection,11230.0,BROOKLYN,BROOKLYN,WELLINGTON COURT,40.63090373377226,-73.96112306802486,POINT (-73.961123068025 40.630903733772)
70092924,2026-08-17T09:01:14.000,Dirty Condition,Trash,In Progress,DSNY,Department of Sanitation,10462.0,BRONX,BRONX,LYDIG AVENUE,40.85438189777797,-73.86185587000068,POINT (-73.861855870001 40.854381897778)
70095813,2026-08-17T09:01:00.000,Traffic Signal Condition,Controller,Closed,DOT,Department of Transportation,,,BROOKLYN,,,,
70094430,2026-08-17T09:01:00.000,Traffic Signal Condition,Controller,Closed,DOT,Department of Transportation,11223.0,BROOKLYN,BROOKLYN,,40.60967408129917,-73.96522321613992,POINT (-73.96522321614 40.609674081299)
70098539,2026-08-17T09:00:56.000,Street Condition,Pothole,Closed,DOT,Department of Transportation,11364.0,QUEENS,QUEENS,FRANCIS LEWIS BOULEVARD,,,
70098142,2026-08-17T09:00:46.000,Damaged Tree,Branch or Limb Has Fallen Down,In Progress,DPR,Department of Parks and Recreation,11230.0,BROOKLYN,BROOKLYN,AVENUE N,40.61532465753324,-73.96219829704629,POINT (-73.962198297046 40.615324657533)
70092898,2026-08-17T09:00:40.000,Illegal Dumping,Removal Request,In Progress,DSNY,Department of Sanitation,10002.0,NEW YORK,MANHATTAN,NORFOLK STREET,40.72130308733556,-73.98585818915527,POINT (-73.985858189155 40.721303087336)
70095684,2026-08-17T09:00:26.000,Dirty Condition,Trash,In Progress,DSNY,Department of Sanitation,11211.0,BROOKLYN,BROOKLYN,BEDFORD AVENUE,40.71795851239095,-73.9575766949627,POINT (-73.957576694963 40.717958512391)
70094578,2026-08-17T08:59:59.000,Water Maintenance,Fire Hydrant Running,In Progress,DEP,Department of Environmental Protection,11221.0,BROOKLYN,BROOKLYN,KNICKERBOCKER AVENUE,40.69349098722923,-73.90902168838649,POINT (-73.909021688386 40.693490987229)
70099553,2026-08-17T08:59:57.000,Damaged Tree,Branch or Limb Has Fallen Down,In Progress,DPR,Department of Parks and Recreation,11385.0,RIDGEWOOD,QUEENS,87 STREET,40.70650701332075,-73.86237151448023,POINT (-73.86237151448 40.706507013321)
70094815,2026-08-17T08:59:45.000,Street Condition,Cave-in,In Progress,DOT,Department of Transportation,11221.0,,BROOKLYN,GREENE AVENUE,,,
70092251,2026-08-17T08:59:40.000,UNSANITARY CONDITION,SEWAGE,Open,HPD,Department of Housing Preservation and Development,10031.0,NEW YORK,MANHATTAN,WEST  152 STREET,40.83120248941831,-73.94805140673671,POINT (-73.948051406737 40.831202489418)
70100653,2026-08-17T08:59:39.000,UNSANITARY CONDITION,PESTS,Open,HPD,Department of Housing Preservation and Development,10009.0,NEW YORK,MANHATTAN,EAST    7 STREET,40.72482659089575,-73.98060088326918,POINT (-73.980600883269 40.724826590896)
70096584,2026-08-17T08:59:22.000,UNSANITARY CONDITION,GARBAGE/RECYCLING STORAGE,Open,HPD,Department of Housing Preservation and Development,10462.0,BRONX,BRONX,LYDIG AVENUE,40.85438189777797,-73.86185587000068,POINT (-73.861855870001 40.854381897778)
70101790,2026-08-17T08:58:40.000,Street Condition,Cave-in,In Progress,DOT,Department of Transportation,11234.0,,BROOKLYN,AVENUE U,40.60834274461671,-73.92482226804577,POINT (-73.924822268046 40.608342744617)
70100345,2026-08-17T08:57:59.000,Street Condition,Cave-in,In Progress,DOT,Department of Transportation,11226.0,,BROOKLYN,VERONICA PLACE,40.6458266954447,-73.95262086616967,POINT (-73.95262086617 40.645826695445)
70100366,2026-08-17T08:57:24.000,Street Condition,Defective Hardware,In Progress,DOT,Department of Transportation,11412.0,,QUEENS,109 AVENUE,40.708822284670674,-73.75184293054023,POINT (-73.75184293054 40.708822284671)
70101789,2026-08-17T08:57:16.000,Street Condition,Cave-in,In Progress,DOT,Department of Transportation,11214.0,,BROOKLYN,85 STREET,40.60710472201589,-74.00077070682796,POINT (-74.000770706828 40.607104722016)
70098553,2026-08-17T08:57:00.000,Traffic Signal Condition,Controller,Closed,DOT,Department of Transportation,10009.0,MANHATTAN,MANHATTAN,,40.73198239186119,-73.98196630142556,POINT (-73.981966301426 40.731982391861)
70091990,2026-08-17T08:56:34.000,Street Condition,Cave-in,In Progress,DOT,Department of Transportation,11235.0,,BROOKLYN,AVENUE Y,40.58945163597641,-73.96051711597006,POINT (-73.96051711597 40.589451635976)
70100678,2026-08-17T08:56:31.000,UNSANITARY CONDITION,MOLD,Open,HPD,Department of Housing Preservation and Development,10011.0,NEW YORK,MANHATTAN,WEST   16 STREET,40.74051175141983,-74.00018764953326,POINT (-74.000187649533 40.74051175142)
70092289,2026-08-17T08:56:31.000,UNSANITARY CONDITION,PESTS,Open,HPD,Department of Housing Preservation and Development,10011.0,NEW YORK,MANHATTAN,WEST   16 STREET,40.74051175141983,-74.00018764953326,POINT (-74.000187649533 40.74051175142)
70092275,2026-08-17T08:56:29.000,UNSANITARY CONDITION,PESTS,Open,HPD,Department of Housing Preservation and Development,11229.0,BROOKLYN,BROOKLYN,EAST   18 STREET,40.60223728814095,-73.95414628474423,POINT (-73.954146284744 40.602237288141)
70092228,2026-08-17T08:56:29.000,WATER LEAK,SLOW LEAK,Open,HPD,Department of Housing Preservation and Development,11229.0,BROOKLYN,BROOKLYN,EAST   18 STREET,40.60223728814095,-73.95414628474423,POINT (-73.954146284744 40.602237288141)
70100626,2026-08-17T08:56:29.000,UNSANITARY CONDITION,PESTS,Open,HPD,Department of Housing Preservation and Development,11229.0,BROOKLYN,BROOKLYN,EAST   18 STREET,40.60223728814095,-73.95414628474423,POINT (-73.954146284744 40.602237288141)
70092151,2026-08-17T08:56:05.000,Sidewalk Condition,Sidewalk Violation,In Progress,DOT,Department of Transportation,10314.0,STATEN ISLAND,STATEN ISLAND,WHEELER AVENUE,40.6071674876759,-74.13084386216438,POINT (-74.130843862164 40.607167487676)
70091606,2026-08-17T08:56:00.000,Traffic Signal Condition,Controller,Closed,DOT,Department of Transportation,11232.0,BROOKLYN,BROOKLYN,,40.66269482288685,-73.99569630450485,POINT (-73.995696304505 40.662694822887)
70099977,2026-08-17T08:56:00.000,Traffic Signal Condition,Veh Signal Lamp,Closed,DOT,Department of Transportation,11232.0,BROOKLYN,BROOKLYN,,40.653282718051095,-74.00875754158888,POINT (-74.008757541589 40.653282718051)
70096235,2026-08-17T08:55:46.000,Street Condition,Cave-in,In Progress,DOT,Department of Transportation,11208.0,,BROOKLYN,BLAKE AVENUE,40.672009814652895,-73.8662747546044,POINT (-73.866274754604 40.672009814653)
70098707,2026-08-17T08:55:14.000,Water Maintenance,Fire Hydrant Running,Closed,DEP,Department of Environmental Protection,10031.0,NEW YORK,MANHATTAN,WEST 153 STREET,40.83071800761314,-73.94500557250639,POINT (-73.945005572506 40.830718007613)
70093407,2026-08-17T08:55:02.000,Street Condition,Cave-in,In Progress,DOT,Department of Transportation,11229.0,,BROOKLYN,BROWN STREET,40.599573686577024,-73.9397656072507,POINT (-73.939765607251 40.599573686577)
70092867,2026-08-17T08:54:44.000,Dirty Condition,Trash,In Progress,DSNY,Department of Sanitation,11236.0,BROOKLYN,BROOKLYN,EAST 81 STREET,40.63649051077665,-73.91303389946138,POINT (-73.913033899461 40.636490510777)
70097082,2026-08-17T08:54:35.000,Dirty Condition,Trash,In Progress,DSNY,Department of Sanitation,11356.0,COLLEGE POINT,QUEENS,124 STREET,40.78826591653538,-73.8437635241263,POINT (-73.843763524126 40.788265916535)
70096503,2026-08-17T08:54:25.000,WATER LEAK,SLOW LEAK,Open,HPD,Department of Housing Preservation and Development,11213.0,BROOKLYN,BROOKLYN,MONTGOMERY STREET,40.66455133277643,-73.93519405201872,POINT (-73.935194052019 40.664551332776)
70093725,2026-08-17T08:54:25.000,UNSANITARY CONDITION,MOLD,Open,HPD,Department of Housing Preservation and Development,11213.0,BROOKLYN,BROOKLYN,MONTGOMERY STREET,40.66455133277643,-73.93519405201872,POINT (-73.935194052019 40.664551332776)
70098939,2026-08-17T08:54:21.000,Street Condition,Cave-in,In Progress,DOT,Department of Transportation,11210.0,,BROOKLYN,GLENWOOD ROAD,40.634177116402896,-73.94487930900152,POINT (-73.944879309002 40.634177116403)
70091989,2026-08-17T08:53:37.000,Street Condition,Cave-in,In Progress,DOT,Department of Transportation,11215.0,,BROOKLYN,8 AVENUE,40.66053633478334,-73.98357872501786,POINT (-73.983578725018 40.660536334783)
70101276,2026-08-17T08:53:33.000,Dirty Condition,Trash,In Progress,DSNY,Department of Sanitation,11426.0,BELLEROSE,QUEENS,89 AVENUE,40.72755310817068,-73.72316927785432,POINT (-73.723169277854 40.727553108171)
70097574,2026-08-17T08:52:51.000,Street Condition,Cave-in,In Progress,DOT,Department of Transportation,11233.0,,BROOKLYN,CHAUNCEY STREET,,,
70093968,2026-08-17T08:52:28.000,Damaged Tree,Branch or Limb Has Fallen Down,In Progress,DPR,Department of Parks and Recreation,11215.0,BROOKLYN,BROOKLYN,13 STREET,40.66254761975973,-73.97959173339125,POINT (-73.979591733391 40.66254761976)
70093406,2026-08-17T08:52:01.000,Street Condition,Cave-in,In Progress,DOT,Department of Transportation,11215.0,,BROOKLYN,14 STREET,40.66159513834546,-73.97935053161859,POINT (-73.979350531619 40.661595138345)
70099910,2026-08-17T08:51:48.000,Dirty Condition,Trash,In Progress,DSNY,Department of Sanitation,10035.0,NEW YORK,MANHATTAN,LEXINGTON AVENUE,40.80488886029397,-73.93702964417822,POINT (-73.937029644178 40.804888860294)
70097127,2026-08-17T08:51:26.000,Dirty Condition,Trash,In Progress,DSNY,Department of Sanitation,10037.0,NEW YORK,MANHATTAN,LENOX AVENUE,40.81764699692879,-73.93826038509009,POINT (-73.93826038509 40.817646996929)
70100344,2026-08-17T08:51:23.000,Street Condition,Cave-in,In Progress,DOT,Department of Transportation,11226.0,,BROOKLYN,DITMAS AVENUE,40.63793064276384,-73.96187562469974,POINT (-73.9618756247 40.637930642764)
70094373,2026-08-17T08:51:08.000,Dirty Condition,Trash,In Progress,DSNY,Department of Sanitation,10026.0,NEW YORK,MANHATTAN,SEVENTH AVENUE,40.80493692660632,-73.95126142400458,POINT (-73.951261424005 40.804936926606)
70098952,2026-08-17T08:51:03.000,Street Condition,Cave-in,In Progress,DOT,Department of Transportation,11375.0,,QUEENS,110 STREET,40.73096407052568,-73.84599420078135,POINT (-73.845994200781 40.730964070526)
70101788,2026-08-17T08:50:45.000,Street Condition,Cave-in,In Progress,DOT,Department of Transportation,11208.0,,BROOKLYN,FOUNTAIN AVENUE,40.67428419463635,-73.87511702470786,POINT (-73.875117024708 40.674284194636)
70096561,2026-08-17T08:50:41.000,UNSANITARY CONDITION,PESTS,Open,HPD,Department of Housing Preservation and Development,10025.0,NEW YORK,MANHATTAN,WEST   92 STREET,40.7928183851133,-73.97533720179432,POINT (-73.975337201794 40.792818385113)
70097762,2026-08-17T08:50:20.000,Sidewalk Condition,Broken Sidewalk,In Progress,DOT,Department of Transportation,11104.0,SUNNYSIDE,QUEENS,39 AVENUE,40.748717757872335,-73.91184797702634,POINT (-73.911847977026 40.748717757872)
70101376,2026-08-17T08:50:18.000,Street Condition,Pothole,Closed,DOT,Department of Transportation,11358.0,QUEENS,QUEENS,,40.75366721222511,-73.78804749045796,POINT (-73.788047490458 40.753667212225)
70097358,2026-08-17T08:50:17.000,Sewer Maintenance,Flooding on Street,Closed,DEP,Department of Environmental Protection,10462.0,BRONX,BRONX,HAVEMEYER AVENUE,40.83388939150793,-73.8483506039737,POINT (-73.848350603974 40.833889391508)
70093405,2026-08-17T08:50:03.000,Street Condition,Cave-in,In Progress,DOT,Department of Transportation,11220.0,,BROOKLYN,45 STREET,40.64858641157014,-74.00853710110833,POINT (-74.008537101108 40.64858641157)
70091988,2026-08-17T08:49:20.000,Street Condition,Cave-in,In Progress,DOT,Department of Transportation,11204.0,,BROOKLYN,AVENUE P,40.60807733398845,-73.9796984218625,POINT (-73.979698421862 40.608077333988)
70093604,2026-08-17T08:49:00.000,Street Light Condition,Street Light Cycling,Open,DOT,Department of Transportation,10038.0,MANHATTAN,MANHATTAN,,40.70782435268509,-74.00432825039411,POINT (-74.004328250394 40.707824352685)
70092919,2026-08-17T08:48:48.000,Dirty Condition,Trash,In Progress,DSNY,Department of Sanitation,10033.0,NEW YORK,MANHATTAN,WEST 179 STREET,40.848246153459016,-73.9352572584962,POINT (-73.935257258496 40.848246153459)
70094352,2026-08-17T08:48:33.000,Dirty Condition,Trash,In Progress,DSNY,Department of Sanitation,10037.0,NEW YORK,MANHATTAN,LENOX AVENUE,40.818094213398375,-73.93793842629789,POINT (-73.937938426298 40.818094213398)
70093438,2026-08-17T08:48:17.000,Street Condition,Plate Condition - Noisy,Closed,DOT,Department of Transportation,11415.0,KEW GARDENS,QUEENS,82 AVENUE,40.7121286018462,-73.82975881237071,POINT (-73.829758812371 40.712128601846)
70100343,2026-08-17T08:47:41.000,Street Condition,Cave-in,In Progress,DOT,Department of Transportation,11210.0,,BROOKLYN,NEW YORK AVENUE,40.6330050334243,-73.94475778080064,POINT (-73.944757780801 40.633005033424)
70096507,2026-08-17T08:47:05.000,WATER LEAK,HEAVY FLOW,Open,HPD,Department of Housing Preservation and Development,10460.0,BRONX,BRONX,HOE AVENUE,40.835496204888855,-73.88774459919918,POINT (-73.887744599199 40.835496204889)
70100342,2026-08-17T08:46:49.000,Street Condition,Cave-in,In Progress,DOT,Department of Transportation,11207.0,,BROOKLYN,BRADFORD STREET,40.66133698489955,-73.88838730486867,POINT (-73.888387304869 40.6613369849)
70101787,2026-08-17T08:46:06.000,Street Condition,Cave-in,In Progress,DOT,Department of Transportation,11209.0,,BROOKLYN,77 STREET,40.63097710506726,-74.03240288268897,POINT (-74.032402882689 40.630977105067)
70098706,2026-08-17T08:46:04.000,Water Maintenance,Fire Hydrant Running,In Progress,DEP,Department of Environmental Protection,10452.0,BRONX,BRONX,TOWNSEND AVENUE,40.84342647770325,-73.91426327900784,POINT (-73.914263279008 40.843426477703)
70092569,2026-08-17T08:45:25.000,Damaged Tree,Branch Cracked and Will Fall,In Progress,DPR,Department of Parks and Recreation,10009.0,NEW YORK,MANHATTAN,EAST 14 STREET,40.73040937110826,-73.98028174541913,POINT (-73.980281745419 40.730409371108)
70099952,2026-08-17T08:45:24.000,Street Condition,Pothole,Closed,DOT,Department of Transportation,10033.0,MANHATTAN,MANHATTAN,,40.85509784049095,-73.93689173668447,POINT (-73.936891736684 40.855097840491)
70097573,2026-08-17T08:45:20.000,Street Condition,Cave-in,In Progress,DOT,Department of Transportation,11207.0,,BROOKLYN,ELDERT STREET,40.6881242938133,-73.91169009970257,POINT (-73.911690099703 40.688124293813)
70101942,2026-08-17T08:45:12.000,Sidewalk Condition,Sidewalk Violation,In Progress,DOT,Department of Transportation,11421.0,WOODHAVEN,QUEENS,79 STREET,40.693973597388975,-73.86400932638547,POINT (-73.864009326385 40.693973597389)
70101321,2026-08-17T08:45:10.000,Dirty Condition,Trash,In Progress,DSNY,Department of Sanitation,10037.0,NEW YORK,MANHATTAN,WEST 142 STREET,40.81798635263026,-73.93643919542686,POINT (-73.936439195427 40.81798635263)
70092996,2026-08-17T08:45:00.000,Traffic Signal Condition,Controller,Closed,DOT,Department of Transportation,10018.0,MANHATTAN,MANHATTAN,,40.7559505879244,-73.99072724261552,POINT (-73.990727242616 40.755950587924)
70091987,2026-08-17T08:44:36.000,Street Condition,Cave-in,In Progress,DOT,Department of Transportation,11223.0,,BROOKLYN,AVENUE W,40.59224702984657,-73.97440310349567,POINT (-73.974403103496 40.592247029847)
70099198,2026-08-17T08:44:02.000,WATER LEAK,SLOW LEAK,Open,HPD,Department of Housing Preservation and Development,10462.0,BRONX,BRONX,SAGAMORE STREET,40.84901007040739,-73.86852861483169,POINT (-73.868528614832 40.849010070407)
70094814,2026-08-17T08:43:52.000,Street Condition,Cave-in,In Progress,DOT,Department of Transportation,11212.0,,BROOKLYN,EAST 98 STREET,40.65700303752495,-73.91402712747067,POINT (-73.914027127471 40.657003037525)
70098938,2026-08-17T08:43:11.000,Street Condition,Cave-in,In Progress,DOT,Department of Transportation,11237.0,,BROOKLYN,GRATTAN STREET,,,
70095802,2026-08-17T08:43:00.000,Traffic Signal Condition,Controller,Closed,DOT,Department of Transportation,10462.0,BRONX,BRONX,,40.84923668556527,-73.86278826540133,POINT (-73.862788265401 40.849236685565)
70094368,2026-08-17T08:42:30.000,Dirty Condition,Trash,In Progress,DSNY,Department of Sanitation,10034.0,NEW YORK,MANHATTAN,SEAMAN AVENUE,40.86889242000056,-73.92288260765025,POINT (-73.92288260765 40.868892420001)
70093420,2026-08-17T08:42:21.000,Street Condition,Failed Street Repair,In Progress,DOT,Department of Transportation,11419.0,SOUTH RICHMOND HILL,QUEENS,107 AVENUE,40.68470770325995,-73.8220875257258,POINT (-73.822087525726 40.68470770326)
70094357,2026-08-17T08:42:21.000,Dirty Condition,Trash,In Progress,DSNY,Department of Sanitation,10033.0,NEW YORK,MANHATTAN,WEST 179 STREET,40.84826539477776,-73.93530784264958,POINT (-73.93530784265 40.848265394778)
70101786,2026-08-17T08:42:10.000,Street Condition,Cave-in,In Progress,DOT,Department of Transportation,11224.0,,BROOKLYN,NEPTUNE AVENUE,40.57724405166864,-74.000032398413,POINT (-74.000032398413 40.577244051669)
70098489,2026-08-17T08:42:09.000,Dirty Condition,Trash,In Progress,DSNY,Department of Sanitation,11369.0,EAST ELMHURST,QUEENS,101 STREET,40.76120853584458,-73.8681388006686,POINT (-73.868138800669 40.761208535845)
70095735,2026-08-17T08:41:56.000,Dirty Condition,Trash,In Progress,DSNY,Department of Sanitation,11221.0,BROOKLYN,BROOKLYN,GREENE AVENUE,40.69100422073542,-73.92845042573668,POINT (-73.928450425737 40.691004220735)
70098937,2026-08-17T08:41:33.000,Street Condition,Cave-in,In Progress,DOT,Department of Transportation,11210.0,,BROOKLYN,AVENUE L,40.6211651444936,-73.95353171555006,POINT (-73.95353171555 40.621165144494)
70095068,2026-08-17T08:41:25.000,UNSANITARY CONDITION,PESTS,Open,HPD,Department of Housing Preservation and Development,11226.0,BROOKLYN,BROOKLYN,CLARKSON AVENUE,40.65535593070498,-73.95106436172432,POINT (-73.951064361724 40.655355930705)
70092923,2026-08-17T08:41:24.000,Dirty Condition,Trash,In Progress,DSNY,Department of Sanitation,11236.0,,BROOKLYN,EAST 92 STREET,40.64906179729957,-73.91325175373304,POINT (-73.913251753733 40.6490617973)
70100652,2026-08-17T08:40:55.000,UNSANITARY CONDITION,PESTS,Open,HPD,Department of Housing Preservation and Development,11436.0,JAMAICA,QUEENS,135 AVENUE,40.66829180189903,-73.79600771789859,POINT (-73.796007717899 40.668291801899)
70096531,2026-08-17T08:40:55.000,UNSANITARY CONDITION,PESTS,Open,HPD,Department of Housing Preservation and Development,11436.0,JAMAICA,QUEENS,135 AVENUE,40.66829180189903,-73.79600771789859,POINT (-73.796007717899 40.668291801899)
70101785,2026-08-17T08:40:52.000,Street Condition,Cave-in,In Progress,DOT,Department of Transportation,11214.0,,BROOKLYN,BATH AVENUE,40.60095637786012,-74.00083905679729,POINT (-74.000839056797 40.60095637786)
70094589,2026-08-17T08:40:13.000,Sewer Maintenance,Flooding on Street,In Progress,DEP,Department of Environmental Protection,11412.0,SAINT ALBANS,QUEENS,200 STREET,40.69131722049793,-73.7510931259885,POINT (-73.751093125988 40.691317220498)
70096234,2026-08-17T08:40:11.000,Street Condition,Cave-in,In Progress,DOT,Department of Transportation,11208.0,,BROOKLYN,CHESTNUT STREET,40.686192220049286,-73.87621609852809,POINT (-73.876216098528 40.686192220049)
70094376,2026-08-17T08:40:06.000,Dirty Condition,Trash,In Progress,DSNY,Department of Sanitation,10011.0,NEW YORK,MANHATTAN,WEST 15 STREET,40.73831865621786,-73.99701574892131,POINT (-73.997015748921 40.738318656218)
70095737,2026-08-17T08:40:02.000,Dirty Condition,Trash,In Progress,DSNY,Department of Sanitation,11214.0,BROOKLYN,BROOKLYN,CROPSEY AVENUE,40.58703696258205,-73.988831709467,POINT (-73.988831709467 40.587036962582)
70093009,2026-08-17T08:40:00.000,Traffic Signal Condition,Controller,Assigned,DOT,Department of Transportation,,,BROOKLYN,,,,
70094346,2026-08-17T08:39:09.000,Dirty Condition,Trash,In Progress,DSNY,Department of Sanitation,10461.0,BRONX,BRONX,HUTCHINSON RIVER PARKWAY,40.840670751645206,-73.8376591421784,POINT (-73.837659142178 40.840670751645)
70097835,2026-08-17T08:38:32.000,WATER LEAK,HEAVY FLOW,Open,HPD,Department of Housing Preservation and Development,10462.0,BRONX,BRONX,UNIONPORT ROAD,40.83627935857678,-73.85639680174407,POINT (-73.856396801744 40.836279358577)
70097221,2026-08-17T08:38:00.000,Traffic Signal Condition,Vehicle Signal,Closed,DOT,Department of Transportation,11230.0,BROOKLYN,BROOKLYN,,40.61222688596051,-73.96570811715316,POINT (-73.965708117153 40.612226885961)
70098143,2026-08-17T08:37:00.000,Damaged Tree,Branch or Limb Has Fallen Down,In Progress,DPR,Department of Parks and Recreation,11220.0,BROOKLYN,BROOKLYN,8 AVENUE,40.64271012684372,-74.00206472272143,POINT (-74.002064722721 40.642710126844)
70102052,2026-08-17T08:35:12.000,UNSANITARY CONDITION,PESTS,Open,HPD,Department of Housing Preservation and Development,10033.0,NEW YORK,MANHATTAN,WEST  181 STREET,40.85136177029317,-73.94108105730567,POINT (-73.941081057306 40.851361770293)
70094011,2026-08-17T08:35:09.000,Damaged Tree,Branch or Limb Has Fallen Down,In Progress,DPR,Department of Parks and Recreation,10309.0,STATEN ISLAND,STATEN ISLAND,AMBOY ROAD,40.518234176536495,-74.22411085676754,POINT (-74.224110856768 40.518234176536)
70096502,2026-08-17T08:35:02.000,WATER LEAK,SLOW LEAK,Open,HPD,Department of Housing Preservation and Development,10030.0,NEW YORK,MANHATTAN,WEST  137 STREET,40.81792254710763,-73.9458687774179,POINT (-73.945868777418 40.817922547108)
70097369,2026-08-17T08:33:09.000,Sewer Maintenance,Catch Basin Clogged,In Progress,DEP,Department of Environmental Protection,11206.0,BROOKLYN,BROOKLYN,HARRISON AVENUE,40.7017334318901,-73.94888803022765,POINT (-73.948888030228 40.70173343189)
70092177,2026-08-17T08:33:00.000,Street Light Condition,Street Light Out,Open,DOT,Department of Transportation,11214.0,BROOKLYN,BROOKLYN,77 STREET,40.60763674233266,-73.98957736757134,POINT (-73.989577367571 40.607636742333)
70100971,2026-08-17T08:32:44.000,Damaged Tree,Branch or Limb Has Fallen Down,In Progress,DPR,Department of Parks and Recreation,11101.0,LONG ISLAND CITY,QUEENS,50 AVENUE,40.7434876747207,-73.95810176004754,POINT (-73.958101760048 40.743487674721)
70092915,2026-08-17T08:32:26.000,Dirty Condition,Trash,In Progress,DSNY,Department of Sanitation,11215.0,BROOKLYN,BROOKLYN,2 STREET,40.67409287789599,-73.98420266604522,POINT (-73.984202666045 40.674092877896)
70093741,2026-08-17T08:31:47.000,UNSANITARY CONDITION,GARBAGE/RECYCLING STORAGE,Open,HPD,Department of Housing Preservation and Development,11219.0,BROOKLYN,BROOKLYN,68 STREET,40.62381498775323,-74.00292869870982,POINT (-74.00292869871 40.623814987753)
70101395,2026-08-17T08:31:00.000,Traffic Signal Condition,Controller,Closed,DOT,Department of Transportation,10308.0,STATEN ISLAND,STATEN ISLAND,,40.56739356360024,-74.15228255738663,POINT (-74.152282557387 40.5673935636)
70102327,2026-08-17T08:30:49.000,Damaged Tree,Branch or Limb Has Fallen Down,Closed,DPR,Department of Parks and Recreation,10470.0,,BRONX,VAN CORTLANDT PARK EAST,40.89686983736717,-73.87643867640344,POINT (-73.876438676403 40.896869837367)
70098494,2026-08-17T08:30:32.000,Dirty Condition,Trash,In Progress,DSNY,Department of Sanitation,11226.0,BROOKLYN,BROOKLYN,CHURCH AVENUE,40.64950848811539,-73.96292129601305,POINT (-73.962921296013 40.649508488115)
70097114,2026-08-17T08:30:20.000,Illegal Dumping,Removal Request,In Progress,DSNY,Department of Sanitation,10475.0,,BRONX,BARTOW AVENUE,40.86831999695185,-73.83315893248766,POINT (-73.833158932488 40.868319996952)
70092249,2026-08-17T08:30:16.000,UNSANITARY CONDITION,SEWAGE,Open,HPD,Department of Housing Preservation and Development,10452.0,BRONX,BRONX,GERARD AVENUE,40.828922074250734,-73.92409246173344,POINT (-73.924092461733 40.828922074251)
70093966,2026-08-17T08:30:02.000,Damaged Tree,Entire Tree Has Fallen Down,In Progress,DPR,Department of Parks and Recreation,11207.0,BROOKLYN,BROOKLYN,COOPER STREET,40.68452775433588,-73.91054106520136,POINT (-73.910541065201 40.684527754336)
70091770,2026-08-17T08:29:23.000,Water Maintenance,Water Main Break,In Progress,DEP,Department of Environmental Protection,10458.0,,BRONX,EAST FORDHAM ROAD,40.86225923980916,-73.89588435922018,POINT (-73.89588435922 40.862259239809)
70093598,2026-08-17T08:29:00.000,Street Light Condition,Street Light Out,Open,DOT,Department of Transportation,10306.0,STATEN ISLAND,STATEN ISLAND,,40.5759304023819,-74.14337462095153,POINT (-74.143374620952 40.575930402382)
70093001,2026-08-17T08:29:00.000,Traffic Signal Condition,Controller,Closed,DOT,Department of Transportation,11214.0,BROOKLYN,BROOKLYN,,40.59726736508086,-73.99865686311435,POINT (-73.998656863114 40.597267365081)
70095792,2026-08-17T08:28:23.000,Street Condition,Pothole,Closed,DOT,Department of Transportation,11432.0,QUEENS,QUEENS,,40.71001289201545,-73.7947294048248,POINT (-73.794729404825 40.710012892015)
70097374,2026-08-17T08:28:14.000,Sewer Maintenance,Backup,In Progress,DEP,Department of Environmental Protection,10025.0,NEW YORK,MANHATTAN,AMSTERDAM AVENUE,40.79292172584635,-73.97120201213826,POINT (-73.971202012138 40.792921725846)
70092931,2026-08-17T08:27:43.000,Dirty Condition,Trash,In Progress,DSNY,Department of Sanitation,10019.0,NEW YORK,MANHATTAN,WEST 55 STREET,40.76391451831262,-73.98027182605679,POINT (-73.980271826057 40.763914518313)
70097352,2026-08-17T08:27:28.000,Water Maintenance,Fire Hydrant Leaking,In Progress,DEP,Department of Environmental Protection,10461.0,BRONX,BRONX,WESTCHESTER AVENUE,40.84661158767165,-73.83279049490515,POINT (-73.832790494905 40.846611587672)
70093969,2026-08-17T08:27:20.000,Damaged Tree,Branch or Limb Has Fallen Down,In Progress,DPR,Department of Parks and Recreation,11232.0,BROOKLYN,BROOKLYN,6 AVENUE,40.64925917474556,-74.00242529631586,POINT (-74.002425296316 40.649259174746)
70098715,2026-08-17T08:26:57.000,Sewer Maintenance,Catch Basin Clogged,In Progress,DEP,Department of Environmental Protection,10011.0,NEW YORK,MANHATTAN,WEST 18 STREET,40.74057483352055,-73.9966980868164,POINT (-73.996698086816 40.740574833521)
70095715,2026-08-17T08:26:56.000,Illegal Dumping,Removal Request,In Progress,DSNY,Department of Sanitation,10475.0,,BRONX,BAYCHESTER AVENUE,,,
70093397,2026-08-17T08:25:51.000,Street Condition,Failed Street Repair,In Progress,DOT,Department of Transportation,10463.0,BRONX,BRONX,KAPPOCK STREET,40.88193031741948,-73.91974659839612,POINT (-73.919746598396 40.881930317419)
70102696,2026-08-17T08:24:51.000,Illegal Dumping,Removal Request,In Progress,DSNY,Department of Sanitation,10475.0,,BRONX,BAYCHESTER AVENUE,,,
70097148,2026-08-17T08:24:29.000,Dirty Condition,Trash,Closed,DSNY,Department of Sanitation,10304.0,STATEN ISLAND,STATEN ISLAND,VANDERBILT AVENUE,40.61448653312438,-74.08561195916977,POINT (-74.08561195917 40.614486533124)
70098688,2026-08-17T08:24:16.000,Water Maintenance,Fire Hydrant Defective,In Progress,DEP,Department of Environmental Protection,10468.0,BRONX,BRONX,CRESTON AVENUE,40.86899813855137,-73.8936031985856,POINT (-73.893603198586 40.868998138551)
70097117,2026-08-17T08:23:37.000,Illegal Dumping,Removal Request,In Progress,DSNY,Department of Sanitation,11385.0,,QUEENS,LINDEN STREET,40.70968216220866,-73.89890365833858,POINT (-73.898903658339 40.709682162209)
70092294,2026-08-17T08:23:02.000,UNSANITARY CONDITION,MOLD,Open,HPD,Department of Housing Preservation and Development,10452.0,BRONX,BRONX,WEST  169 STREET,40.84000267194879,-73.9243870122636,POINT (-73.924387012264 40.840002671949)
70095713,2026-08-17T08:22:48.000,Illegal Dumping,Removal Request,In Progress,DSNY,Department of Sanitation,10475.0,,BRONX,BAYCHESTER AVENUE,,,
70092556,2026-08-17T08:22:39.000,Damaged Tree,Branch or Limb Has Fallen Down,In Progress,DPR,Department of Parks and Recreation,11234.0,BROOKLYN,BROOKLYN,AVENUE O,40.61681506249762,-73.92351241904322,POINT (-73.923512419043 40.616815062498)
70095952,2026-08-17T08:22:21.000,Water Maintenance,Leak,In Progress,DEP,Department of Environmental Protection,11213.0,BROOKLYN,BROOKLYN,SCHENECTADY AVENUE,40.67536739974047,-73.93326922267266,POINT (-73.933269222673 40.67536739974)
70095376,2026-08-17T08:21:55.000,Damaged Tree,Branch or Limb Has Fallen Down,In Progress,DPR,Department of Parks and Recreation,11429.0,QUEENS VILLAGE,QUEENS,211 STREET,40.71092923398052,-73.74757875801996,POINT (-73.74757875802 40.710929233981)
70092899,2026-08-17T08:21:09.000,Illegal Dumping,Removal Request,In Progress,DSNY,Department of Sanitation,10475.0,,BRONX,BARTOW AVENUE,,,
70092917,2026-08-17T08:20:44.000,Dirty Condition,Trash,In Progress,DSNY,Department of Sanitation,10461.0,BRONX,BRONX,ERICSON PLACE,40.84096904266261,-73.83703317490532,POINT (-73.837033174905 40.840969042663)
70100643,2026-08-17T08:20:18.000,UNSANITARY CONDITION,PESTS,Open,HPD,Department of Housing Preservation and Development,10457.0,BRONX,BRONX,RYER AVENUE,40.851680378265726,-73.90124341327365,POINT (-73.901243413274 40.851680378266)
70102078,2026-08-17T08:20:18.000,UNSANITARY CONDITION,PESTS,Open,HPD,Department of Housing Preservation and Development,10457.0,BRONX,BRONX,RYER AVENUE,40.851680378265726,-73.90124341327365,POINT (-73.901243413274 40.851680378266)
70102361,2026-08-17T08:20:02.000,Damaged Tree,Tree Leaning/Uprooted,Closed,DPR,Department of Parks and Recreation,10017.0,NEW YORK,MANHATTAN,EAST 41 STREET,40.751230571521184,-73.97763723845094,POINT (-73.977637238451 40.751230571521)
70100350,2026-08-17T08:19:48.000,Street Condition,Cave-in,In Progress,DOT,Department of Transportation,11229.0,BROOKLYN,BROOKLYN,EATON COURT,40.587318280438325,-73.9217532197804,POINT (-73.92175321978 40.587318280438)
70094372,2026-08-17T08:18:54.000,Dirty Condition,Trash,In Progress,DSNY,Department of Sanitation,11101.0,LONG ISLAND CITY,QUEENS,21 STREET,40.756978121174114,-73.93958356584051,POINT (-73.93958356584 40.756978121174)
70098151,2026-08-17T08:18:53.000,Damaged Tree,Tree Leaning/Uprooted,Closed,DPR,Department of Parks and Recreation,10017.0,NEW YORK,MANHATTAN,EAST 41 STREET,40.750585249407216,-73.97611076742338,POINT (-73.976110767423 40.750585249407)
70095968,2026-08-17T08:17:45.000,Water Maintenance,Fire Hydrant Running Full,Closed,DEP,Department of Environmental Protection,10029.0,NEW YORK,MANHATTAN,LEXINGTON AVENUE,40.7952749574739,-73.9440524928832,POINT (-73.944052492883 40.795274957474)
70101561,2026-08-17T08:16:21.000,Water Maintenance,Fire Hydrant Running,Closed,DEP,Department of Environmental Protection,10468.0,BRONX,BRONX,GRAND CONCOURSE,40.873666047054016,-73.88696783200596,POINT (-73.886967832006 40.873666047054)
70101319,2026-08-17T08:16:09.000,Dirty Condition,Trash,In Progress,DSNY,Department of Sanitation,10033.0,,MANHATTAN,BROADWAY,40.85416834340433,-73.93370435416593,POINT (-73.933704354166 40.854168343404)
70097131,2026-08-17T08:15:14.000,Dirty Condition,Trash,In Progress,DSNY,Department of Sanitation,11208.0,BROOKLYN,BROOKLYN,MCKINLEY AVENUE,40.67940532780673,-73.87205371001355,POINT (-73.872053710014 40.679405327807)
70094331,2026-08-17T08:15:13.000,Illegal Dumping,Removal Request,In Progress,DSNY,Department of Sanitation,10475.0,,BRONX,BARTOW AVENUE,,,
70098698,2026-08-17T08:15:09.000,Water Maintenance,Fire Hydrant Running,In Progress,DEP,Department of Environmental Protection,10468.0,BRONX,BRONX,GRAND CONCOURSE,40.873666047054016,-73.88696783200596,POINT (-73.886967832006 40.873666047054)
70094439,2026-08-17T08:14:00.000,Traffic Signal Condition,Pedestrian Signal,Open,DOT,Department of Transportation,11367.0,QUEENS,QUEENS,,40.71767835884281,-73.81712589592719,POINT (-73.817125895927 40.717678358843)
70092904,2026-08-17T08:13:30.000,Illegal Dumping,Removal Request,In Progress,DSNY,Department of Sanitation,10475.0,,BRONX,BARTOW AVENUE,,,
70096538,2026-08-17T08:13:30.000,UNSANITARY CONDITION,PESTS,Open,HPD,Department of Housing Preservation and Development,10301.0,STATEN ISLAND,STATEN ISLAND,VICTORY BOULEVARD,40.62098723792776,-74.0980622434695,POINT (-74.098062243469 40.620987237928)
70098680,2026-08-17T08:13:27.000,Water Maintenance,Leak,In Progress,DEP,Department of Environmental Protection,10303.0,STATEN ISLAND,STATEN ISLAND,SIMONSON AVENUE,40.6310015133459,-74.1523448363342,POINT (-74.152344836334 40.631001513346)
70102110,2026-08-17T08:13:18.000,UNSANITARY CONDITION,GARBAGE/RECYCLING STORAGE,Open,HPD,Department of Housing Preservation and Development,10457.0,BRONX,BRONX,RYER AVENUE,40.851680378265726,-73.90124341327365,POINT (-73.901243413274 40.851680378266)
70094402,2026-08-17T08:11:52.000,Street Condition,Pothole,Open,DOT,Department of Transportation,11221.0,BROOKLYN,BROOKLYN,WILLOUGHBY AVENUE,,,
70092902,2026-08-17T08:11:30.000,Illegal Dumping,Removal Request,In Progress,DSNY,Department of Sanitation,11207.0,BROOKLYN,BROOKLYN,SCHENCK AVENUE,40.66207711393867,-73.88463027674764,POINT (-73.884630276748 40.662077113939)
70096822,2026-08-17T08:11:06.000,Damaged Tree,Branch or Limb Has Fallen Down,In Progress,DPR,Department of Parks and Recreation,10309.0,STATEN ISLAND,STATEN ISLAND,EVERETT AVENUE,40.51743628240217,-74.20454619892432,POINT (-74.204546198924 40.517436282402)
70098549,2026-08-17T08:11:00.000,Traffic Signal Condition,Controller,Closed,DOT,Department of Transportation,10458.0,BRONX,BRONX,,40.85925614903304,-73.88673203595033,POINT (-73.88673203595 40.859256149033)
70094329,2026-08-17T08:10:54.000,Illegal Dumping,Removal Request,In Progress,DSNY,Department of Sanitation,10475.0,,BRONX,CO-OP CITY BOULEVARD,,,
70094380,2026-08-17T08:10:18.000,Illegal Dumping,Chronic Dumping,In Progress,DSNY,Department of Sanitation,11235.0,BROOKLYN,BROOKLYN,KNAPP STREET,40.58630614038948,-73.93142844781958,POINT (-73.93142844782 40.586306140389)
70099208,2026-08-17T08:10:17.000,WATER LEAK,HEAVY FLOW,Open,HPD,Department of Housing Preservation and Development,11433.0,JAMAICA,QUEENS,179 PLACE,40.69875050762023,-73.77391190329305,POINT (-73.773911903293 40.69875050762)
70102714,2026-08-17T08:09:28.000,Dirty Condition,Trash,In Progress,DSNY,Department of Sanitation,11226.0,BROOKLYN,BROOKLYN,NEWKIRK AVENUE,40.63552941746006,-73.96330016892975,POINT (-73.96330016893 40.63552941746)
70091757,2026-08-17T08:08:59.000,Water Maintenance,Leak,Closed,DEP,Department of Environmental Protection,10455.0,BRONX,BRONX,BROOK AVENUE,40.817082316575366,-73.91374084768533,POINT (-73.913740847685 40.817082316575)
70095749,2026-08-17T08:08:49.000,Dirty Condition,Trash,In Progress,DSNY,Department of Sanitation,11249.0,BROOKLYN,BROOKLYN,NORTH 10 STREET,40.720879157713405,-73.95818090967339,POINT (-73.958180909673 40.720879157713)
70092900,2026-08-17T08:08:41.000,Illegal Dumping,Removal Request,In Progress,DSNY,Department of Sanitation,10475.0,,BRONX,CO-OP CITY BOULEVARD,,,
70101795,2026-08-17T08:08:36.000,Street Condition,Blocked - Construction,In Progress,DOT,Department of Transportation,11231.0,BROOKLYN,BROOKLYN,3 STREET,40.67851294510782,-73.99510401614297,POINT (-73.995104016143 40.678512945108)
70096506,2026-08-17T08:08:22.000,WATER LEAK,HEAVY FLOW,Open,HPD,Department of Housing Preservation and Development,10453.0,BRONX,BRONX,MORRIS AVENUE,40.85379695805137,-73.90500327047464,POINT (-73.905003270475 40.853796958051)
70101404,2026-08-17T08:08:00.000,Traffic Signal Condition,Controller,Closed,DOT,Department of Transportation,11233.0,BROOKLYN,BROOKLYN,,40.671899351230536,-73.92229927418927,POINT (-73.922299274189 40.671899351231)
70095049,2026-08-17T08:07:46.000,WATER LEAK,HEAVY FLOW,Open,HPD,Department of Housing Preservation and Development,10467.0,BRONX,BRONX,EAST  213 STREET,40.88500162146829,-73.87884761902771,POINT (-73.878847619028 40.885001621468)
70091781,2026-08-17T08:07:11.000,Water Maintenance,Fire Hydrant Leaking,In Progress,DEP,Department of Environmental Protection,11214.0,BROOKLYN,BROOKLYN,24 AVENUE,40.59874912306905,-73.98993525224132,POINT (-73.989935252241 40.598749123069)
70098560,2026-08-17T08:07:00.000,Traffic Signal Condition,Controller,Closed,DOT,Department of Transportation,11419.0,QUEENS,QUEENS,,40.69117852699963,-73.82659216126076,POINT (-73.826592161261 40.691178527)
70091619,2026-08-17T08:07:00.000,Traffic Signal Condition,Controller,Assigned,DOT,Department of Transportation,11230.0,BROOKLYN,BROOKLYN,,40.61222688596051,-73.96570811715316,POINT (-73.965708117153 40.612226885961)
70091618,2026-08-17T08:06:00.000,Traffic Signal Condition,Controller,Assigned,DOT,Department of Transportation,11223.0,BROOKLYN,BROOKLYN,,40.60967408129917,-73.96522321613992,POINT (-73.96522321614 40.609674081299)
70097125,2026-08-17T08:05:48.000,Illegal Dumping,Removal Request,In Progress,DSNY,Department of Sanitation,11433.0,JAMAICA,QUEENS,105 AVENUE,40.7014772142284,-73.78747768479694,POINT (-73.787477684797 40.701477214228)
70097203,2026-08-17T08:04:00.000,Traffic Signal Condition,Controller,Closed,DOT,Department of Transportation,,,BROOKLYN,,,,
70099981,2026-08-17T08:04:00.000,Traffic Signal Condition,Controller,Closed,DOT,Department of Transportation,,,BROOKLYN,,,,
70093433,2026-08-17T08:03:43.000,Street Condition,Cave-in,In Progress,DOT,Department of Transportation,11419.0,SOUTH RICHMOND HILL,QUEENS,111 STREET,40.684399911014246,-73.83094013268233,POINT (-73.830940132682 40.684399911014)
70102350,2026-08-17T08:03:24.000,Damaged Tree,Entire Tree Has Fallen Down,In Progress,DPR,Department of Parks and Recreation,11207.0,BROOKLYN,BROOKLYN,HEGEMAN AVENUE,40.66074815442237,-73.88973270621455,POINT (-73.889732706215 40.660748154422)
70099239,2026-08-17T08:03:06.000,UNSANITARY CONDITION,PESTS,Open,HPD,Department of Housing Preservation and Development,11374.0,REGO PARK,QUEENS,98 STREET,40.729516662540185,-73.85809535294666,POINT (-73.858095352947 40.72951666254)
70099556,2026-08-17T08:03:04.000,Damaged Tree,Branch Cracked and Will Fall,In Progress,DPR,Department of Parks and Recreation,11691.0,FAR ROCKAWAY,QUEENS,BEACH 12 STREET,40.59676208283157,-73.74622071211787,POINT (-73.746220712118 40.596762082832)
70102034,2026-08-17T08:02:59.000,UNSANITARY CONDITION,PESTS,Open,HPD,Department of Housing Preservation and Development,11207.0,BROOKLYN,BROOKLYN,HINSDALE STREET,40.66683945269431,-73.89940475760122,POINT (-73.899404757601 40.666839452694)
70093645,2026-08-17T08:02:59.000,WATER LEAK,SLOW LEAK,Open,HPD,Department of Housing Preservation and Development,11207.0,BROOKLYN,BROOKLYN,HINSDALE STREET,40.66683945269431,-73.89940475760122,POINT (-73.899404757601 40.666839452694)
70101537,2026-08-17T08:02:46.000,Water Maintenance,Leak,In Progress,DEP,Department of Environmental Protection,11367.0,,QUEENS,63 AVENUE,40.73963193556674,-73.82481331404752,POINT (-73.824813314048 40.739631935567)
70091592,2026-08-17T08:02:07.000,Street Condition,Pothole,Closed,DOT,Department of Transportation,11419.0,QUEENS,QUEENS,111 STREET,,,
70093016,2026-08-17T08:02:00.000,Traffic Signal Condition,Controller,Closed,DOT,Department of Transportation,11230.0,BROOKLYN,BROOKLYN,,40.61210917501823,-73.96678148542016,POINT (-73.96678148542 40.612109175018)
70098432,2026-08-17T08:00:08.000,Illegal Dumping,Removal Request,Closed,DSNY,Department of Sanitation,11412.0,SAINT ALBANS,QUEENS,118 AVENUE,40.69295564443012,-73.75354635973648,POINT (-73.753546359736 40.69295564443)
70096500,2026-08-17T07:58:53.000,WATER LEAK,SLOW LEAK,Open,HPD,Department of Housing Preservation and Development,10040.0,NEW YORK,MANHATTAN,ELLWOOD STREET,40.86187845400225,-73.92948853877418,POINT (-73.929488538774 40.861878454002)
70098954,2026-08-17T07:58:50.000,Street Condition,Cave-in,In Progress,DOT,Department of Transportation,11420.0,SOUTH OZONE PARK,QUEENS,114 STREET,40.67635416159874,-73.82489661507117,POINT (-73.824896615071 40.676354161599)
70096260,2026-08-17T07:57:29.000,Street Condition,Cave-in,In Progress,DOT,Department of Transportation,11416.0,OZONE PARK,QUEENS,102 ROAD,40.68082873750824,-73.85274756208477,POINT (-73.852747562085 40.680828737508)
70095821,2026-08-17T07:57:00.000,Traffic Signal Condition,Controller,Assigned,DOT,Department of Transportation,11419.0,QUEENS,QUEENS,,40.69117852699963,-73.82659216126076,POINT (-73.826592161261 40.691178527)
70095670,2026-08-17T07:56:37.000,Dirty Condition,Syringes,In Progress,DSNY,Department of Sanitation,10035.0,NEW YORK,MANHATTAN,EAST 118 STREET,40.80013168804337,-73.94116252065608,POINT (-73.941162520656 40.800131688043)
70093427,2026-08-17T07:56:11.000,Street Condition,Cave-in,In Progress,DOT,Department of Transportation,11361.0,,QUEENS,40 AVENUE,40.765737938055295,-73.76237068892539,POINT (-73.762370688925 40.765737938055)
70091627,2026-08-17T07:56:00.000,Traffic Signal Condition,Vehicle Signal,Assigned,DOT,Department of Transportation,,,BROOKLYN,,,,
70092557,2026-08-17T07:55:31.000,Damaged Tree,Branch or Limb Has Fallen Down,In Progress,DPR,Department of Parks and Recreation,11203.0,BROOKLYN,BROOKLYN,EAST 38 STREET,40.65391902866816,-73.94217444239705,POINT (-73.942174442397 40.653919028668)
70098538,2026-08-17T07:55:30.000,Street Condition,Pothole,Closed,DOT,Department of Transportation,11101.0,QUEENS,QUEENS,37 STREET,,,
70099257,2026-08-17T07:55:25.000,UNSANITARY CONDITION,MOLD,Open,HPD,Department of Housing Preservation and Development,11212.0,BROOKLYN,BROOKLYN,UNION STREET,40.66702701052424,-73.92176785411625,POINT (-73.921767854116 40.667027010524)
70099194,2026-08-17T07:55:25.000,WATER LEAK,SLOW LEAK,Open,HPD,Department of Housing Preservation and Development,11212.0,BROOKLYN,BROOKLYN,UNION STREET,40.66702701052424,-73.92176785411625,POINT (-73.921767854116 40.667027010524)
70096551,2026-08-17T07:55:25.000,UNSANITARY CONDITION,PESTS,Open,HPD,Department of Housing Preservation and Development,11212.0,BROOKLYN,BROOKLYN,UNION STREET,40.66702701052424,-73.92176785411625,POINT (-73.921767854116 40.667027010524)
70095066,2026-08-17T07:55:25.000,UNSANITARY CONDITION,PESTS,Open,HPD,Department of Housing Preservation and Development,11212.0,BROOKLYN,BROOKLYN,UNION STREET,40.66702701052424,-73.92176785411625,POINT (-73.921767854116 40.667027010524)
70100141,2026-08-17T07:55:21.000,Sewer Maintenance,Catch Basin Clogged,In Progress,DEP,Department of Environmental Protection,10314.0,STATEN ISLAND,STATEN ISLAND,DARCEY AVENUE,40.6083365488662,-74.15116224257189,POINT (-74.151162242572 40.608336548866)
70100704,2026-08-17T07:55:19.000,UNSANITARY CONDITION,GARBAGE/RECYCLING STORAGE,Open,HPD,Department of Housing Preservation and Development,10009.0,NEW YORK,MANHATTAN,AVENUE A,40.72275507245181,-73.98592281935046,POINT (-73.98592281935 40.722755072452)
70100954,2026-08-17T07:55:02.000,Damaged Tree,Tree Leaning/Uprooted,Closed,DPR,Department of Parks and Recreation,10017.0,NEW YORK,MANHATTAN,EAST 41 STREET,40.750585249407216,-73.97611076742338,POINT (-73.976110767423 40.750585249407)
70100369,2026-08-17T07:54:41.000,Street Condition,Cave-in,In Progress,DOT,Department of Transportation,11377.0,,QUEENS,51 ROAD,40.73591796088409,-73.89138003340014,POINT (-73.8913800334 40.735917960884)
70092562,2026-08-17T07:54:29.000,Damaged Tree,Branch Cracked and Will Fall,In Progress,DPR,Department of Parks and Recreation,11215.0,BROOKLYN,BROOKLYN,CARROLL STREET,40.67268317083553,-73.97497426397292,POINT (-73.974974263973 40.672683170836)
70100953,2026-08-17T07:54:12.000,Damaged Tree,Branch or Limb Has Fallen Down,In Progress,DPR,Department of Parks and Recreation,10025.0,NEW YORK,MANHATTAN,WEST 108 STREET,40.8021177827899,-73.9656283528906,POINT (-73.965628352891 40.80211778279)
70092589,2026-08-17T07:54:11.000,Damaged Tree,Tree Leaning/Uprooted,In Progress,DPR,Department of Parks and Recreation,10312.0,STATEN ISLAND,STATEN ISLAND,YUCCA DRIVE,40.55164650852769,-74.19899055785488,POINT (-74.198990557855 40.551646508528)
70100368,2026-08-17T07:53:23.000,Street Condition,Cave-in,In Progress,DOT,Department of Transportation,11367.0,,QUEENS,77 AVENUE,40.720461368009,-73.82585939373605,POINT (-73.825859393736 40.720461368009)
70094426,2026-08-17T07:53:00.000,Traffic Signal Condition,Controller,Closed,DOT,Department of Transportation,10128.0,MANHATTAN,MANHATTAN,,40.78356758876022,-73.947579423769,POINT (-73.947579423769 40.78356758876)
70097852,2026-08-17T07:52:52.000,UNSANITARY CONDITION,PESTS,Open,HPD,Department of Housing Preservation and Development,10040.0,NEW YORK,MANHATTAN,ELLWOOD STREET,40.8614995374538,-73.92924672138538,POINT (-73.929246721385 40.861499537454)
70096259,2026-08-17T07:51:43.000,Street Condition,Cave-in,In Progress,DOT,Department of Transportation,11362.0,,QUEENS,LEEDS ROAD,40.76704677898716,-73.72747442211649,POINT (-73.727474422116 40.767046778987)
70099127,2026-08-17T07:51:32.000,Sidewalk Condition,Broken Sidewalk,In Progress,DOT,Department of Transportation,10306.0,STATEN ISLAND,STATEN ISLAND,NEW DORP LANE,40.5728312874073,-74.11419689342874,POINT (-74.114196893429 40.572831287407)
70095712,2026-08-17T07:50:38.000,Illegal Dumping,Removal Request,In Progress,DSNY,Department of Sanitation,11207.0,BROOKLYN,BROOKLYN,SCHENCK AVENUE,40.6620441513104,-73.88460510293599,POINT (-73.884605102936 40.66204415131)
70101801,2026-08-17T07:50:28.000,Street Condition,Cave-in,In Progress,DOT,Department of Transportation,11354.0,,QUEENS,35 AVENUE,40.76657387077287,-73.81738874430405,POINT (-73.817388744304 40.766573870773)
70092553,2026-08-17T07:50:16.000,Damaged Tree,Entire Tree Has Fallen Down,In Progress,DPR,Department of Parks and Recreation,11230.0,BROOKLYN,BROOKLYN,AVENUE N,40.61532465753324,-73.96219829704629,POINT (-73.962198297046 40.615324657533)
70101569,2026-08-17T07:49:20.000,Sewer Maintenance,Catch Basin Clogged,In Progress,DEP,Department of Environmental Protection,11375.0,FOREST HILLS,QUEENS,QUEENS BOULEVARD,40.71501955534208,-73.83211419118511,POINT (-73.832114191185 40.715019555342)
70095388,2026-08-17T07:49:03.000,Damaged Tree,Tree Leaning/Uprooted,In Progress,DPR,Department of Parks and Recreation,10312.0,STATEN ISLAND,STATEN ISLAND,FORRESTAL AVENUE,40.55583629690123,-74.17820267421489,POINT (-74.178202674215 40.555836296901)
70094827,2026-08-17T07:49:01.000,Street Condition,Cave-in,In Progress,DOT,Department of Transportation,11377.0,WOODSIDE,QUEENS,62 STREET,40.75130167073858,-73.89977167853716,POINT (-73.899771678537 40.751301670739)
70091628,2026-08-17T07:49:00.000,Traffic Signal Condition,Controller,Assigned,DOT,Department of Transportation,11203.0,BROOKLYN,BROOKLYN,,40.639319432554174,-73.93679314362308,POINT (-73.936793143623 40.639319432554)
70091610,2026-08-17T07:49:00.000,Traffic Signal Condition,Controller,Closed,DOT,Department of Transportation,11417.0,QUEENS,QUEENS,,40.68108933774796,-73.84633291843679,POINT (-73.846332918437 40.681089337748)
70094330,2026-08-17T07:48:43.000,Illegal Dumping,Removal Request,In Progress,DSNY,Department of Sanitation,11102.0,ASTORIA,QUEENS,MAIN AVENUE,40.771988504556624,-73.93348650588679,POINT (-73.933486505887 40.771988504557)
70094013,2026-08-17T07:47:36.000,Damaged Tree,Entire Tree Has Fallen Down,Closed,DPR,Department of Parks and Recreation,10301.0,STATEN ISLAND,STATEN ISLAND,HEWITT AVENUE,40.60816214000578,-74.09970729484587,POINT (-74.099707294846 40.608162140006)
70092928,2026-08-17T07:47:17.000,Dirty Condition,Trash,In Progress,DSNY,Department of Sanitation,10460.0,BRONX,BRONX,MORRIS PARK AVENUE,40.840457200611326,-73.87311370218107,POINT (-73.873113702181 40.840457200611)
70101386,2026-08-17T07:47:00.000,Traffic Signal Condition,Controller,Closed,DOT,Department of Transportation,,,BROOKLYN,,,,
70096233,2026-08-17T07:46:50.000,Street Condition,Cave-in,In Progress,DOT,Department of Transportation,11234.0,,BROOKLYN,SCHENECTADY AVENUE,40.62915758093466,-73.93090166816803,POINT (-73.930901668168 40.629157580935)
70099273,2026-08-17T07:45:44.000,UNSANITARY CONDITION,GARBAGE/RECYCLING STORAGE,Open,HPD,Department of Housing Preservation and Development,11218.0,BROOKLYN,BROOKLYN,36 STREET,40.64284921845925,-73.98552529057919,POINT (-73.985525290579 40.642849218459)
70093674,2026-08-17T07:45:11.000,UNSANITARY CONDITION,PESTS,Open,HPD,Department of Housing Preservation and Development,10453.0,BRONX,BRONX,HARRISON AVENUE,40.848968448726026,-73.91481277343269,POINT (-73.914812773433 40.848968448726)
70097200,2026-08-17T07:45:00.000,Traffic Signal Condition,Controller,Closed,DOT,Department of Transportation,10013.0,MANHATTAN,MANHATTAN,,40.7181584431608,-73.99792933255202,POINT (-73.997929332552 40.718158443161)
70099949,2026-08-17T07:44:44.000,Street Condition,Pothole,Open,DOT,Department of Transportation,10026.0,MANHATTAN,MANHATTAN,WEST  111 STREET,,,
70101800,2026-08-17T07:43:24.000,Street Condition,Cave-in,In Progress,DOT,Department of Transportation,11385.0,,QUEENS,CHARLOTTE STREET,40.71200658254177,-73.91925501844025,POINT (-73.91925501844 40.712006582542)
70098498,2026-08-17T07:43:17.000,Dirty Condition,Trash,In Progress,DSNY,Department of Sanitation,11232.0,BROOKLYN,BROOKLYN,41 STREET,40.646827321390894,-73.9995855885429,POINT (-73.999585588543 40.646827321391)
70099886,2026-08-17T07:43:14.000,Illegal Dumping,Removal Request,In Progress,DSNY,Department of Sanitation,11216.0,BROOKLYN,BROOKLYN,FULTON STREET,40.68014949066453,-73.94495307742775,POINT (-73.944953077428 40.680149490665)
70102109,2026-08-17T07:42:14.000,UNSANITARY CONDITION,GARBAGE/RECYCLING STORAGE,Open,HPD,Department of Housing Preservation and Development,11354.0,FLUSHING,QUEENS,150 PLACE,40.76706025056887,-73.81430439268455,POINT (-73.814304392685 40.767060250569)
70100674,2026-08-17T07:42:10.000,UNSANITARY CONDITION,MOLD,Open,HPD,Department of Housing Preservation and Development,10458.0,BRONX,BRONX,BEAUMONT AVENUE,40.85595087652551,-73.88332518861444,POINT (-73.883325188614 40.855950876526)
70099193,2026-08-17T07:42:10.000,WATER LEAK,SLOW LEAK,Open,HPD,Department of Housing Preservation and Development,10458.0,BRONX,BRONX,BEAUMONT AVENUE,40.85595087652551,-73.88332518861444,POINT (-73.883325188614 40.855950876526)
70099134,2026-08-17T07:42:00.000,Street Light Condition,Street Light Out,Open,DOT,Department of Transportation,11233.0,BROOKLYN,BROOKLYN,,40.671899351230536,-73.92229927418927,POINT (-73.922299274189 40.671899351231)
70093400,2026-08-17T07:41:23.000,Street Condition,Plate Condition - Noisy,In Progress,DOT,Department of Transportation,11203.0,,BROOKLYN,BEVERLY ROAD,40.64673844789147,-73.92304929038478,POINT (-73.923049290385 40.646738447891)
70094826,2026-08-17T07:41:15.000,Street Condition,Cave-in,In Progress,DOT,Department of Transportation,11377.0,,QUEENS,52 AVENUE,40.73353150689862,-73.89595920929581,POINT (-73.895959209296 40.733531506899)
70094434,2026-08-17T07:40:00.000,Traffic Signal Condition,Veh Signal Lamp,Open,DOT,Department of Transportation,11420.0,QUEENS,QUEENS,,40.68129301808039,-73.82555426000988,POINT (-73.82555426001 40.68129301808)
70093187,2026-08-17T07:39:56.000,Sewer Maintenance,Catch Basin Clogged,In Progress,DEP,Department of Environmental Protection,11412.0,SAINT ALBANS,QUEENS,205 STREET,40.701067402651965,-73.75016230454536,POINT (-73.750162304545 40.701067402652)
70098950,2026-08-17T07:39:54.000,Street Condition,Cave-in,In Progress,DOT,Department of Transportation,11365.0,,QUEENS,56 AVENUE,40.74369372335629,-73.79006768366744,POINT (-73.790067683667 40.743693723356)
70098496,2026-08-17T07:39:27.000,Dirty Condition,Trash,In Progress,DSNY,Department of Sanitation,10453.0,BRONX,BRONX,SEDGWICK AVENUE,40.84673032697663,-73.92496128467603,POINT (-73.924961284676 40.846730326977)
70102708,2026-08-17T07:39:11.000,Dirty Condition,Trash,In Progress,DSNY,Department of Sanitation,10306.0,STATEN ISLAND,STATEN ISLAND,REDGRAVE AVENUE,40.554214341845615,-74.13818204109366,POINT (-74.138182041094 40.554214341846)
70097334,2026-08-17T07:38:43.000,Water Maintenance,Leak,In Progress,DEP,Department of Environmental Protection,10031.0,NEW YORK,MANHATTAN,HAMILTON PLACE,40.82337544704959,-73.95005558307902,POINT (-73.950055583079 40.82337544705)
70091589,2026-08-17T07:37:32.000,Street Condition,Pothole,Closed,DOT,Department of Transportation,10001.0,MANHATTAN,MANHATTAN,WEST   30 STREET,,,
70093998,2026-08-17T07:37:23.000,Damaged Tree,Branch or Limb Has Fallen Down,In Progress,DPR,Department of Parks and Recreation,11375.0,FOREST HILLS,QUEENS,71 AVENUE,40.71083741577199,-73.85068657448443,POINT (-73.850686574484 40.710837415772)
70101797,2026-08-17T07:37:00.000,Street Condition,Cave-in,In Progress,DOT,Department of Transportation,10033.0,NEW YORK,MANHATTAN,WEST 187 STREET,40.8529671717345,-73.9307486882681,POINT (-73.930748688268 40.852967171735)
70099909,2026-08-17T07:36:29.000,Dirty Condition,Trash,In Progress,DSNY,Department of Sanitation,10474.0,BRONX,BRONX,HUNTS POINT AVENUE,40.8187329119402,-73.88923248353724,POINT (-73.889232483537 40.81873291194)
70093740,2026-08-17T07:36:07.000,UNSANITARY CONDITION,GARBAGE/RECYCLING STORAGE,Open,HPD,Department of Housing Preservation and Development,10022.0,NEW YORK,MANHATTAN,3 AVENUE,40.75534075327671,-73.9711244137249,POINT (-73.971124413725 40.755340753277)
70100135,2026-08-17T07:35:44.000,Sewer Maintenance,Catch Basin Clogged,In Progress,DEP,Department of Environmental Protection,11215.0,BROOKLYN,BROOKLYN,CARROLL STREET,40.677936071272015,-73.98849201375178,POINT (-73.988492013752 40.677936071272)
70092995,2026-08-17T07:35:00.000,Traffic Signal Condition,Controller,Closed,DOT,Department of Transportation,10038.0,MANHATTAN,MANHATTAN,,40.71190573818784,-74.0060346719121,POINT (-74.006034671912 40.711905738188)
70102355,2026-08-17T07:34:33.000,Damaged Tree,Branch or Limb Has Fallen Down,In Progress,DPR,Department of Parks and Recreation,11216.0,BROOKLYN,BROOKLYN,MADISON STREET,40.68491619395785,-73.94880356833598,POINT (-73.948803568336 40.684916193958)
70097913,2026-08-17T07:33:41.000,UNSANITARY CONDITION,GARBAGE/RECYCLING STORAGE,Open,HPD,Department of Housing Preservation and Development,11354.0,FLUSHING,QUEENS,150 PLACE,40.76706025056887,-73.81430439268455,POINT (-73.814304392685 40.767060250569)
70100360,2026-08-17T07:33:39.000,Street Condition,Cave-in,In Progress,DOT,Department of Transportation,10001.0,NEW YORK,MANHATTAN,WEST 31 STREET,40.749357844649055,-73.99264099603946,POINT (-73.992640996039 40.749357844649)
70095040,2026-08-17T07:33:37.000,WATER LEAK,SLOW LEAK,Open,HPD,Department of Housing Preservation and Development,11211.0,BROOKLYN,BROOKLYN,SOUTH    4 STREET,40.71155378667207,-73.96200665536642,POINT (-73.962006655366 40.711553786672)
70097896,2026-08-17T07:33:37.000,UNSANITARY CONDITION,MOLD,Open,HPD,Department of Housing Preservation and Development,11211.0,BROOKLYN,BROOKLYN,SOUTH    4 STREET,40.71155378667207,-73.96200665536642,POINT (-73.962006655366 40.711553786672)
70097847,2026-08-17T07:33:37.000,WATER LEAK,DAMP SPOT,Open,HPD,Department of Housing Preservation and Development,11211.0,BROOKLYN,BROOKLYN,SOUTH    4 STREET,40.71155378667207,-73.96200665536642,POINT (-73.962006655366 40.711553786672)
70098178,2026-08-17T07:32:31.000,Damaged Tree,Entire Tree Has Fallen Down,Closed,DPR,Department of Parks and Recreation,10301.0,STATEN ISLAND,STATEN ISLAND,HAMILTON AVENUE,40.64473456198572,-74.08122210964471,POINT (-74.081222109645 40.644734561986)
70091611,2026-08-17T07:32:00.000,Traffic Signal Condition,Controller,Closed,DOT,Department of Transportation,11233.0,BROOKLYN,BROOKLYN,,40.671899351230536,-73.92229927418927,POINT (-73.922299274189 40.671899351231)
70102090,2026-08-17T07:30:35.000,UNSANITARY CONDITION,MOLD,Open,HPD,Department of Housing Preservation and Development,11209.0,BROOKLYN,BROOKLYN,73 STREET,40.63355505565199,-74.03022080037803,POINT (-74.030220800378 40.633555055652)
70092590,2026-08-17T07:29:27.000,Damaged Tree,Branch or Limb Has Fallen Down,In Progress,DPR,Department of Parks and Recreation,10312.0,STATEN ISLAND,STATEN ISLAND,DRUMGOOLE ROAD EAST,40.53996975712855,-74.1860719792875,POINT (-74.186071979287 40.539969757129)
70094424,2026-08-17T07:29:00.000,Traffic Signal Condition,Controller,Closed,DOT,Department of Transportation,10458.0,BRONX,BRONX,,40.85925614903304,-73.88673203595033,POINT (-73.88673203595 40.859256149033)
70101403,2026-08-17T07:28:00.000,Traffic Signal Condition,Veh Signal Head,Closed,DOT,Department of Transportation,11231.0,BROOKLYN,BROOKLYN,,40.67393202067912,-73.9999459243641,POINT (-73.999945924364 40.673932020679)
70092267,2026-08-17T07:27:05.000,UNSANITARY CONDITION,PESTS,Open,HPD,Department of Housing Preservation and Development,11205.0,BROOKLYN,BROOKLYN,DE KALB AVENUE,40.68954059449064,-73.97084640881243,POINT (-73.970846408812 40.689540594491)
70098441,2026-08-17T07:26:49.000,Illegal Dumping,Removal Request,Closed,DSNY,Department of Sanitation,11203.0,BROOKLYN,BROOKLYN,LINDEN BOULEVARD,40.65357995943227,-73.93433976306098,POINT (-73.934339763061 40.653579959432)
70092159,2026-08-17T07:26:38.000,Sidewalk Condition,Broken Sidewalk,In Progress,DOT,Department of Transportation,10309.0,STATEN ISLAND,STATEN ISLAND,VETERANS ROAD WEST,40.52770442743903,-74.23073262083427,POINT (-74.230732620834 40.527704427439)
70097219,2026-08-17T07:25:00.000,Traffic Signal Condition,Veh Signal Head,Open,DOT,Department of Transportation,11102.0,QUEENS,QUEENS,,40.77199663024408,-73.93329875946658,POINT (-73.933298759467 40.771996630244)
70098568,2026-08-17T07:25:00.000,Traffic Signal Condition,Pedestrian Signal,Open,DOT,Department of Transportation,11101.0,QUEENS,QUEENS,,40.7425234437093,-73.9492320482603,POINT (-73.94923204826 40.742523443709)
70094367,2026-08-17T07:24:18.000,Dirty Condition,Trash,In Progress,DSNY,Department of Sanitation,10001.0,NEW YORK,MANHATTAN,9 AVENUE,40.74961333751975,-73.99906884242213,POINT (-73.999068842422 40.74961333752)
70093007,2026-08-17T07:24:00.000,Traffic Signal Condition,Controller,Assigned,DOT,Department of Transportation,10475.0,BRONX,BRONX,,40.87846546757464,-73.82827338291027,POINT (-73.82827338291 40.878465467575)
70095058,2026-08-17T07:23:59.000,WATER LEAK,DAMP SPOT,Open,HPD,Department of Housing Preservation and Development,11230.0,BROOKLYN,BROOKLYN,CHESTNUT AVENUE,40.61726269600723,-73.96285636225417,POINT (-73.962856362254 40.617262696007)
70100604,2026-08-17T07:23:59.000,WATER LEAK,SLOW LEAK,Open,HPD,Department of Housing Preservation and Development,11230.0,BROOKLYN,BROOKLYN,CHESTNUT AVENUE,40.61726269600723,-73.96285636225417,POINT (-73.962856362254 40.617262696007)
70098552,2026-08-17T07:22:00.000,Traffic Signal Condition,Controller,Closed,DOT,Department of Transportation,10028.0,MANHATTAN,MANHATTAN,,40.782887903578114,-73.94389318687843,POINT (-73.943893186878 40.782887903578)
70095003,2026-08-17T07:21:55.000,Street Condition,"Rough, Pitted or Cracked Roads",In Progress,DOT,Department of Transportation,11377.0,WOODSIDE,QUEENS,60 STREET,40.74359280183799,-73.90433399018903,POINT (-73.904333990189 40.743592801838)
70102054,2026-08-17T07:21:14.000,UNSANITARY CONDITION,PESTS,Open,HPD,Department of Housing Preservation and Development,10451.0,BRONX,BRONX,EAST  163 STREET,40.82440513168645,-73.91002421565749,POINT (-73.910024215657 40.824405131686)
70100665,2026-08-17T07:21:14.000,UNSANITARY CONDITION,PESTS,Open,HPD,Department of Housing Preservation and Development,10451.0,BRONX,BRONX,EAST  163 STREET,40.82440513168645,-73.91002421565749,POINT (-73.910024215657 40.824405131686)
70099975,2026-08-17T07:21:00.000,Traffic Signal Condition,Support Bracket,Open,DOT,Department of Transportation,11102.0,QUEENS,QUEENS,,40.77102828133999,-73.93424562781468,POINT (-73.934245627815 40.77102828134)
70099980,2026-08-17T07:21:00.000,Traffic Signal Condition,LED Pedestrian Unit,Open,DOT,Department of Transportation,11106.0,QUEENS,QUEENS,,40.76769176659233,-73.9361839455586,POINT (-73.936183945559 40.767691766592)
70094438,2026-08-17T07:20:00.000,Traffic Signal Condition,Post,Open,DOT,Department of Transportation,11101.0,QUEENS,QUEENS,,40.74984497752663,-73.95224010975299,POINT (-73.952240109753 40.749844977527)
70099982,2026-08-17T07:20:00.000,Traffic Signal Condition,Enclosure Cap,Open,DOT,Department of Transportation,11101.0,QUEENS,QUEENS,,40.75781014138824,-73.94583099900979,POINT (-73.94583099901 40.757810141388)
70095682,2026-08-17T07:19:30.000,Dirty Condition,Trash,In Progress,DSNY,Department of Sanitation,10312.0,STATEN ISLAND,STATEN ISLAND,HUGUENOT AVENUE,40.53249669881077,-74.1920804534787,POINT (-74.192080453479 40.532496698811)
70101402,2026-08-17T07:19:00.000,Traffic Signal Condition,Veh Signal Lamp,Open,DOT,Department of Transportation,11101.0,QUEENS,QUEENS,,40.74766518898871,-73.94505608779347,POINT (-73.945056087793 40.747665188989)
70099974,2026-08-17T07:19:00.000,Traffic Signal Condition,In Post Base,Open,DOT,Department of Transportation,11102.0,QUEENS,QUEENS,,40.76791311425732,-73.92541832363537,POINT (-73.925418323635 40.767913114257)
70091621,2026-08-17T07:18:00.000,Traffic Signal Condition,LED Pedestrian Unit,Open,DOT,Department of Transportation,11105.0,QUEENS,QUEENS,,40.772292285602944,-73.9153946467064,POINT (-73.915394646706 40.772292285603)
70095739,2026-08-17T07:17:15.000,Dirty Condition,Trash,In Progress,DSNY,Department of Sanitation,11226.0,BROOKLYN,BROOKLYN,TILDEN AVENUE,40.646534031455936,-73.95755364098125,POINT (-73.957553640981 40.646534031456)
70101400,2026-08-17T07:17:00.000,Traffic Signal Condition,Veh Signal Head,Open,DOT,Department of Transportation,11105.0,QUEENS,QUEENS,,40.77972898348817,-73.90630410589331,POINT (-73.906304105893 40.779728983488)
70097215,2026-08-17T07:17:00.000,Traffic Signal Condition,Support Bracket,Open,DOT,Department of Transportation,11105.0,QUEENS,QUEENS,,40.77613137758405,-73.91069962962875,POINT (-73.910699629629 40.776131377584)
70093010,2026-08-17T07:16:00.000,Traffic Signal Condition,Veh Signal Head,Open,DOT,Department of Transportation,11101.0,QUEENS,QUEENS,,40.74402880506637,-73.92615239304685,POINT (-73.926152393047 40.744028805066)
70091788,2026-08-17T07:15:51.000,Sewer Maintenance,Catch Basin Clogged,In Progress,DEP,Department of Environmental Protection,11230.0,,BROOKLYN,EAST 18 STREET,40.61832570227493,-73.95718255841508,POINT (-73.957182558415 40.618325702275)
70092257,2026-08-17T07:14:48.000,UNSANITARY CONDITION,PESTS,Open,HPD,Department of Housing Preservation and Development,10039.0,NEW YORK,MANHATTAN,ADAM C POWELL BOULEVARD,40.82380848577038,-73.93751035676956,POINT (-73.93751035677 40.82380848577)
70102112,2026-08-17T07:14:39.000,UNSANITARY CONDITION,GARBAGE/RECYCLING STORAGE,Open,HPD,Department of Housing Preservation and Development,10002.0,NEW YORK,MANHATTAN,NORFOLK STREET,40.72042482203688,-73.98633457307703,POINT (-73.986334573077 40.720424822037)
70092994,2026-08-17T07:12:00.000,Traffic Signal Condition,Controller,Closed,DOT,Department of Transportation,,,MANHATTAN,,,,
70093150,2026-08-17T07:11:35.000,Water Maintenance,Fire Hydrant Defective,In Progress,DEP,Department of Environmental Protection,10301.0,STATEN ISLAND,STATEN ISLAND,ARNOLD PLACE,40.63818208275382,-74.09298190055851,POINT (-74.092981900559 40.638182082754)
70092926,2026-08-17T07:10:45.000,Dirty Condition,Trash,In Progress,DSNY,Department of Sanitation,10469.0,BRONX,BRONX,LACONIA AVENUE,40.87356236149609,-73.8555352540069,POINT (-73.855535254007 40.873562361496)
70100131,2026-08-17T07:07:17.000,Sewer Maintenance,Catch Basin Clogged,Closed,DEP,Department of Environmental Protection,10465.0,BRONX,BRONX,EAST TREMONT AVENUE,40.83266678445332,-73.82793265846034,POINT (-73.82793265846 40.832666784453)
70091784,2026-08-17T07:07:06.000,Sewer Maintenance,Flooding on Street,In Progress,DEP,Department of Environmental Protection,11422.0,ROSEDALE,QUEENS,137 AVENUE,40.66746174480701,-73.72898435268323,POINT (-73.728984352683 40.667461744807)
70098559,2026-08-17T07:06:00.000,Traffic Signal Condition,Controller,Closed,DOT,Department of Transportation,11432.0,QUEENS,QUEENS,,40.71249461345563,-73.78446306035745,POINT (-73.784463060357 40.712494613456)
70095822,2026-08-17T07:05:00.000,Traffic Signal Condition,Pedestrian Signal,Closed,DOT,Department of Transportation,10036.0,MANHATTAN,MANHATTAN,,40.75916447225798,-73.98839134812245,POINT (-73.988391348122 40.759164472258)
70097909,2026-08-17T07:02:22.000,UNSANITARY CONDITION,GARBAGE/RECYCLING STORAGE,Open,HPD,Department of Housing Preservation and Development,11215.0,BROOKLYN,BROOKLYN,14 STREET,40.66565861469413,-73.98777681749196,POINT (-73.987776817492 40.665658614694)
70098467,2026-08-17T06:59:56.000,Illegal Dumping,Removal Request,In Progress,DSNY,Department of Sanitation,10036.0,NEW YORK,MANHATTAN,WEST 42 STREET,40.75784724596427,-73.99122871076422,POINT (-73.991228710764 40.757847245964)
70092230,2026-08-17T06:59:40.000,WATER LEAK,SLOW LEAK,Open,HPD,Department of Housing Preservation and Development,11235.0,BROOKLYN,BROOKLYN,HOMECREST AVENUE,40.58429811390181,-73.95628992267918,POINT (-73.956289922679 40.584298113902)
70102019,2026-08-17T06:59:40.000,WATER LEAK,HEAVY FLOW,Open,HPD,Department of Housing Preservation and Development,11235.0,BROOKLYN,BROOKLYN,HOMECREST AVENUE,40.58429811390181,-73.95628992267918,POINT (-73.956289922679 40.584298113902)
70097293,2026-08-17T06:57:45.000,Dirty Condition,Trash,Closed,DSNY,Department of Sanitation,10312.0,STATEN ISLAND,STATEN ISLAND,DRUMGOOLE ROAD WEST,40.53626180213666,-74.19255177059058,POINT (-74.192551770591 40.536261802137)
70101292,2026-08-17T06:57:00.000,Dirty Condition,Trash,Closed,DSNY,Department of Sanitation,10301.0,STATEN ISLAND,STATEN ISLAND,BRIGHTON AVENUE,40.63546012172053,-74.09527319734988,POINT (-74.09527319735 40.635460121721)
70094344,2026-08-17T06:56:41.000,Dirty Condition,Trash,In Progress,DSNY,Department of Sanitation,11231.0,BROOKLYN,BROOKLYN,3 STREET,40.67765648860385,-73.9933663515394,POINT (-73.993366351539 40.677656488604)
70097825,2026-08-17T06:56:29.000,WATER LEAK,SLOW LEAK,Open,HPD,Department of Housing Preservation and Development,11230.0,BROOKLYN,BROOKLYN,EAST   14 STREET,40.62625453575505,-73.96255595573979,POINT (-73.96255595574 40.626254535755)
70100616,2026-08-17T06:56:14.000,WATER LEAK,HEAVY FLOW,Open,HPD,Department of Housing Preservation and Development,11691.0,FAR ROCKAWAY,QUEENS,EVERDELL AVENUE,40.60085369783256,-73.75082898720426,POINT (-73.750828987204 40.600853697833)
70092921,2026-08-17T06:54:37.000,Dirty Condition,Trash,In Progress,DSNY,Department of Sanitation,11215.0,BROOKLYN,BROOKLYN,14 STREET,40.66571352207079,-73.98788854997578,POINT (-73.987888549976 40.665713522071)
70101326,2026-08-17T06:53:38.000,Dirty Condition,Trash,In Progress,DSNY,Department of Sanitation,11224.0,BROOKLYN,BROOKLYN,WEST 8 STREET,40.57850696398805,-73.97631271209798,POINT (-73.976312712098 40.578506963988)
70095808,2026-08-17T06:52:00.000,Traffic Signal Condition,Controller,Closed,DOT,Department of Transportation,11413.0,QUEENS,QUEENS,,40.6797295752017,-73.7514752806726,POINT (-73.751475280673 40.679729575202)
70101565,2026-08-17T06:51:08.000,Sewer Maintenance,Flooding on Street,In Progress,DEP,Department of Environmental Protection,11413.0,SPRINGFIELD GARDENS,QUEENS,227 STREET,40.67143506561791,-73.74654941973071,POINT (-73.746549419731 40.671435065618)
70097207,2026-08-17T06:51:00.000,Traffic Signal Condition,Controller,Closed,DOT,Department of Transportation,11429.0,QUEENS,QUEENS,,40.70558135900644,-73.73971100353083,POINT (-73.739711003531 40.705581359006)
70095807,2026-08-17T06:50:00.000,Traffic Signal Condition,Controller,Closed,DOT,Department of Transportation,11429.0,QUEENS,QUEENS,,40.71146924007488,-73.73149270539649,POINT (-73.731492705396 40.711469240075)
70099971,2026-08-17T06:50:00.000,Traffic Signal Condition,Controller,Closed,DOT,Department of Transportation,11411.0,QUEENS,QUEENS,,40.702959936700005,-73.74330622684492,POINT (-73.743306226845 40.7029599367)
70091609,2026-08-17T06:49:00.000,Traffic Signal Condition,Controller,Closed,DOT,Department of Transportation,11429.0,QUEENS,QUEENS,,40.7110065868478,-73.72966578732643,POINT (-73.729665787326 40.711006586848)
70101362,2026-08-17T06:47:27.000,Street Condition,Pothole,Open,DOT,Department of Transportation,11224.0,BROOKLYN,BROOKLYN,WEST   33 STREET,,,
70092266,2026-08-17T06:46:17.000,UNSANITARY CONDITION,PESTS,Open,HPD,Department of Housing Preservation and Development,10128.0,NEW YORK,MANHATTAN,EAST   92 STREET,40.781374823910745,-73.9481949962763,POINT (-73.948194996276 40.781374823911)
70097872,2026-08-17T06:46:17.000,UNSANITARY CONDITION,PESTS,Open,HPD,Department of Housing Preservation and Development,10128.0,NEW YORK,MANHATTAN,EAST   92 STREET,40.781374823910745,-73.9481949962763,POINT (-73.948194996276 40.781374823911)
70094318,2026-08-17T06:46:07.000,Dirty Condition,Trash,Closed,DSNY,Department of Sanitation,10314.0,STATEN ISLAND,STATEN ISLAND,RICHMOND AVENUE,40.58751283172037,-74.1681521201919,POINT (-74.168152120192 40.58751283172)
70101396,2026-08-17T06:45:00.000,Traffic Signal Condition,Controller,Closed,DOT,Department of Transportation,11411.0,QUEENS,QUEENS,,40.702959936700005,-73.74330622684492,POINT (-73.743306226845 40.7029599367)
70096557,2026-08-17T06:44:22.000,UNSANITARY CONDITION,PESTS,Open,HPD,Department of Housing Preservation and Development,11223.0,BROOKLYN,BROOKLYN,OCEAN PARKWAY,40.60889799802224,-73.96759702920683,POINT (-73.967597029207 40.608897998022)
70091616,2026-08-17T06:44:00.000,Traffic Signal Condition,Controller,Closed,DOT,Department of Transportation,11429.0,QUEENS,QUEENS,,40.70558135900644,-73.73971100353083,POINT (-73.739711003531 40.705581359006)
70101399,2026-08-17T06:43:00.000,Traffic Signal Condition,Controller,Assigned,DOT,Department of Transportation,,,BROOKLYN,,,,
70100363,2026-08-17T06:41:42.000,Street Condition,Blocked - Construction,Closed,DOT,Department of Transportation,10013.0,,MANHATTAN,GRAND STREET,40.72238532906574,-74.00376640056474,POINT (-74.003766400565 40.722385329066)
70095094,2026-08-17T06:41:22.000,UNSANITARY CONDITION,PESTS,Open,HPD,Department of Housing Preservation and Development,11223.0,BROOKLYN,BROOKLYN,OCEAN PARKWAY,40.60889799802224,-73.96759702920683,POINT (-73.967597029207 40.608897998022)
70101385,2026-08-17T06:40:00.000,Traffic Signal Condition,Controller,Closed,DOT,Department of Transportation,11233.0,BROOKLYN,BROOKLYN,,40.671899351230536,-73.92229927418927,POINT (-73.922299274189 40.671899351231)
70094429,2026-08-17T06:38:00.000,Traffic Signal Condition,Controller,Closed,DOT,Department of Transportation,11411.0,QUEENS,QUEENS,,40.70281021256806,-73.74386222276235,POINT (-73.743862222762 40.702810212568)
70096790,2026-08-17T06:34:38.000,Damaged Tree,Entire Tree Has Fallen Down,In Progress,DPR,Department of Parks and Recreation,11229.0,BROOKLYN,BROOKLYN,EAST 29 STREET,40.606369222821016,-73.94404513607138,POINT (-73.944045136071 40.606369222821)
70092564,2026-08-17T06:33:55.000,Damaged Tree,Branch Cracked and Will Fall,In Progress,DPR,Department of Parks and Recreation,11223.0,BROOKLYN,BROOKLYN,HIGHLAWN AVENUE,40.6029945218241,-73.98309591046308,POINT (-73.983095910463 40.602994521824)
70092927,2026-08-17T06:32:30.000,Dirty Condition,Trash,In Progress,DSNY,Department of Sanitation,11205.0,BROOKLYN,BROOKLYN,CLASSON AVENUE,40.6913627802924,-73.96050004079164,POINT (-73.960500040792 40.691362780292)
70101564,2026-08-17T06:31:55.000,Sewer Maintenance,Flooding on Street,In Progress,DEP,Department of Environmental Protection,11429.0,QUEENS VILLAGE,QUEENS,216 STREET,40.71322121816542,-73.74266430982723,POINT (-73.742664309827 40.713221218165)
70100149,2026-08-17T06:31:18.000,Sewer Maintenance,Backup,Closed,DEP,Department of Environmental Protection,11413.0,SPRINGFIELD GARDENS,QUEENS,THURSTON STREET,40.67413057106267,-73.76070709105143,POINT (-73.760707091051 40.674130571063)
70100705,2026-08-17T06:31:17.000,UNSANITARY CONDITION,GARBAGE/RECYCLING STORAGE,Open,HPD,Department of Housing Preservation and Development,10462.0,BRONX,BRONX,PURDY STREET,40.83497956803123,-73.8529954324136,POINT (-73.852995432414 40.834979568031)
70099969,2026-08-17T06:28:00.000,Traffic Signal Condition,Controller,Closed,DOT,Department of Transportation,10308.0,STATEN ISLAND,STATEN ISLAND,,40.56739356360024,-74.15228255738663,POINT (-74.152282557387 40.5673935636)
70093008,2026-08-17T06:26:00.000,Traffic Signal Condition,Controller,Assigned,DOT,Department of Transportation,,,BROOKLYN,,,,
70095954,2026-08-17T06:23:50.000,Water Maintenance,Fire Hydrant Running Full,In Progress,DEP,Department of Environmental Protection,10029.0,,MANHATTAN,EAST 111 STREET,40.79543684556384,-73.94394761976524,POINT (-73.943947619765 40.795436845564)
70092157,2026-08-17T06:22:46.000,Sidewalk Condition,Broken Sidewalk,In Progress,DOT,Department of Transportation,11221.0,BROOKLYN,BROOKLYN,GREENE AVENUE,40.69100422073542,-73.92845042573668,POINT (-73.928450425737 40.691004220735)
70102723,2026-08-17T06:21:02.000,Dirty Condition,Trash,In Progress,DSNY,Department of Sanitation,11221.0,BROOKLYN,BROOKLYN,GREENE AVENUE,40.69098783276048,-73.92858025808955,POINT (-73.92858025809 40.69098783276)
70102668,2026-08-17T06:19:47.000,Dirty Condition,Trash,In Progress,DSNY,Department of Sanitation,10312.0,STATEN ISLAND,STATEN ISLAND,HUGUENOT AVENUE,40.53398313581327,-74.19282940840446,POINT (-74.192829408404 40.533983135813)
70092925,2026-08-17T06:19:44.000,Dirty Condition,Trash,In Progress,DSNY,Department of Sanitation,11221.0,BROOKLYN,BROOKLYN,GREENE AVENUE,40.69100422073542,-73.92845042573668,POINT (-73.928450425737 40.691004220735)
70095805,2026-08-17T06:19:00.000,Traffic Signal Condition,Controller,Closed,DOT,Department of Transportation,11234.0,BROOKLYN,BROOKLYN,,40.613706335190805,-73.92956699024631,POINT (-73.929566990246 40.613706335191)
70095700,2026-08-17T06:15:51.000,Dirty Condition,Trash,Closed,DSNY,Department of Sanitation,10309.0,STATEN ISLAND,STATEN ISLAND,DRUMGOOLE ROAD WEST,40.53302179336256,-74.20120869546025,POINT (-74.20120869546 40.533021793363)
70095730,2026-08-17T06:13:28.000,Dirty Condition,Trash,In Progress,DSNY,Department of Sanitation,10461.0,BRONX,BRONX,HOBART AVENUE,40.84850069231833,-73.83141584687485,POINT (-73.831415846875 40.848500692318)
70095729,2026-08-17T06:11:14.000,Dirty Condition,Trash,In Progress,DSNY,Department of Sanitation,10309.0,,STATEN ISLAND,DRUMGOOLE ROAD WEST,40.52864830788768,-74.21682543643178,POINT (-74.216825436432 40.528648307888)
70098563,2026-08-17T06:09:00.000,Traffic Signal Condition,Cable,Closed,DOT,Department of Transportation,11201.0,BROOKLYN,BROOKLYN,,40.69502230577376,-73.98884607669734,POINT (-73.988846076697 40.695022305774)
70098554,2026-08-17T06:09:00.000,Traffic Signal Condition,Controller,Closed,DOT,Department of Transportation,11221.0,BROOKLYN,BROOKLYN,,40.69262605373132,-73.92367066320266,POINT (-73.923670663203 40.692626053731)
70097202,2026-08-17T06:07:00.000,Traffic Signal Condition,Controller,Closed,DOT,Department of Transportation,11232.0,BROOKLYN,BROOKLYN,,40.65720250395479,-74.00467817155801,POINT (-74.004678171558 40.657202503955)
70100949,2026-08-17T06:06:27.000,Damaged Tree,Entire Tree Has Fallen Down,Closed,DPR,Department of Parks and Recreation,11230.0,BROOKLYN,BROOKLYN,H AVENUE,40.63010496371797,-73.96101545307265,POINT (-73.961015453073 40.630104963718)
70099966,2026-08-17T06:05:00.000,Traffic Signal Condition,Controller,Closed,DOT,Department of Transportation,11207.0,BROOKLYN,BROOKLYN,,40.65611863977343,-73.89664938435196,POINT (-73.896649384352 40.656118639773)
70095804,2026-08-17T06:03:00.000,Traffic Signal Condition,Controller,Closed,DOT,Department of Transportation,11219.0,BROOKLYN,BROOKLYN,,40.643300130902006,-73.9942598038732,POINT (-73.994259803873 40.643300130902)
70097201,2026-08-17T06:01:00.000,Traffic Signal Condition,Controller,Closed,DOT,Department of Transportation,11224.0,BROOKLYN,BROOKLYN,,40.57835804925728,-73.99050350675897,POINT (-73.990503506759 40.578358049257)
70100129,2026-08-17T05:55:45.000,Sewer Maintenance,Flooding on Street,In Progress,DEP,Department of Environmental Protection,11215.0,,BROOKLYN,19 STREET,40.65981773181019,-73.98783916049207,POINT (-73.987839160492 40.65981773181)
70094425,2026-08-17T05:55:00.000,Traffic Signal Condition,Controller,Closed,DOT,Department of Transportation,10011.0,MANHATTAN,MANHATTAN,,40.73066906064931,-73.99885262043178,POINT (-73.998852620432 40.730669060649)
70100941,2026-08-17T05:53:21.000,Damaged Tree,Branch or Limb Has Fallen Down,In Progress,DPR,Department of Parks and Recreation,11229.0,BROOKLYN,BROOKLYN,EAST 29 STREET,40.606468044208754,-73.94406306024753,POINT (-73.944063060248 40.606468044209)
70100644,2026-08-17T05:52:06.000,UNSANITARY CONDITION,PESTS,Open,HPD,Department of Housing Preservation and Development,10457.0,BRONX,BRONX,ANTHONY AVENUE,40.8468244046292,-73.9037951703778,POINT (-73.903795170378 40.846824404629)
70101384,2026-08-17T05:50:00.000,Traffic Signal Condition,Controller,Closed,DOT,Department of Transportation,10002.0,MANHATTAN,MANHATTAN,,40.715667060433,-73.97906323213479,POINT (-73.979063232135 40.715667060433)
70099941,2026-08-17T05:45:23.000,Street Condition,Pothole,Open,DOT,Department of Transportation,10454.0,BRONX,BRONX,EAST  137 STREET,,,
70099898,2026-08-17T05:27:18.000,Dirty Condition,Trash,In Progress,DSNY,Department of Sanitation,11214.0,BROOKLYN,BROOKLYN,25 AVENUE,40.59834256888229,-73.98674126094316,POINT (-73.986741260943 40.598342568882)
70098528,2026-08-17T05:25:32.000,Street Condition,Pothole,Open,DOT,Department of Transportation,11211.0,BROOKLYN,BROOKLYN,,40.704211281536665,-73.9612209771036,POINT (-73.961220977104 40.704211281537)
70096508,2026-08-17T05:25:15.000,WATER LEAK,HEAVY FLOW,Open,HPD,Department of Housing Preservation and Development,10033.0,NEW YORK,MANHATTAN,WEST  181 STREET,40.848966668092416,-73.93290711292524,POINT (-73.932907112925 40.848966668092)
70096504,2026-08-17T05:25:15.000,WATER LEAK,SLOW LEAK,Open,HPD,Department of Housing Preservation and Development,10033.0,NEW YORK,MANHATTAN,WEST  181 STREET,40.848966668092416,-73.93290711292524,POINT (-73.932907112925 40.848966668092)
70093669,2026-08-17T05:25:15.000,WATER LEAK,DAMP SPOT,Open,HPD,Department of Housing Preservation and Development,10033.0,NEW YORK,MANHATTAN,WEST  181 STREET,40.848966668092416,-73.93290711292524,POINT (-73.932907112925 40.848966668092)
70101948,2026-08-17T05:25:00.000,Street Light Condition,Traffic Signal Light,Assigned,DOT,Department of Transportation,10172.0,MANHATTAN,MANHATTAN,,40.7553005625042,-73.97534387376678,POINT (-73.975343873767 40.755300562504)
70097768,2026-08-17T05:25:00.000,Street Light Condition,Traffic Signal Light,Assigned,DOT,Department of Transportation,10016.0,MANHATTAN,MANHATTAN,,40.74843176574406,-73.98247072801945,POINT (-73.982470728019 40.748431765744)
70100629,2026-08-17T05:21:48.000,UNSANITARY CONDITION,PESTS,Open,HPD,Department of Housing Preservation and Development,10453.0,BRONX,BRONX,EAST  182 STREET,40.85691354986719,-73.90332870621151,POINT (-73.903328706212 40.856913549867)
70094401,2026-08-17T05:18:46.000,Street Condition,Pothole,Open,DOT,Department of Transportation,11222.0,BROOKLYN,BROOKLYN,VARICK AVENUE,,,
70101950,2026-08-17T05:14:00.000,Street Light Condition,Street Light Out,Open,DOT,Department of Transportation,11235.0,BROOKLYN,BROOKLYN,,40.58743320892039,-73.96597647513566,POINT (-73.965976475136 40.58743320892)
70091615,2026-08-17T05:13:00.000,Traffic Signal Condition,Controller,Closed,DOT,Department of Transportation,11362.0,QUEENS,QUEENS,,40.75962591908786,-73.73138881943841,POINT (-73.731388819438 40.759625919088)
70095957,2026-08-17T05:11:58.000,Water Maintenance,Fire Hydrant Running Full,In Progress,DEP,Department of Environmental Protection,11208.0,BROOKLYN,BROOKLYN,CHESTNUT STREET,40.6778842231484,-73.87408999482827,POINT (-73.874089994828 40.677884223148)
70093693,2026-08-17T05:09:29.000,UNSANITARY CONDITION,PESTS,Open,HPD,Department of Housing Preservation and Development,10461.0,BRONX,BRONX,BUHRE AVENUE,40.847304709563886,-73.83379718271301,POINT (-73.833797182713 40.847304709564)
